$MeshFormat
2.2 0 8
$EndMeshFormat
$PhysicalNames
7
2 3 "fluid_int"
2 4 "fluid_out"
2 5 "Darcy_D"
2 6 "Darcy_N"
2 7 "interface"
3 1 "fluid"
3 2 "darcy"
$EndPhysicalNames
$Nodes
2494
1 0 0 0
2 1 0 0
3 1 0 1
4 0 0 1
5 0.4 1 0.4
6 0.6 1 0.4
7 0.6 1 0.6
8 0.4 1 0.6
9 0 1 0
10 1 1 0
11 1 1 1
12 0 1 1
13 0.07692307692307693 0 0
14 0.1538461538461539 0 0
15 0.2307692307692308 0 0
16 0.3076923076923077 0 0
17 0.3846153846153847 0 0
18 0.4615384615384615 0 0
19 0.5384615384615384 0 0
20 0.6153846153846154 0 0
21 0.6923076923076924 0 0
22 0.7692307692307694 0 0
23 0.8461538461538463 0 0
24 0.923076923076923 0 0
25 1 0 0.07692307692307693
26 1 0 0.1538461538461539
27 1 0 0.2307692307692308
28 1 0 0.3076923076923077
29 1 0 0.3846153846153847
30 1 0 0.4615384615384615
31 1 0 0.5384615384615384
32 1 0 0.6153846153846154
33 1 0 0.6923076923076924
34 1 0 0.7692307692307694
35 1 0 0.8461538461538463
36 1 0 0.923076923076923
37 0.9230769230769231 0 1
38 0.8461538461538461 0 1
39 0.7692307692307693 0 1
40 0.6923076923076923 0 1
41 0.6153846153846153 0 1
42 0.5384615384615385 0 1
43 0.4615384615384616 0 1
44 0.3846153846153846 0 1
45 0.3076923076923076 0 1
46 0.2307692307692306 0 1
47 0.1538461538461537 0 1
48 0.07692307692307698 0 1
49 0 0 0.9230769230769231
50 0 0 0.8461538461538461
51 0 0 0.7692307692307693
52 0 0 0.6923076923076923
53 0 0 0.6153846153846153
54 0 0 0.5384615384615385
55 0 0 0.4615384615384616
56 0 0 0.3846153846153846
57 0 0 0.3076923076923076
58 0 0 0.2307692307692306
59 0 0 0.1538461538461537
60 0 0 0.07692307692307698
61 0.4666666666666668 1 0.4
62 0.5333333333333334 1 0.4
63 0.6 1 0.4666666666666668
64 0.6 1 0.5333333333333334
65 0.5333333333333332 1 0.6
66 0.4666666666666666 1 0.6
67 0.4 1 0.5333333333333332
68 0.4 1 0.4666666666666666
69 0.02666666666666659 0.06666666666666647 0.02666666666666659
70 0.05333333333333318 0.133333333333333 0.05333333333333318
71 0.07999999999999978 0.1999999999999995 0.07999999999999978
72 0.1066666666666664 0.266666666666666 0.1066666666666664
73 0.133333333333333 0.3333333333333325 0.133333333333333
74 0.1599999999999996 0.399999999999999 0.1599999999999996
75 0.1866666666666662 0.4666666666666655 0.1866666666666662
76 0.2133333333333328 0.533333333333332 0.2133333333333328
77 0.2399999999999995 0.5999999999999988 0.2399999999999995
78 0.2666666666666663 0.6666666666666656 0.2666666666666663
79 0.2933333333333329 0.7333333333333323 0.2933333333333329
80 0.3199999999999997 0.7999999999999993 0.3199999999999997
81 0.3466666666666665 0.8666666666666661 0.3466666666666665
82 0.3733333333333332 0.9333333333333331 0.3733333333333332
83 0.9733333333333334 0.06666666666666647 0.02666666666666659
84 0.9466666666666668 0.133333333333333 0.05333333333333318
85 0.9200000000000003 0.1999999999999995 0.07999999999999978
86 0.8933333333333336 0.266666666666666 0.1066666666666664
87 0.8666666666666669 0.3333333333333325 0.133333333333333
88 0.8400000000000004 0.399999999999999 0.1599999999999996
89 0.8133333333333338 0.4666666666666655 0.1866666666666662
90 0.7866666666666672 0.533333333333332 0.2133333333333328
91 0.7600000000000005 0.5999999999999988 0.2399999999999995
92 0.7333333333333337 0.6666666666666656 0.2666666666666663
93 0.706666666666667 0.7333333333333323 0.2933333333333329
94 0.6800000000000003 0.7999999999999993 0.3199999999999997
95 0.6533333333333335 0.8666666666666661 0.3466666666666665
96 0.6266666666666667 0.9333333333333331 0.3733333333333332
97 0.9733333333333334 0.06666666666666647 0.9733333333333334
98 0.9466666666666668 0.133333333333333 0.9466666666666668
99 0.9200000000000003 0.1999999999999995 0.9200000000000003
100 0.8933333333333336 0.266666666666666 0.8933333333333336
101 0.8666666666666669 0.3333333333333325 0.8666666666666669
102 0.8400000000000004 0.399999999999999 0.8400000000000004
103 0.8133333333333338 0.4666666666666655 0.8133333333333338
104 0.7866666666666672 0.533333333333332 0.7866666666666672
105 0.7600000000000005 0.5999999999999988 0.7600000000000005
106 0.7333333333333337 0.6666666666666656 0.7333333333333337
107 0.706666666666667 0.7333333333333323 0.706666666666667
108 0.6800000000000003 0.7999999999999993 0.6800000000000003
109 0.6533333333333335 0.8666666666666661 0.6533333333333335
110 0.6266666666666667 0.9333333333333331 0.6266666666666667
111 0.02666666666666659 0.06666666666666647 0.9733333333333334
112 0.05333333333333318 0.133333333333333 0.9466666666666668
113 0.07999999999999978 0.1999999999999995 0.9200000000000003
114 0.1066666666666664 0.266666666666666 0.8933333333333336
115 0.133333333333333 0.3333333333333325 0.8666666666666669
116 0.1599999999999996 0.399999999999999 0.8400000000000004
117 0.1866666666666662 0.4666666666666655 0.8133333333333338
118 0.2133333333333328 0.533333333333332 0.7866666666666672
119 0.2399999999999995 0.5999999999999988 0.7600000000000005
120 0.2666666666666663 0.6666666666666656 0.7333333333333337
121 0.2933333333333329 0.7333333333333323 0.706666666666667
122 0.3199999999999997 0.7999999999999993 0.6800000000000003
123 0.3466666666666665 0.8666666666666661 0.6533333333333335
124 0.3733333333333332 0.9333333333333331 0.6266666666666667
125 0 0.07692307692307693 1
126 0 0.1538461538461539 1
127 0 0.2307692307692308 1
128 0 0.3076923076923077 1
129 0 0.3846153846153847 1
130 0 0.4615384615384615 1
131 0 0.5384615384615384 1
132 0 0.6153846153846154 1
133 0 0.6923076923076924 1
134 0 0.7692307692307694 1
135 0 0.8461538461538463 1
136 0 0.923076923076923 1
137 0.04999999999999992 1 0.9500000000000001
138 0.09999999999999989 1 0.9000000000000001
139 0.1499999999999997 1 0.8500000000000003
140 0.1999999999999995 1 0.8000000000000005
141 0.2499999999999995 1 0.7500000000000004
142 0.2999999999999997 1 0.7000000000000003
143 0.3499999999999999 1 0.6500000000000001
144 0.6499999999999999 1 0.6499999999999999
145 0.6999999999999998 1 0.6999999999999998
146 0.7499999999999998 1 0.7499999999999998
147 0.7999999999999995 1 0.7999999999999995
148 0.8499999999999995 1 0.8499999999999995
149 0.8999999999999997 1 0.8999999999999997
150 0.9499999999999998 1 0.9499999999999998
151 1 0.9230769230769231 1
152 1 0.8461538461538461 1
153 1 0.7692307692307693 1
154 1 0.6923076923076923 1
155 1 0.6153846153846153 1
156 1 0.5384615384615385 1
157 1 0.4615384615384616 1
158 1 0.3846153846153846 1
159 1 0.3076923076923076 1
160 1 0.2307692307692306 1
161 1 0.1538461538461537 1
162 1 0.07692307692307698 1
163 0.07692307692307693 1 1
164 0.1538461538461539 1 1
165 0.2307692307692308 1 1
166 0.3076923076923077 1 1
167 0.3846153846153847 1 1
168 0.4615384615384615 1 1
169 0.5384615384615384 1 1
170 0.6153846153846154 1 1
171 0.6923076923076924 1 1
172 0.7692307692307694 1 1
173 0.8461538461538463 1 1
174 0.923076923076923 1 1
175 0.9500000000000001 1 0.04999999999999992
176 0.9000000000000001 1 0.09999999999999989
177 0.8500000000000003 1 0.1499999999999997
178 0.8000000000000005 1 0.1999999999999995
179 0.7500000000000004 1 0.2499999999999995
180 0.7000000000000003 1 0.2999999999999997
181 0.6500000000000001 1 0.3499999999999999
182 1 0.9230769230769231 0
183 1 0.8461538461538461 0
184 1 0.7692307692307693 0
185 1 0.6923076923076923 0
186 1 0.6153846153846153 0
187 1 0.5384615384615385 0
188 1 0.4615384615384616 0
189 1 0.3846153846153846 0
190 1 0.3076923076923076 0
191 1 0.2307692307692306 0
192 1 0.1538461538461537 0
193 1 0.07692307692307698 0
194 1 1 0.9230769230769231
195 1 1 0.8461538461538461
196 1 1 0.7692307692307693
197 1 1 0.6923076923076923
198 1 1 0.6153846153846153
199 1 1 0.5384615384615385
200 1 1 0.4615384615384616
201 1 1 0.3846153846153846
202 1 1 0.3076923076923076
203 1 1 0.2307692307692306
204 1 1 0.1538461538461537
205 1 1 0.07692307692307698
206 0.3500000000000001 1 0.3500000000000001
207 0.3000000000000002 1 0.3000000000000002
208 0.2500000000000003 1 0.2500000000000003
209 0.2000000000000005 1 0.2000000000000005
210 0.1500000000000005 1 0.1500000000000005
211 0.1000000000000003 1 0.1000000000000003
212 0.05000000000000016 1 0.05000000000000016
213 0 0.9230769230769231 0
214 0 0.8461538461538461 0
215 0 0.7692307692307693 0
216 0 0.6923076923076923 0
217 0 0.6153846153846153 0
218 0 0.5384615384615385 0
219 0 0.4615384615384616 0
220 0 0.3846153846153846 0
221 0 0.3076923076923076 0
222 0 0.2307692307692306 0
223 0 0.1538461538461537 0
224 0 0.07692307692307698 0
225 0.07692307692307693 1 0
226 0.1538461538461539 1 0
227 0.2307692307692308 1 0
228 0.3076923076923077 1 0
229 0.3846153846153847 1 0
230 0.4615384615384615 1 0
231 0.5384615384615384 1 0
232 0.6153846153846154 1 0
233 0.6923076923076924 1 0
234 0.7692307692307694 1 0
235 0.8461538461538463 1 0
236 0.923076923076923 1 0
237 0 1 0.07692307692307693
238 0 1 0.1538461538461539
239 0 1 0.2307692307692308
240 0 1 0.3076923076923077
241 0 1 0.3846153846153847
242 0 1 0.4615384615384615
243 0 1 0.5384615384615384
244 0 1 0.6153846153846154
245 0 1 0.6923076923076924
246 0 1 0.7692307692307694
247 0 1 0.8461538461538463
248 0 1 0.923076923076923
249 0.3524828627932238 0 0.1553540123344928
250 0.3331386648430277 0 0.071992450147877
251 0.2741959635996833 0 0.1282056851807934
252 0.6360135721449699 0 0.9336923045975708
253 0.5344308804870207 0 0.9389561954579609
254 0.2717758342235927 0 0.06150070939810016
255 0.05559739682274091 0 0.1903279358462723
256 0.8023584298531666 0 0.05903350060344837
257 0.5576901579812289 0 0.09548066617505779
258 0.5712021779938361 0 0.04273485282537553
259 0.50886834276949 0 0.0546872475231483
260 0.2596700018231635 0 0.4515703259595865
261 0.2177150532446724 0 0.4052377080397328
262 0.1888567816315088 0 0.4774736542821025
263 0.3894225653332922 0 0.5534338567707652
264 0.3423419316312645 0 0.4710416025926759
265 0.3225422999757552 0 0.543898052599202
266 0.4935169727349199 0 0.307270825345063
267 0.4226840111686772 0 0.3289045300877287
268 0.4723672584100388 0 0.3855917362400703
269 0.3935151594550879 0 0.3895082551474894
270 0.1458010040351162 0 0.414009554728883
271 0.6430455953657688 0 0.4338366562231361
272 0.5777866237271849 0 0.3646126615241939
273 0.5386062872457652 0 0.4451049930555922
274 0.3650454741770356 0 0.2212938434573034
275 0.4382873947193799 0 0.1765314902790023
276 0.3071263662974971 0 0.2202940039098092
277 0.7809089666923729 0 0.4899064837289082
278 0.7187448401530775 0 0.5613291049190445
279 0.817658391965264 0 0.5582114868426646
280 0.7782727115481918 0 0.638364691534656
281 0.8161884043296532 0 0.4290168930031296
282 0.7324609374999878 0 0.4170222355769346
283 0.7814031238945673 0 0.358801429040346
284 0.1870810439560467 0 0.08602335164834884
285 0.5046432421519604 0 0.2317671406708551
286 0.5747335945485845 0 0.2769130486217627
287 0.423226864967076 0 0.2632111117083635
288 0.5075840508305682 0 0.5948461151751692
289 0.4419986254024877 0 0.6096997424394377
290 0.4942627445781955 0 0.6615452572181947
291 0.1980790528829007 0 0.1585422404491751
292 0.4255887822703225 0 0.6806474975039229
293 0.6027832209772465 0 0.731842912503927
294 0.573314776564943 0 0.6539350381965983
295 0.540346138133232 0 0.7054913898628744
296 0.9332566809029361 0 0.06941735871001466
297 0.9423076923076892 0 0.1538461538461589
298 0.1192343775177277 0 0.1432969895888535
299 0.09029432915606926 0 0.4542964794934766
300 0.1336627251846073 0 0.5236486805661542
301 0.06806423426806785 0 0.5264130343052226
302 0.4433928154493756 0 0.4717424776450124
303 0.681060052081411 0 0.3665999704200692
304 0.6971895032051137 0 0.4784755608974479
305 0.6122761697855904 0 0.1352142452068298
306 0.6356062353723134 0 0.06350635042865399
307 0.1212107965598428 0 0.5885002774085627
308 0.1667761937991297 0 0.643459280896167
309 0.1998874843075479 0 0.5715599573414056
310 0.7833767090723098 0 0.2173080186125439
311 0.8011563687540034 0 0.2777913824227317
312 0.8603783922150898 0 0.2080575239441831
313 0.04533938911101612 0 0.1238526412668355
314 0.8897021407681988 0 0.5579808318976226
315 0.8683056000027426 0 0.6194558989997777
316 0.9390833624400038 0 0.5965319754302608
317 0.05743286281860697 0 0.06365318438071936
318 0.115955000620042 0 0.0563878097813621
319 0.09829800586896226 0 0.819223165691086
320 0.04329049641725661 0 0.7584367808164747
321 0.3140508079377933 0 0.6479096314886053
322 0.3635784221954588 0 0.7032660260053708
323 0.3783753167708932 0 0.6291317498928521
324 0.06167400321239171 0 0.8913413915779975
325 0.2463399765610496 0 0.6476883023174185
326 0.2310784652268934 0 0.7085367540445682
327 0.6482079898695864 0 0.6060434724611938
328 0.6446127610602996 0 0.521170420100375
329 0.8320287339703724 0 0.9552713433756004
330 0.2923205235081747 0 0.7245634051428848
331 0.536780576560028 0 0.8306707943501668
332 0.5907731838455189 0 0.8729191187428741
333 0.6020703787952755 0 0.8033749149888081
334 0.2319651319462953 0 0.3486341025179391
335 0.1708648118461046 0 0.3545633458783998
336 0.6620083501385291 0 0.8600332722582482
337 0.7372401521584485 0 0.8465870966049125
338 0.6798401188276598 0 0.7736629209295884
339 0.7666940610511054 0 0.776859872275848
340 0.5341009548207989 0 0.8743265864232608
341 0.936024373002815 0 0.6682032162795808
342 0.3295401439223426 0 0.8667896212173654
343 0.2501201674440703 0 0.8535844667875717
344 0.2590802462098521 0 0.9290768192320735
345 0.297011320007618 0 0.3819116221353583
346 0.351292946770241 0 0.3055679354855524
347 0.2005993118065121 0 0.2948811404706233
348 0.1210986625878082 0 0.2989205889411601
349 0.4190014629402298 0 0.7476371245424691
350 0.3534800926613105 0 0.7805377195804877
351 0.1279704298275048 0 0.8890045573343003
352 0.6847687656882746 0 0.1161865761226425
353 0.7268148214868245 0 0.06260568023002445
354 0.7766170364687356 0 0.1369076542253845
355 0.4793087508967358 0 0.7236355887979975
356 0.1052913679438892 0 0.3782928578571814
357 0.4727199130883415 0 0.8754531073410228
358 0.4755635073406083 0 0.7896056031883808
359 0.2972662734479602 0 0.8091061866839333
360 0.6879529206789513 0 0.1866831984155304
361 0.7300519363706173 0 0.7035210708439297
362 0.6590679498082266 0 0.6881483272712146
363 0.9166915912174949 0 0.9500945654915566
364 0.3363708761756929 0 0.9421350617158726
365 0.3913711476855062 0 0.9105168931178242
366 0.1756081129696371 0 0.943049449498176
367 0.1974989913204003 0 0.8901535489526038
368 0.2817241956056955 0 0.5804594120565144
369 0.264032016938017 0 0.517765758877871
370 0.3351907903705079 0 0.596789632698184
371 0.1706075116719637 0 0.7701656896132261
372 0.2378295139529006 0 0.786130768869677
373 0.08448362584470567 0 0.9500617714700652
374 0.6534706080085624 0 0.2563584648921887
375 0.7271007489332802 0 0.2486251692703574
376 0.05523730393852666 0 0.585998042035705
377 0.08055375150177271 0 0.6682784849955643
378 0.7095471381525753 0 0.3049847820087908
379 0.1803874366809666 0 0.8347103662080776
380 0.7881499176556568 0 0.912626506595143
381 0.8092600492136464 0 0.8417046888116348
382 0.7185463209388827 0 0.9251764132135356
383 0.4270425613854161 0 0.08158702597000228
384 0.8783217022916081 0 0.8310368492369281
385 0.8481953242793905 0 0.7820463757907286
386 0.1090298093364951 0 0.7487394208720163
387 0.1507471034465915 0 0.7126143863136065
388 0.862803976806892 0 0.1351447330954285
389 0.8713514932261208 0 0.05059018839541524
390 0.8652028634156528 0 0.8964105169266854
391 0.8785480101495604 0 0.4982863689775474
392 0.8207940286407573 0 0.1743544824693851
393 0.8425448182857957 0 0.695505282039707
394 0.7931517703070199 0 0.7192594584969745
395 0.1080363824964833 0 0.2274769807636678
396 0.1696443838034227 0 0.2309957725313111
397 0.2373885335842691 0 0.2235640161090428
398 0.2736351628265698 0 0.3065766960655815
399 0.8630398511719555 0 0.3251319990497523
400 0.4489351574829362 0 0.9449852391833665
401 0.9336513106092497 0 0.8694465919745815
402 0.5186997238982365 0 0.5187668444060486
403 0.4528326421176692 0 0.5470012960364771
404 0.8835115434914851 0 0.260852346076308
405 0.6296045853304594 0 0.3113066022161117
406 0.5781275014746036 0 0.5651402454390795
407 0.9357324712435848 0 0.2782501569538726
408 0.9416917067307573 0 0.7699068509615468
409 0.6046598945786831 0 0.1978950357946418
410 0.5846183738089344 0 0.4968038318448462
411 0.9556107203366058 0 0.4497734891475493
412 0.9176267354477405 0 0.3846200404665397
413 0.887715378997078 0 0.4302101431116951
414 0.949752795766744 0 0.3368289999185521
415 0.05857501304258411 0 0.2691497562222054
416 0.05501870135872172 0 0.3430211378971057
417 0.4077071303448667 0 0.8237684043778668
418 0.9449153392834231 0 0.517418429237861
419 0.05012087969173823 0 0.4043528642803165
420 0.9180906370313341 0 0.2082260582170737
421 0.8921140555746894 0 0.728915431267891
422 0.8531946987681986 0 0.3855561009342928
423 0.5344762007900208 0 0.1586129406351145
424 0.4893003455232816 0 0.1147890656843006
425 0.539744308734222 0 0.7626467145335378
426 0.7070455969507599 0 0.6398694685329591
427 0.948032204624441 0.1299194884388895 0.7171788269678645
428 0.9442999999999947 0.1392500000000055 0.785501923076915
429 0.9124999999999939 0.2187500000000067 0.7355288461538377
430 0.9198924689153375 0.2002688277116481 0.7956041876653366
431 0.9124999999999934 0.2187500000000067 0.2644711538461463
432 0.9423871399981537 0.144032150004607 0.2182992775458003
433 0.9464586911813012 0.1338532720467376 0.3055263944512217
434 0.9198924689153372 0.2002688277116478 0.2043958123346508
435 0.6439245286889093 0.8901886782777242 0.5027475578861378
436 0.6486150612088251 0.8784623469779345 0.5886163522322435
437 0.6227726051828434 0.94306848704289 0.562280962618893
438 0.6688151552194708 0.8279621119513196 0.6123658788281916
439 0.6700921198123351 0.8247697004691594 0.5319328947148744
440 0.6934952312742227 0.7662619218144395 0.5993219485213068
441 0.7023783673466265 0.7440540816334291 0.5399649623490662
442 0.87045486695922 0.3238628326019415 0.7392008063978323
443 0.892235160566058 0.2694120985848452 0.708134946106902
444 0.8940556779572866 0.2648608051067745 0.8098813641085799
445 0.9181115808272842 0.2047210479317798 0.5818002250816859
446 0.9378280631494476 0.1554298421263723 0.644743997904284
447 0.9137989730343916 0.2155025674140116 0.6729202676960476
448 0.8781281343002256 0.3046796642494262 0.2746051920311168
449 0.9124070782654028 0.2189823043364831 0.3207842576211278
450 0.8936104799033275 0.2659738002416708 0.3721138657543117
451 0.9258335274332914 0.1854161814167616 0.3652565854928943
452 0.800532745873893 0.4986681353152587 0.4440107298073892
453 0.7837051106043762 0.5407372234890522 0.5062594011586121
454 0.7742622893207565 0.5643442766981015 0.422560850079571
455 0.6492439500303786 0.8768901249240508 0.4236122675571575
456 0.6703194365783064 0.8242014085542304 0.3885531444391674
457 0.6692654763647402 0.8268363090881459 0.4623710458707311
458 0.8107762186409664 0.4730594533975746 0.5006526349203981
459 0.9594034688084829 0.1014913279787845 0.6611112597868429
460 0.9794494338033445 0.05137641549163117 0.6222353182286327
461 0.9767515058553191 0.05812123536169525 0.7075521512995386
462 0.7235163048292217 0.6912092379269396 0.3822301784044891
463 0.7438238827874132 0.6404402930314606 0.4369892352725078
464 0.7116825741858386 0.7207935645353987 0.4332258698943587
465 0.889753542937516 0.2756161426561998 0.5636299270980105
466 0.8923925166394453 0.2690187084013768 0.6285544740538027
467 0.86651852056416 0.3337036985895903 0.5910918599464495
468 0.9511859832216271 0.1220350419459231 0.5841085891442062
469 0.7305295138888874 0.6736762152777759 0.4902220219017033
470 0.8261236806477903 0.4346907983805151 0.286586830193776
471 0.8508360286398113 0.3729099284004623 0.2996145660525044
472 0.8394359658305786 0.4014100854235443 0.3572316527101174
473 0.8594506768536831 0.3513733078657819 0.4195312357286803
474 0.8892237072668994 0.2769407318327411 0.4453915139809409
475 0.9225302461846785 0.1936743845382937 0.4317722300185182
476 0.9541611416317473 0.1145971459206227 0.3960861796192927
477 0.864244274935166 0.3393893126620749 0.3441332451381317
478 0.696432375795635 0.758919060510908 0.3752849295286653
479 0.8412162684418982 0.3969593288952452 0.6299012756744535
480 0.8512332405575236 0.3719168986061821 0.6979200174290687
481 0.8263294376250319 0.4341764059374121 0.7142555664272501
482 0.9064552398130525 0.233861900467358 0.5041896688477038
483 0.9706186769988441 0.07345330750288104 0.4723557530462553
484 0.9470514095398278 0.1323714761504208 0.4527399978777223
485 0.8702089288060126 0.3244776779849592 0.6627239182313158
486 0.6190332572784019 0.9524168568039932 0.4988718862017991
487 0.9691364785420304 0.07715880364491537 0.5508151608366738
488 0.9408955733440421 0.1477610666398853 0.5107458288268243
489 0.7212308655429123 0.696922836142714 0.5737257680659857
490 0.6953455281753382 0.7616361795616499 0.4847833250390702
491 0.9809719999999971 0.04757000000000224 0.8669277692307631
492 0.966079632716045 0.08480091820988259 0.908594736882712
493 0.7639191832510336 0.590202041872409 0.5928878033189169
494 0.739121535715632 0.6521961607109137 0.6283089725729157
495 0.7442613850047697 0.6393465374880691 0.557717326445622
496 0.966079632716045 0.08480091820988178 0.09140526311728278
497 0.9809719999999971 0.04757000000000182 0.1330722307692281
498 0.6155481512483471 0.9611296218791303 0.4602009395588482
499 0.7944092032367122 0.5139769919082116 0.5757851068910569
500 0.7583310233028938 0.6041724417427586 0.5016592819343423
501 0.7844460938938667 0.5388847652653264 0.6594414191055724
502 0.7592022856923344 0.6019942857691566 0.6857112464514747
503 0.8212767361827518 0.4468081595431115 0.5638093762949347
504 0.846248087485296 0.3843797812867508 0.2355159101893795
505 0.8372871918213662 0.4067820204465746 0.4937220985790246
506 0.9562585740740693 0.1093535648148207 0.8492035259971449
507 0.9738530890652523 0.06536727733686297 0.7977088915464972
508 0.6144725611772492 0.9638185970568749 0.429420951299856
509 0.9738530890652523 0.06536727733686262 0.2022953843803838
510 0.9562585740740691 0.1093535648148198 0.1507964740028463
511 0.8650197132818918 0.3374507167952614 0.1987127670860331
512 0.846248087485296 0.3843797812867517 0.7642742343543014
513 0.9426882831569603 0.1432792921075925 0.8947535155287575
514 0.9426882831569602 0.143279292107592 0.1052464844712373
515 0.8940556779572866 0.2648608051067738 0.1901093998763387
516 0.8650197132818918 0.3374507167952621 0.8012446579944223
517 0.6284492309448395 0.9288769226378997 0.4515474960072685
518 0.7496961805555529 0.6257595486111107 0.3814720219017032
519 0.9244365423280356 0.1889086441799033 0.8493026480972677
520 0.9244365423280355 0.1889086441799027 0.150697351902724
521 0.7724806449749833 0.5687983875625346 0.3250333865278111
522 0.6886090782199719 0.7784773044500664 0.4288436629543985
523 0.8474783090897744 0.3813042272755544 0.5569139201276291
524 0.8710928284386957 0.322267928903251 0.5060449901432844
525 0.9802211132646861 0.04944721683827694 0.2838527209406931
526 0.7154508039778562 0.7113729900553545 0.6461115406341253
527 0.9766551931199012 0.05836201720023863 0.348117895861655
528 0.7415147569444417 0.6462131076388891 0.324069344284183
529 0.7779340436075516 0.5551648909811131 0.7233576628600836
530 0.7969928230245946 0.5075179424385056 0.2811236280277795
531 0.7993551717849021 0.501612070537737 0.724968982076708
532 0.9803676474500418 0.04908088137488808 0.4076865212082045
533 0.8064020534672444 0.4839948663318804 0.3654460473875596
534 0.778496411512295 0.5537589712192543 0.2605618140138882
535 0.8260466462156717 0.4348833844608112 0.4281063316939488
536 0.8109619312303769 0.4725951719240492 0.6358209565493154
537 0.9622605566323403 0.09434860841914097 0.2491753989318818
538 0.2644711538461547 0.2187500000000066 0.9124999999999935
539 0.2144980769230778 0.1392500000000052 0.9442999999999946
540 0.2828211730321264 0.1299194884388892 0.9480322046244407
541 0.2043958123346573 0.2002688277116478 0.9198924689153373
542 0.6944736055487699 0.1338532720467376 0.9464586911813015
543 0.7817007224541942 0.1440321500046071 0.9423871399981542
544 0.7355288461538474 0.2187500000000067 0.9124999999999939
545 0.7956041876653445 0.2002688277116479 0.9198924689153375
546 0.4377190373811052 0.9430684870428895 0.6227726051828434
547 0.4113836477677539 0.8784623469779337 0.6486150612088255
548 0.4972524421138591 0.8901886782777244 0.6439245286889093
549 0.4006780514786892 0.7662619218144382 0.6934952312742226
550 0.4680671052851219 0.8247697004691585 0.670092119812335
551 0.3876341211718052 0.8279621119513185 0.6688151552194712
552 0.4600350376509289 0.7440540816334287 0.7023783673466266
553 0.1901186358914154 0.2648608051067739 0.8940556779572868
554 0.2918650538930898 0.2694120985848447 0.8922351605660581
555 0.2607991936021614 0.3238628326019409 0.8704548669592199
556 0.3270797323039429 0.2155025674140113 0.9137989730343916
557 0.3552560020957058 0.155429842126372 0.9378280631494474
558 0.4181997749183036 0.2047210479317796 0.9181115808272842
559 0.6278861342456793 0.2659738002416705 0.893610479903328
560 0.6792157423788642 0.2189823043364831 0.9124070782654032
561 0.725394807968877 0.3046796642494263 0.8781281343002256
562 0.6347434145070965 0.1854161814167618 0.9258335274332916
563 0.5774391499204219 0.5643442766981017 0.7742622893207562
564 0.4937405988413801 0.5407372234890522 0.783705110604376
565 0.5559892701926028 0.498668135315259 0.8005327458738931
566 0.6114468555608299 0.8242014085542315 0.6703194365783061
567 0.5763877324428397 0.8768901249240517 0.6492439500303783
568 0.5376289541292647 0.8268363090881459 0.6692654763647401
569 0.4993473650795931 0.4730594533975748 0.8107762186409666
570 0.2924478487004515 0.05812123536169496 0.9767515058553191
571 0.3777646817713564 0.05137641549163111 0.9794494338033444
572 0.3388887402131471 0.1014913279787845 0.9594034688084827
573 0.5667741301056362 0.7207935645353991 0.7116825741858381
574 0.5630107647274861 0.6404402930314608 0.7438238827874131
575 0.6177698215955063 0.6912092379269406 0.7235163048292217
576 0.4089081400535411 0.33370369858959 0.8665185205641599
577 0.3714455259461877 0.2690187084013764 0.8923925166394453
578 0.4363700729019793 0.2756161426561997 0.889753542937516
579 0.4158914108557825 0.122035041945923 0.951185983221627
580 0.5097779780982907 0.6736762152777757 0.7305295138888872
581 0.6427683472898754 0.4014100854235447 0.8394359658305786
582 0.7003854339474899 0.3729099284004628 0.8508360286398113
583 0.7134131698062186 0.4346907983805156 0.8261236806477901
584 0.5546084860190492 0.2769407318327409 0.8892237072668996
585 0.5804687642713106 0.351373307865782 0.8594506768536831
586 0.5682277699814716 0.1936743845382937 0.9225302461846786
587 0.6039138203806971 0.1145971459206228 0.9541611416317474
588 0.6558667548618606 0.3393893126620751 0.8642442749351662
589 0.2857444335727443 0.4341764059374112 0.826329437625032
590 0.3020799825709246 0.3719168986061816 0.8512332405575234
591 0.3700987243255381 0.396959328895245 0.8412162684418982
592 0.6247150704713309 0.7589190605109088 0.6964323757956348
593 0.4958103311522854 0.2338619004673579 0.9064552398130528
594 0.5472600021222667 0.1323714761504209 0.9470514095398279
595 0.5276442469537336 0.07345330750288109 0.9706186769988443
596 0.4892541711731645 0.1477610666398853 0.9408955733440421
597 0.4491848391633146 0.07715880364491516 0.9691364785420304
598 0.4262742319340089 0.6969228361427136 0.7212308655429123
599 0.3372760817686756 0.3244776779849589 0.8702089288060124
600 0.5011281137981991 0.9524168568039935 0.6190332572784019
601 0.5152166749609252 0.76163617956165 0.6953455281753382
602 0.4422826735543717 0.6393465374880691 0.7442613850047699
603 0.371691027427079 0.652196160710913 0.7391215357156324
604 0.4071121966810766 0.5902020418724085 0.7639191832510339
605 0.09140526311728536 0.08480091820988184 0.9660796327160451
606 0.1330722307692321 0.04757000000000149 0.9809719999999973
607 0.8669277692307681 0.04757000000000187 0.9809719999999971
608 0.9085947368827154 0.08480091820988195 0.9660796327160451
609 0.4242148931089355 0.5139769919082113 0.7944092032367122
610 0.5397990604411504 0.961129621879131 0.6155481512483469
611 0.4983407180656508 0.6041724417427583 0.7583310233028937
612 0.3405585808944216 0.5388847652653255 0.7844460938938664
613 0.3142887535485206 0.6019942857691559 0.7592022856923348
614 0.4361906237050571 0.4468081595431113 0.8212767361827519
615 0.7644840898106166 0.3843797812867511 0.8462480874852958
616 0.5062779014209661 0.4067820204465745 0.8372871918213662
617 0.2022911084534957 0.06536727733686241 0.9738530890652524
618 0.1507964740028507 0.1093535648148201 0.9562585740740691
619 0.5705790487001425 0.9638185970568753 0.6144725611772488
620 0.8492035259971507 0.1093535648148201 0.9562585740740694
621 0.7977046156196098 0.06536727733686269 0.9738530890652524
622 0.8012872329139644 0.3374507167952616 0.8650197132818918
623 0.235725765645694 0.3843797812867509 0.8462480874852958
624 0.1052464844712402 0.1432792921075921 0.9426882831569604
625 0.8947535155287615 0.1432792921075922 0.9426882831569603
626 0.809890600123658 0.2648608051067741 0.8940556779572869
627 0.1987553420055741 0.3374507167952613 0.8650197132818918
628 0.5484525039927296 0.9288769226379001 0.6284492309448391
629 0.6185279780982914 0.6257595486111113 0.7496961805555525
630 0.1506973519027285 0.1889086441799027 0.9244365423280356
631 0.8493026480972733 0.188908644179903 0.9244365423280355
632 0.6749666134721838 0.5687983875625355 0.7724806449749828
633 0.5711563370455971 0.7784773044500666 0.6886090782199716
634 0.493955009856706 0.3222679289032509 0.8710928284386956
635 0.4430860798723618 0.3813042272755541 0.8474783090897745
636 0.7161472790592984 0.04944721683827687 0.9802211132646864
637 0.3538884593658709 0.7113729900553536 0.7154508039778567
638 0.6518821041383352 0.05836201720023867 0.9766551931199013
639 0.6759306557158133 0.6462131076388902 0.7415147569444417
640 0.2766423371399123 0.5551648909811123 0.777934043607552
641 0.7188763719722168 0.5075179424385062 0.7969928230245946
642 0.2750310179232874 0.5016120705377362 0.7993551717849022
643 0.5923134787917848 0.04908088137488824 0.9803676474500412
644 0.6345539526124334 0.4839948663318809 0.8064020534672445
645 0.7394381859861091 0.5537589712192553 0.778496411512295
646 0.5718936683060429 0.4348833844608115 0.8260466462156719
647 0.3641790434506774 0.4725951719240488 0.810961931230377
648 0.750824601068111 0.09434860841914103 0.9622605566323407
649 0.3216803244874337 0.8042008112185945 0.5949281887853557
650 0.353936790123456 0.8848419753086475 0.5829553223136384
651 0.3384552380952374 0.8461380952381028 0.5337614713064737
652 0.2925671020723108 0.7314177551807888 0.6124306421138057
653 0.2987905751452941 0.7469764378632469 0.5525511379705346
654 0.2755264807815329 0.6888162019538443 0.559236552585094
655 0.2886234128296384 0.7215585320741082 0.4980121582202666
656 0.08750000000000518 0.218750000000014 0.2644711538461541
657 0.05570000000000434 0.1392500000000104 0.2144980769230776
658 0.05202598302109208 0.1300649575527296 0.2828197860563239
659 0.0801075310846613 0.2002688277116538 0.2043958123346568
660 0.05259271858516847 0.1314817964629206 0.6935841821858937
661 0.05762883463491427 0.1440720865872853 0.78167637949993
662 0.08750000000000532 0.2187500000000143 0.7355288461538489
663 0.08010753108466144 0.2002688277116541 0.7956041876653464
664 0.3625462078329267 0.9063655195823233 0.5133580483898537
665 0.3798934861845968 0.9497337154614958 0.5584017875285621
666 0.3002049970605525 0.7505124926513926 0.366775350745791
667 0.2761137049091445 0.6902842622728731 0.4228345682940816
668 0.3132098242790234 0.7830245606975696 0.4354191902309329
669 0.1157778484725355 0.2894446211813415 0.2811163490868106
670 0.08792737603567707 0.2198184400891937 0.3206873766252873
671 0.1145461661444704 0.2863654153611789 0.3660458679750443
672 0.09049912992357917 0.2262478248089491 0.3831322963113711
673 0.1145461661444705 0.2863654153611792 0.6325483171599552
674 0.08792737603567717 0.219818440089194 0.6786072781962981
675 0.1157778484725356 0.2894446211813419 0.7183219822472581
676 0.09049912992357934 0.2262478248089496 0.6153532853223618
677 0.2770454144620819 0.6926135361552161 0.3302702878397324
678 0.2433434881926384 0.6083587204816074 0.4407800308984277
679 0.2602647691993252 0.6506619229983248 0.4963825511316116
680 0.1443751207923177 0.3609378019807994 0.4202381595405303
681 0.1074347474955127 0.2685868687387841 0.4316786381379904
682 0.0766091140637828 0.1915227851594574 0.4285221754459388
683 0.06863216343327914 0.1715804085831979 0.3540276726736919
684 0.0493061268029252 0.1232653170073123 0.4098031979617981
685 0.2463354687101481 0.6158386717753819 0.558421089988242
686 0.0459817402056413 0.1149543505141024 0.6010404767889269
687 0.07098377777938514 0.177459444448463 0.6310763708483146
688 0.07382272835705256 0.1845568208926316 0.5651194821410591
689 0.1996201380893896 0.4990503452234831 0.4992112437436885
690 0.1791813335544596 0.4479533338861567 0.561349298225974
691 0.2150908821445514 0.5377272053613884 0.5727274942223201
692 0.1074347474955128 0.2685868687387843 0.5656683839953087
693 0.1444441214257549 0.3611103035643922 0.577941709569893
694 0.09089680302436953 0.2272420075609251 0.4981750268716589
695 0.1938282751011831 0.4845706877529665 0.6283227363377683
696 0.2130532281147463 0.5326330702868756 0.4433552051311305
697 0.1788950612517726 0.4472376531294391 0.4367011736991148
698 0.1951615670548387 0.4879039176371056 0.3745503696224265
699 0.22582209105604 0.5645552276401105 0.3692570961789184
700 0.2316460597728481 0.5791151494321313 0.4990109068035566
701 0.2372453170016405 0.5931132925041123 0.6165974759357183
702 0.04065062431397172 0.1016265607849284 0.3388173310782537
703 0.03392036728395401 0.08480091820988425 0.09140526311728539
704 0.01902800000000221 0.04757000000000464 0.1330722307692322
705 0.170386149813839 0.4259653745346046 0.4988751518400462
706 0.01902800000000227 0.04757000000000471 0.8669277692307685
707 0.0339203672839541 0.08480091820988434 0.9085947368827159
708 0.02614790824725237 0.06536977061812992 0.2022894375176317
709 0.04374142592592978 0.1093535648148238 0.1507964740028507
710 0.04374142592592986 0.1093535648148239 0.8492035259971514
711 0.02614790824725231 0.06536977061812974 0.7977029446837465
712 0.1452098205088214 0.3630245512720585 0.4988574426306064
713 0.3739454656924491 0.9348636642311277 0.4456217652060277
714 0.2550201058201073 0.6375502645502796 0.3781949871116548
715 0.2451128691769997 0.6127821729425105 0.3179559658149382
716 0.2167435953350835 0.5418589883377189 0.6527848042784479
717 0.2416745401493683 0.6041863503734319 0.6865192865685035
718 0.2661866929642239 0.6654667324105715 0.6401768243651966
719 0.3068951899732698 0.7672379749331855 0.6485063743914599
720 0.1061226615191402 0.2653066537978526 0.8093320730273925
721 0.1061226615191401 0.2653066537978522 0.1905890110652125
722 0.3463122949385508 0.8657807373463855 0.4096233483216059
723 0.3245747295008533 0.8114368237521435 0.3779815574256146
724 0.02322827769181953 0.05807069422954769 0.6516829710887798
725 0.3410840751588693 0.8527101878971823 0.47455920046102
726 0.05731171684303839 0.1432792921075956 0.10524648447124
727 0.05731171684303858 0.143279292107596 0.8947535155287631
728 0.07556345767196308 0.188908644179908 0.8493026480972753
729 0.07556345767196297 0.1889086441799078 0.1506973519027281
730 0.3832770319419946 0.9581925798549895 0.5034763202248895
731 0.225721251305869 0.5643031282646825 0.290907296634289
732 0.2043379629629662 0.5108449074074246 0.3139900878442553
733 0.1801470422164616 0.4503676055411615 0.2423559842269243
734 0.02327310560135544 0.05818276400338753 0.2924258342862951
735 0.315555555555555 0.7888888888888986 0.4981481481481503
736 0.0205926925354209 0.05148173133855112 0.3777120600677747
737 0.01979760185883214 0.04949400464707922 0.7161147203555728
738 0.2150858714233297 0.5377146785583341 0.7213243906668942
739 0.1975366861904284 0.4938417154760799 0.6912174419394821
740 0.02965034667491558 0.07412586668728781 0.5266993918899707
741 0.05821174995101332 0.1455293748775329 0.4961931926669592
742 0.03091899102968952 0.07729747757422267 0.4490919033019235
743 0.1424134228624267 0.3560335571560717 0.6611042419401021
744 0.1696650015844693 0.42416250396118 0.3103215430158561
745 0.1427151469326824 0.3567878673317109 0.3383169853198252
746 0.1661623795232163 0.4154059488080474 0.3760256462395505
747 0.1426810788844493 0.356702697211128 0.2744820892540786
748 0.1592945528609301 0.3982363821523313 0.2392966501221008
749 0.01968879541819614 0.04922198854548918 0.5922405319781033
750 0.1801910860846521 0.4504777152116377 0.7573632403054068
751 0.1593209791818445 0.3983024479546173 0.7603858180659526
752 0.1656595733958246 0.4141489334895682 0.6238441798006417
753 0.1684307140352985 0.421076785088253 0.6905029129294703
754 0.05275115011986542 0.1318778752996629 0.5483296384938812
755 0.1236260975686187 0.3090652439215503 0.4986523282478067
756 0.142438370148301 0.3560959253707573 0.725265009261664
757 0.1339436078933551 0.3348590197333916 0.2022496935722819
758 0.1339436078933552 0.3348590197333919 0.7975917030139682
759 0.03904176583154192 0.09760441457885388 0.7472695566812858
760 0.4225637173904053 0.4654159639666751 0.1861663855866665
761 0.3754350377176955 0.4189450268417576 0.1675780107367
762 0.4468379959978332 0.4142323459329132 0.1656929383731624
763 0.362233327870444 0.483389387791206 0.1933557551164786
764 0.6231305800039928 0.05245244282162927 0.02098097712865195
765 0.5271322574500568 0.04781113361831124 0.01912445344732475
766 0.6877476421910416 0.1657160434138924 0.06628641736555674
767 0.6561936203447783 0.246660698745862 0.09866427949834385
768 0.6001230156174533 0.1795146824631461 0.07180587298525813
769 0.7839663488496673 0.2068758831658191 0.08275035326632713
770 0.8564941781262538 0.2226000864357067 0.08904003457428203
771 0.8271072584612212 0.2734267218710449 0.1093706887484168
772 0.1638518066692046 0.2160969638780709 0.08643878555122771
773 0.1294446818613467 0.1648070987654448 0.06592283950617768
774 0.2184127032116739 0.1494708983335756 0.05978835933343014
775 0.6305573044407596 0.7356000973669885 0.2942400389467905
776 0.6109463554491806 0.8129601656633683 0.3251840662653432
777 0.5705055518005813 0.7687604992372388 0.3075041996948907
778 0.6058913630583685 0.6607054875785721 0.2642821950314239
779 0.5385665992811076 0.6481075860287571 0.2592430344114979
780 0.5748083121265625 0.5998755901859363 0.2399502360743698
781 0.4214798543519832 0.8735383474849071 0.3494153389939595
782 0.381746130813403 0.8210088907851941 0.3284035563140736
783 0.5482735050299492 0.7076586012925895 0.2830634405170309
784 0.5378973589387522 0.5419890342780085 0.2167956137111991
785 0.6109020891646493 0.5509748146251251 0.2203899258500457
786 0.5318246720215315 0.8248444647679753 0.329937785907186
787 0.5005728493979981 0.8867512407570881 0.3547004963028321
788 0.4500301725067108 0.8064122764937667 0.3225649105975024
789 0.5962826820529211 0.4214102430348008 0.1685640972139173
790 0.5843280438720696 0.484160662642382 0.1936642650569491
791 0.5276682773736243 0.426393923115357 0.1705575692461397
792 0.4398687317387219 0.5326549198880657 0.2130619679552221
793 0.4085829248214407 0.6166108339263869 0.2466443335705499
794 0.3546492140393613 0.5617556418903583 0.2247022567561389
795 0.3539109101358735 0.303493356561487 0.1213973426245932
796 0.4241350054471557 0.3006843596597731 0.1202737438639077
797 0.4009810081740276 0.3580519822089228 0.1432207928835669
798 0.382556271949664 0.2377113760385395 0.09508455041541497
799 0.8580639499870446 0.166031160474967 0.06641246418998661
800 0.4338044784978152 0.7352749407791789 0.2941099763116666
801 0.3857603436469093 0.692996809530799 0.2771987238123146
802 0.4739058518663165 0.6696237345720455 0.2678494938288132
803 0.5589277639581198 0.3664088279013885 0.146563531160553
804 0.5363227991873338 0.3007919203318048 0.1203167681327204
805 0.5977668160785586 0.3057480565200772 0.1222992226080293
806 0.5686370911977594 0.2422315297068035 0.09689261188272053
807 0.6765012270961305 0.3218515500499898 0.1287406200199941
808 0.5884608504329681 0.8785697734577911 0.3514279093831132
809 0.5622137333699971 0.9431149315315464 0.3772459726126168
810 0.5499878732798796 0.1153583693028397 0.046143347721136
811 0.4625428339664343 0.0712448559670843 0.02849794238683395
812 0.4511665014978187 0.9283359731921179 0.3713343892768451
813 0.4988341616049764 0.9524429183715121 0.3809771673486033
814 0.5243713017370907 0.1917549832819047 0.07670199331276147
815 0.8652413853880847 0.1006254025920297 0.04025016103681198
816 0.9195919040835684 0.06815663580247622 0.02726265432099063
817 0.4858455617877404 0.2482879050926055 0.09931516203704124
818 0.4289192587554718 0.1931041896481214 0.07724167585924815
819 0.8668436182336127 0.0484546296296346 0.01938185185185401
820 0.0806786324786314 0.06772222222222898 0.02708888888889168
821 0.1369829059829039 0.1052777777777869 0.04211111111111481
822 0.4635472063944183 0.142489711934166 0.05699588477366634
823 0.1334810256410229 0.04793333333333782 0.01917333333333525
824 0.4962616328383316 0.4780439807429879 0.1912175922971915
825 0.460181262705513 0.9611432153880081 0.384457286155202
826 0.3729394183329243 0.7613742929795113 0.3045497171917998
827 0.2397072268804677 0.4495824859457851 0.1798329943783108
828 0.2749410279077761 0.5150159460892549 0.206006378435698
829 0.654389036773896 0.4479897212702777 0.1791958885081078
830 0.7302933192266206 0.4761607620675271 0.1904643048270073
831 0.6668952299623131 0.5223229214301162 0.2089291685720424
832 0.7800874392831838 0.1369744302400188 0.0547897720960075
833 0.7717037987034937 0.4047044609270048 0.1618817843707992
834 0.741307565262145 0.3493026865970215 0.1397210746388065
835 0.7008249845242148 0.3989523248293737 0.1595809299317468
836 0.7413820662603993 0.2777570600320825 0.1111028240128318
837 0.4798899131428052 0.3470721916073681 0.1388288766429452
838 0.7975526224856032 0.05776206393094502 0.02310482557237821
839 0.1872440612558846 0.06663596502793538 0.02665438601117431
840 0.4294052098171881 0.9638294718639778 0.3855317887455901
841 0.3631874593897485 0.1709588341890171 0.06838353367560661
842 0.3107692307692238 0.2000000000000112 0.08000000000000398
843 0.8044635898746398 0.337144325401398 0.1348577301605573
844 0.3128905427978952 0.2553584771086377 0.1021433908434541
845 0.327246389779197 0.3600821759259419 0.1440328703703745
846 0.3093684413007309 0.4340531196717453 0.173621247868695
847 0.2496254689742568 0.382788067719638 0.1531152270878527
848 0.2415491314161975 0.2361800159387196 0.09447200637548703
849 0.2587604606788809 0.3116524677579524 0.1246609871031793
850 0.2973325262409725 0.5871039917597003 0.2348415967038756
851 0.331996055029629 0.6417637215943272 0.256705488637726
852 0.3129341813689031 0.1318608981913492 0.05274435927653968
853 0.6377036441516204 0.1237030735596798 0.04948122942387197
854 0.7138475715733799 0.09603502244816596 0.03841400897926654
855 0.3927775855464752 0.1109762764811178 0.04439051059244722
856 0.720742924119641 0.0417937215453713 0.01671748861814874
857 0.4111051606028907 0.04762227099505277 0.01904890839802135
858 0.2026702952062664 0.3413581570163838 0.1365432628065516
859 0.2665897075849911 0.06843222682905606 0.02737289073162262
860 0.3424857612119617 0.06262559942146821 0.0250502397685875
861 0.6721758292049642 0.6031088299546581 0.2412435319818586
862 0.184610044370309 0.2845012885540697 0.1138005154216266
863 0.4899539643243429 0.6026745165146415 0.2410698066058519
864 0.6248389087190582 0.3785483591756861 0.1514193436702719
865 0.7233320988833311 0.5620438452201598 0.2248175380880597
866 0.5007352847071243 0.7538525378610774 0.3015410151444262
867 0.7117721713271575 0.2256680717494475 0.0902672286997783
868 0.669724899340821 0.6798828829800502 0.2719531531920152
869 0.5033333333333341 0.9999999999999996 0.500666666666668
870 0.4699567099567086 0.9999999999999996 0.4513939393939416
871 0.5377495189995163 0.9999999999999998 0.4613173400673418
872 0.4488827045969911 0.9999999999999998 0.5290744176458475
873 0.5528282828282844 0.9999999999999998 0.514707070707072
874 0.560606060606065 1 0.5618181818181824
875 0.5109417302274486 1 0.5510443894729613
876 0.567045454545451 0.9999999999999998 0.4344696969696985
877 0.0813029177722293 0.7112160052552525 0.9186970822277725
878 0.08309643507272778 0.7775535304871728 0.9169035649272735
879 0.1191661611703537 0.7305727138211426 0.8808338388296476
880 0.05454383274212836 0.6612412383132638 0.9454561672578734
881 0.04205381267503354 0.7386040586284541 0.9579461873249679
882 0.1222024419030454 0.7998912181077693 0.8777975580969558
883 0.0387726379303075 0.3574430732854199 0.9612273620696942
884 0.07071326780305019 0.4170303320900382 0.929286732196951
885 0.08339622876847164 0.339959680000195 0.9166037712315293
886 0.1010030864197546 0.9389838556505217 0.8989969135802466
887 0.03574074074074165 0.9522792022792025 0.9642592592592596
888 0.2590277777777786 0.7585470085470079 0.7409722222222217
889 0.2104781084656096 0.7019189051689056 0.7895218915343911
890 0.2247222222222237 0.7837606837606838 0.775277777777777
891 0.03644444444444514 0.1962393162393197 0.9635555555555558
892 0.04678367346938882 0.2717080062794385 0.9532163265306124
893 0.1672863847876129 0.7505304679661998 0.832713615212388
894 0.1613646384479736 0.8957739791073122 0.8386353615520277
895 0.2058685437137836 0.8578869895536561 0.7941314562862172
896 0.163364197530866 0.8308641975308642 0.8366358024691352
897 0.2196925128075937 0.9249129471351685 0.7803074871924067
898 0.2568289751526725 0.8456314159091931 0.7431710248473278
899 0.3102921810699595 0.8752793605571375 0.6897078189300407
900 0.1080888969468539 0.3892851058970487 0.891911103053147
901 0.1063461081304746 0.4539005565260646 0.8936538918695265
902 0.3230819615912215 0.9323853803946388 0.6769180384087782
903 0.1400000000000009 0.484615384615386 0.8599999999999999
904 0.04535494841051985 0.8930894424396852 0.9546450515894817
905 0.05320848551006425 0.4933448311971785 0.9467915144899374
906 0.03174265754093071 0.4236527290351426 0.9682573424590712
907 0.1020061728395079 0.877967711301044 0.8979938271604934
908 0.2766492717702416 0.9297015173326894 0.7233507282297584
909 0.04541856149963201 0.8170998930401622 0.9545814385003697
910 0.166412047535065 0.9519341563785999 0.8335879524649359
911 0.1060659985228781 0.5391276853567337 0.8939340014771233
912 0.1574074074074083 0.5548433048433065 0.8425925925925924
913 0.1599641480612251 0.6870489428810846 0.8400358519387761
914 0.1171550789287567 0.6388345711162564 0.8828449210712446
915 0.1777777777777788 0.6239316239316247 0.822222222222222
916 0.05560431670096187 0.5949906681966888 0.9443956832990401
917 0.223730638227514 0.6481292989417993 0.7762693617724867
918 0.1099999999999982 0.9999999999999998 0.956666666666667
919 0.8857692307692169 0.9999999999999998 0.955000000000001
920 0.8104567307692107 1 0.9234375
921 0.176411577672665 0.9999999999999998 0.927538755931124
922 0.4316862316615333 0.9999999999999998 0.6694572698323855
923 0.4967012236468276 0.9999999999999998 0.6420260244444886
924 0.7281797610160198 0.9999999999999998 0.8173435448218256
925 0.6754450998764312 0.9999999999999999 0.75372330064921
926 0.6639321196755719 1 0.81422060540578
927 0.2708413922786089 0.9999999999999998 0.9137068506772151
928 0.210568794416279 0.9999999999999999 0.8653894050390378
929 0.2555910021301258 0.9999999999999998 0.8357014185868457
930 0.7401923076922874 1 0.8824999999999987
931 0.7192307692307457 1 0.9500000000000001
932 0.3091491784666058 0.9999999999999999 0.8574133323978121
933 0.3422072446385155 0.9999999999999998 0.9197033903998075
934 0.3790737443543276 0.9999999999999996 0.8500490662471624
935 0.5515310775526556 0.9999999999999996 0.6738990843615876
936 0.6080510013926976 0.9999999999999998 0.6862461645858513
937 0.5001046110160495 1 0.8125404571018542
938 0.5910569013050853 0.9999999999999996 0.8015766864220868
939 0.5343152218152103 0.9999999999999996 0.7494047619047597
940 0.3887753898156995 0.9999999999999998 0.791472388330693
941 0.4483325702075591 0.9999999999999998 0.7620535714285706
942 0.3718167145037881 0.9999999999999998 0.7326360482327612
943 0.5429715088870155 1 0.8746553145148372
944 0.4974240931981101 0.9999999999999998 0.929236565799427
945 0.580234957702638 0.9999999999999998 0.9382102545528737
946 0.7869201007325843 0.9999999999999998 0.8559851190476182
947 0.6826923076922867 0.9999999999999998 0.8749999999999987
948 0.6000303160746192 1 0.7401313948751382
949 0.6205994317907098 0.9999999999999998 0.8663609705030295
950 0.4594666321751658 0.9999999999999998 0.865502732652197
951 0.4882864466058993 0.9999999999999998 0.6994852447208788
952 0.4317397192652998 0.9999999999999996 0.8190591197934736
953 0.3202979105363222 0.9999999999999998 0.7839941986849204
954 0.6512579796124451 1 0.9415501594628779
955 0.420720926753321 0.9999999999999998 0.9274152925164323
956 0.9186970822277681 0.7112160052552567 0.9186970822277687
957 0.9169035649272699 0.7775535304871755 0.9169035649272703
958 0.8808338388296442 0.7305727138211476 0.8808338388296444
959 0.9454561672578683 0.6612412383132673 0.9454561672578689
960 0.9579461873249637 0.7386040586284565 0.9579461873249645
961 0.8777975580969524 0.7998912181077731 0.877797558096953
962 0.9612273620696894 0.3574430732854238 0.9612273620696898
963 0.9292867321969457 0.417030332090044 0.929286732196946
964 0.9166037712315236 0.3399596800002015 0.9166037712315238
965 0.8989969135802451 0.938983855650523 0.8989969135802458
966 0.964259259259258 0.9522792022792023 0.9642592592592586
967 0.7409722222222187 0.7585470085470152 0.7409722222222191
968 0.7895218915343876 0.7019189051689128 0.789521891534388
969 0.7752777777777746 0.7837606837606901 0.7752777777777747
970 0.9635555555555517 0.1962393162393226 0.9635555555555521
971 0.9532163265306075 0.2717080062794432 0.9532163265306079
972 0.8327136152123852 0.7505304679662059 0.8327136152123853
973 0.8386353615520258 0.8957739791073152 0.8386353615520262
974 0.7941314562862154 0.8578869895536606 0.7941314562862156
975 0.8366358024691327 0.8308641975308684 0.836635802469133
976 0.7803074871924056 0.9249129471351721 0.7803074871924058
977 0.7431710248473262 0.8456314159091991 0.7431710248473264
978 0.6897078189300389 0.8752793605571436 0.6897078189300392
979 0.8919111030531408 0.3892851058970561 0.891911103053141
980 0.8936538918695207 0.4539005565260718 0.8936538918695212
981 0.6769180384087775 0.9323853803946436 0.6769180384087776
982 0.8599999999999941 0.4846153846153938 0.8599999999999945
983 0.9546450515894789 0.8930894424396856 0.9546450515894797
984 0.9467915144899319 0.4933448311971831 0.9467915144899326
985 0.9682573424590661 0.4236527290351457 0.9682573424590666
986 0.897993827160491 0.8779677113010467 0.8979938271604917
987 0.7233507282297579 0.9297015173326937 0.723350728229758
988 0.9545814385003666 0.8170998930401639 0.954581438500367
989 0.8335879524649347 0.9519341563786021 0.833587952464935
990 0.8939340014771178 0.5391276853567397 0.8939340014771182
991 0.8425925925925877 0.5548433048433139 0.8425925925925879
992 0.8400358519387723 0.6870489428810911 0.8400358519387725
993 0.8828449210712399 0.6388345711162624 0.8828449210712406
994 0.8222222222222177 0.6239316239316326 0.8222222222222182
995 0.9443956832990348 0.5949906681966926 0.9443956832990353
996 0.7762693617724823 0.6481292989418072 0.7762693617724826
997 0.8700157607273687 0.1371744683446982 0.9999999999999998
998 0.9304949344802024 0.06720698471868612 0.9999999999999999
999 0.9437230769230799 0.1314520553520465 0.9999999999999998
1000 0.5705149100238499 0.9144204877463689 1
1001 0.6555919906812859 0.9490244675958852 1
1002 0.7944584445753355 0.1730131517552161 0.9999999999999997
1003 0.8461538461538489 0.2192307692307578 0.9999999999999999
1004 0.306883091969309 0.1972107990021906 0.9999999999999998
1005 0.2414871710617597 0.2286722770095872 0.9999999999999998
1006 0.227979840883404 0.1677676353551369 0.9999999999999998
1007 0.9307692307692352 0.2043956043955922 1
1008 0.1147028281131721 0.545014942970599 0.9999999999999998
1009 0.2028632740558828 0.5113668134586465 0.9999999999999998
1010 0.1760867484377683 0.5887715471470552 0.9999999999999998
1011 0.7594986508145551 0.229172916354225 1
1012 0.7205097259012441 0.1617501535102835 0.9999999999999998
1013 0.1250000000000057 0.4615384615384597 0.9999999999999998
1014 0.1782484098875316 0.2190860565574044 0.9999999999999998
1015 0.2107430543442433 0.2923900906192576 0.9999999999999998
1016 0.6719060613183401 0.212083555338191 0.9999999999999998
1017 0.6371585137919628 0.1393507123369169 0.9999999999999999
1018 0.2135433206249436 0.07658803214926029 1
1019 0.1199633699633629 0.06307997557997931 1
1020 0.2706869716666346 0.3408383178311236 0.9999999999999998
1021 0.3234791863888927 0.324853878968435 0.9999999999999998
1022 0.3256785883869238 0.3839266658165429 0.9999999999999998
1023 0.5723679882643871 0.1923554027397154 0.9999999999999998
1024 0.05769230769230742 0.2179487179487196 0.9999999999999998
1025 0.0659340659340629 0.1227106227106256 1
1026 0.1175870115510562 0.1992314915463748 0.9999999999999998
1027 0.1538888014818048 0.143126600497864 0.9999999999999998
1028 0.05054945054944619 0.05219780219780425 1
1029 0.3815652140328967 0.3684825560655123 0.9999999999999998
1030 0.3493589743589796 0.4487179487179428 0.9999999999999998
1031 0.175004929613978 0.4383083675050587 0.9999999999999998
1032 0.6216735470828503 0.2717449087959583 0.9999999999999999
1033 0.548849333266078 0.26381919741385 0.9999999999999999
1034 0.5816932700486922 0.4437843766501787 0.9999999999999998
1035 0.6588229727973044 0.4904983313543821 1
1036 0.5739887665312343 0.5029829984169323 0.9999999999999998
1037 0.1941640502354804 0.371381475667189 0.9999999999999998
1038 0.2835814582243121 0.266906803513946 0.9999999999999998
1039 0.9451088086522526 0.8925433298319425 1
1040 0.8701691535751317 0.8737652614252558 1
1041 0.9370952143378264 0.8152318514039028 1
1042 0.6261140605076126 0.5563097723054009 0.9999999999999998
1043 0.24621896525161 0.735560729817709 1
1044 0.3349227470753167 0.7637294271402779 1
1045 0.2861708044198193 0.8340074913410297 1
1046 0.9278464590964712 0.7305488782051131 1
1047 0.8821044727710963 0.6756535454766182 1
1048 0.9527331948727288 0.664614498639809 1
1049 0.8461538461538436 0.05769230769230466 1
1050 0.7230621859236881 0.3731954099035666 0.9999999999999999
1051 0.6646068985025944 0.4114046500727175 0.9999999999999998
1052 0.6561273423389224 0.3397770535922088 0.9999999999999999
1053 0.5959746515451694 0.3800976342085993 0.9999999999999998
1054 0.8474895634785993 0.6170539140289978 1
1055 0.8790593383921581 0.5479345196554334 1
1056 0.9038548349186684 0.6191668224888085 1
1057 0.5416264747054256 0.6560345764407143 1
1058 0.4670080543706245 0.6630225819490739 0.9999999999999998
1059 0.4831604293595259 0.5916018474971021 0.9999999999999996
1060 0.412883428739478 0.5969502284725698 0.9999999999999998
1061 0.3302244050300507 0.6921934437348052 1
1062 0.7202279420550429 0.2781272382920514 0.9999999999999998
1063 0.7929714857986636 0.6187342615321896 0.9999999999999998
1064 0.8257012062796476 0.668016574211692 0.9999999999999998
1065 0.7717351781641169 0.6934449040924451 0.9999999999999998
1066 0.3353269924917675 0.6050627035430194 1
1067 0.247407611469053 0.5857141803320806 0.9999999999999998
1068 0.2928286732614911 0.5091551281785227 0.9999999999999998
1069 0.7697058808354089 0.1140518238016931 0.9999999999999998
1070 0.7537969008263272 0.05161048515963325 1
1071 0.5204037516799668 0.3818570316929908 0.9999999999999998
1072 0.5618181267864084 0.3277865382284361 0.9999999999999998
1073 0.0380994041374131 0.9186768863350322 1
1074 0.3901153973124685 0.2055914322978448 0.9999999999999998
1075 0.3643164723386693 0.1300474375752196 0.9999999999999998
1076 0.2868911564625758 0.1272356215213386 0.9999999999999998
1077 0.3944038660303439 0.6663024801165099 1
1078 0.4426466215762153 0.7200984610960429 1
1079 0.9510030457321511 0.6203352726042887 1
1080 0.4764020464847752 0.7854765358754592 1
1081 0.4021329603379207 0.781070376646545 1
1082 0.5222066474640802 0.4551939866400045 0.9999999999999998
1083 0.5125571947084188 0.7137797494902152 1
1084 0.6036659677773198 0.7173946524330773 1
1085 0.5621396983211214 0.7821602512434023 1
1086 0.6915863156039426 0.08630829430416606 1
1087 0.1185612878768766 0.7008873428597319 1
1088 0.1172643447476232 0.7758658255296522 1
1089 0.05970496354890667 0.7409301761295034 0.9999999999999999
1090 0.05473824230111445 0.5405113031607177 0.9999999999999998
1091 0.06894767717157543 0.6012719777093167 1
1092 0.1901381037053002 0.9308487524894121 1
1093 0.6209067500756668 0.0583885213779987 0.9999999999999999
1094 0.4423158430235151 0.09378305416412674 1
1095 0.5009084539958846 0.06431977021399587 0.9999999999999998
1096 0.494104909880712 0.1352641004940978 0.9999999999999998
1097 0.1279560178886368 0.2891852242837799 0.9999999999999998
1098 0.5128146210578737 0.9039348340716158 0.9999999999999998
1099 0.5294678698301225 0.8412745431524371 1
1100 0.5928820844358114 0.843926534989268 1
1101 0.06250000000000652 0.4615384615384601 0.9999999999999998
1102 0.8956573543501569 0.9438887981955606 0.9999999999999999
1103 0.8348881326095829 0.9437517908842794 1
1104 0.06102134494206719 0.6635502516639004 0.9999999999999998
1105 0.1959546991821166 0.6599854997218577 0.9999999999999997
1106 0.1729024100532303 0.7350233703583169 0.9999999999999998
1107 0.4449834333621525 0.3436342355822456 0.9999999999999997
1108 0.4487179487179544 0.4358974358974272 0.9999999999999998
1109 0.6866779147718414 0.5604263601755467 0.9999999999999998
1110 0.3826038654602794 0.06383359501185101 1
1111 0.3828227758533348 0.7254734526783859 1
1112 0.2878392941934646 0.4227325636775003 0.9999999999999998
1113 0.2500000000000053 0.461538461538458 0.9999999999999998
1114 0.9404075091575166 0.284691697191683 0.9999999999999997
1115 0.5636686693813069 0.0905484064849951 1
1116 0.6392761135634811 0.6402121626224042 0.9999999999999998
1117 0.8023365689420481 0.5593885370161885 1
1118 0.3577003467108723 0.8304479296545416 1
1119 0.6618237678405741 0.8800123476178828 1
1120 0.7186403803427701 0.9360915633638727 0.9999999999999998
1121 0.9410722944421829 0.5714953490474589 1
1122 0.9508059076835957 0.3476629949415503 0.9999999999999999
1123 0.8866019972091485 0.3480973312401727 0.9999999999999999
1124 0.7273576887898336 0.4447778220748731 0.9999999999999998
1125 0.7513222104293191 0.5138023397850268 0.9999999999999998
1126 0.7900963618330673 0.9049179169759578 1
1127 0.7384259744884858 0.876678831585068 1
1128 0.05177917320774728 0.3152974010116871 1
1129 0.1123757780297398 0.9186827529899118 1
1130 0.1530648689470365 0.8520324243493856 0.9999999999999999
1131 0.9348996640429782 0.406813381591936 0.9999999999999999
1132 0.8531531905329113 0.4106403894947112 0.9999999999999999
1133 0.8013125640303701 0.8207117329752172 1
1134 0.8781324151259862 0.7884584256548606 1
1135 0.300348704552416 0.06588740645102652 1
1136 0.7334477628868061 0.6083256085660811 1
1137 0.4368183812811128 0.8553230681409905 1
1138 0.9026274102097416 0.4682538207753762 0.9999999999999998
1139 0.9445518086088214 0.5175367378956467 1
1140 0.8342053311857601 0.7351962459282116 0.9999999999999998
1141 0.7583138399006155 0.7623172906480431 1
1142 0.2655963786655166 0.9209018970911161 1
1143 0.3456511785879418 0.9049292668073963 0.9999999999999998
1144 0.7115384615384741 0.8173076923076776 0.9999999999999999
1145 0.685346492742669 0.7489341006852808 1
1146 0.8847435897435951 0.2683211233211096 0.9999999999999997
1147 0.1189141410550266 0.630519705592548 1
1148 0.4200930042803257 0.492209736761322 0.9999999999999998
1149 0.4351430282220525 0.5444928418538327 1
1150 0.373348778388378 0.5302543059956735 0.9999999999999998
1151 0.2188807043676742 0.8673203606076678 1
1152 0.433559645958281 0.9401279907789393 0.9999999999999998
1153 0.06602097428036839 0.8323601054110749 0.9999999999999999
1154 0.2813852813852913 0.6399433899433825 1
1155 0.8319484924341582 0.2791302988485858 0.9999999999999997
1156 0.1994333661006971 0.7988112377673964 1
1157 0.6404641761633869 0.8017650451862517 0.9999999999999998
1158 0.5484052984053099 0.5874247049246903 0.9999999999999996
1159 0.6873180774681856 0.6829010626609135 1
1160 0.4862295003425537 0.5114480905424944 0.9999999999999998
1161 0.4307548528071059 0.1589850078369301 0.9999999999999998
1162 0.4763809959914583 0.2189972822965521 0.9999999999999998
1163 0.7827443782496436 0.3308293540966666 0.9999999999999998
1164 0.4872702958151599 0.9574280101705253 0.9999999999999998
1165 0.4882589156816113 0.300155987898762 0.9999999999999999
1166 0.4102155747278491 0.2768098473946659 0.9999999999999998
1167 0.3558836996336965 0.2641150516150501 0.9999999999999998
1168 0.7873088656060886 0.4342563412928841 0.9999999999999999
1169 0.8247368278798651 0.475592107971233 0.9999999999999997
1170 0.1029973237785177 0.3857166253225409 0.9999999999999998
1171 0.9545472620332023 0.9532724070318986 1
1172 0.9550000000000003 0.9999999999999998 0.1142307692307684
1173 0.9566666666666661 1 0.8899999999999987
1174 0.9234375000000005 0.9999999999999998 0.1895432692307681
1175 0.9258333333333317 0.9999999999999997 0.8117307692307671
1176 0.8999999999999986 1 0.7461538461538445
1177 0.9499999999999991 0.9999999999999998 0.719230769230768
1178 0.9105318379832088 1 0.5903690299685189
1179 0.8398102678939902 1 0.6209341968007078
1180 0.857812499999999 0.9999999999999999 0.5365155677655671
1181 0.7868384506335193 0.9999999999999998 0.5506753638132131
1182 0.9464282242063492 0.9999999999999997 0.2679439836618401
1183 0.8856041666666665 0.9999999999999998 0.2714791666666655
1184 0.9230994543650798 0.9999999999999998 0.3402359439502289
1185 0.8454027915564368 0.9999999999999998 0.330612755465433
1186 0.7569033703184693 0.9999999999999999 0.6807436312632655
1187 0.7054495843224029 0.9999999999999998 0.6319102023506502
1188 0.7664621270497154 0.9999999999999998 0.6159921370807169
1189 0.6881653119994672 0.9999999999999998 0.3821838664725948
1190 0.670788170823883 0.9999999999999998 0.4679025336554037
1191 0.8556041666666663 0.9999999999999993 0.2130176282051265
1192 0.8147731481481475 0.9999999999999998 0.2642032458282445
1193 0.7063838552775203 0.9999999999999998 0.5541211736889637
1194 0.6490173412362015 0.9999999999999998 0.5805338072412682
1195 0.8222512941261202 0.9999999999999998 0.7323794098220705
1196 0.8603650793650767 0.9999999999999999 0.7884786324786306
1197 0.8750425458545901 1 0.6902528232202256
1198 0.7508354143874054 0.9999999999999998 0.4269041033760924
1199 0.7633884769350848 0.9999999999999998 0.3386677497360571
1200 0.6360564177059695 0.9999999999999998 0.5026617788656221
1201 0.7477587658235331 0.9999999999999998 0.4967512888615983
1202 0.9156249999999996 0.9999999999999997 0.5371336996336985
1203 0.9186979166666664 0.9999999999999997 0.4825541819291811
1204 0.8671354166666658 0.9999999999999998 0.4421695665445657
1205 0.932060763888889 0.9999999999999998 0.4185840710215703
1206 0.8033872338523927 1 0.6575682545675023
1207 0.8124999999999984 0.9999999999999998 0.4563644688644683
1208 0.8170455265660044 0.9999999999999998 0.3990021248491539
1209 0.9323640046296288 0.9999999999999997 0.6536680911680898
1210 0.8690312499999997 0.9999999999999999 0.3896652930402922
1211 0.8808338388296566 0.7305727138211392 0.1191661611703493
1212 0.9169035649272808 0.7775535304871679 0.08309643507272356
1213 0.91869708222778 0.7112160052552478 0.08130291777222455
1214 0.9579461873249743 0.7386040586284489 0.04205381267502928
1215 0.9454561672578805 0.6612412383132593 0.05454383274212363
1216 0.8777975580969637 0.7998912181077651 0.1222024419030414
1217 0.9166037712315371 0.3399596800001925 0.08339622876846713
1218 0.9292867321969587 0.4170303320900351 0.07071326780304547
1219 0.9612273620696997 0.3574430732854163 0.03877263793030319
1220 0.9642592592592614 0.9522792022791999 0.03574074074074046
1221 0.8989969135802506 0.9389838556505189 0.1010030864197523
1222 0.7752777777777871 0.7837606837606816 0.2247222222222214
1223 0.7895218915344022 0.701918905168904 0.2104781084656068
1224 0.7409722222222328 0.7585470085470069 0.2590277777777769
1225 0.9532163265306179 0.271708006279436 0.0467836734693848
1226 0.9635555555555601 0.1962393162393178 0.03644444444444159
1227 0.8327136152123976 0.7505304679661974 0.1672863847876096
1228 0.8366358024691433 0.8308641975308608 0.163364197530863
1229 0.7941314562862258 0.8578869895536541 0.2058685437137812
1230 0.8386353615520341 0.8957739791073094 0.161364638447971
1231 0.7803074871924138 0.9249129471351671 0.2196925128075922
1232 0.7431710248473373 0.8456314159091923 0.2568289751526709
1233 0.6897078189300494 0.8752793605571372 0.3102921810699589
1234 0.8936538918695356 0.453900556526062 0.10634610813047
1235 0.8919111030531561 0.3892851058970464 0.1080888969468494
1236 0.6769180384087856 0.9323853803946391 0.3230819615912213
1237 0.8600000000000102 0.484615384615384 0.1399999999999968
1238 0.9546450515894847 0.8930894424396809 0.04535494841051725
1239 0.968257342459077 0.4236527290351388 0.03174265754092629
1240 0.946791514489945 0.4933448311971745 0.05320848551005921
1241 0.897993827160499 0.87796771130104 0.1020061728395048
1242 0.7233507282297664 0.9297015173326892 0.2766492717702409
1243 0.9545814385003746 0.8170998930401567 0.04541856149962831
1244 0.8335879524649412 0.9519341563785985 0.1664120475350632
1245 0.8939340014771322 0.5391276853567304 0.1060659985228735
1246 0.8425925925926032 0.5548433048433042 0.1574074074074046
1247 0.840035851938786 0.6870489428810815 0.1599641480612213
1248 0.8828449210712538 0.6388345711162526 0.1171550789287523
1249 0.8222222222222327 0.6239316239316226 0.1777777777777752
1250 0.9443956832990474 0.5949906681966839 0.05560431670095697
1251 0.7762693617724984 0.6481292989417977 0.2237306382275113
1252 0.9999999999999998 0.1536557069446345 0.6469917396440249
1253 1 0.07103109802301977 0.6668530576023992
1254 1 0.1262527414079367 0.7270653560657323
1255 1 0.06092982851927979 0.7278416970327197
1256 1 0.9285987549845499 0.2576499080312429
1257 1 0.9151875879992597 0.3397011383391634
1258 0.9999999999999998 0.9405943716283752 0.4936990819711662
1259 0.9999999999999999 0.8708177665144846 0.5492138610352679
1260 1 0.9424083265500758 0.5621966979401389
1261 0.9999999999999998 0.8821232339089512 0.7917326225362021
1262 1 0.9271640066282968 0.7238542211756571
1263 1 0.8420939262457154 0.7361329147043544
1264 0.9999999999999998 0.1980027878110956 0.3070517191190109
1265 0.9999999999999998 0.1566782706277363 0.2470753554149933
1266 0.9999999999999998 0.114628887307497 0.3175782444119066
1267 1 0.0765274680035327 0.04204982593906723
1268 1 0.08413155430031848 0.1206477165950464
1269 0.9999999999999998 0.1709018523661192 0.4873917289678016
1270 0.9999999999999998 0.2211444277421383 0.3939503416328766
1271 0.9999999999999998 0.1469251069442624 0.3995006702542779
1272 0.9999999999999998 0.220700689670272 0.6350738402002969
1273 0.9999999999999998 0.1738442638886182 0.55817228910391
1274 0.9999999999999998 0.2101649910163804 0.7216382069106193
1275 0.9999999999999998 0.3122094373803543 0.5062834024680321
1276 0.9999999999999998 0.3303809777538799 0.5970336454810035
1277 0.9999999999999998 0.3936577763941295 0.5255541160805128
1278 0.9999999999999998 0.2622998336138539 0.5763492703846587
1279 0.9999999999999998 0.3987672666217988 0.2036016475056401
1280 0.9999999999999998 0.4128326147023111 0.2806880641123581
1281 1 0.4818601435560566 0.2286501124142793
1282 0.9999999999999998 0.3400928151709426 0.2540110844017254
1283 1 0.4513021474904245 0.583409840558534
1284 0.9999999999999998 0.4739149773692737 0.6479176416995009
1285 0.9999999999999998 0.519982334062016 0.608170905758995
1286 1 0.08553781288156483 0.8124723366910943
1287 0.9999999999999998 0.5213115306121417 0.3769501131033461
1288 1 0.430817348344657 0.3634959647290468
1289 0.9999999999999998 0.4556948460514819 0.454421540167453
1290 0.9999999999999998 0.3758875813956679 0.4377084855831236
1291 0.9999999999999998 0.5554532409869544 0.284311440870582
1292 0.9999999999999998 0.5385722798555154 0.1912911514254584
1293 0.9999999999999998 0.1181028809919034 0.1882213344584031
1294 1 0.03362379807692185 0.1849459134615437
1295 0.9999999999999998 0.08174521470921203 0.2486432152156249
1296 0.9999999999999998 0.4759488514957307 0.3002677617521544
1297 0.9999999999999998 0.6970241750755928 0.1862745774917277
1298 0.9999999999999998 0.7121779669347491 0.2398814866849967
1299 1 0.7707903871532145 0.1781139342348329
1300 0.9999999999999998 0.2370484872422516 0.4826280761989826
1301 1 0.7328544803168214 0.05933850763796902
1302 1 0.7859772758004315 0.04943842696524336
1303 0.9999999999999998 0.2922132727389001 0.4097868166477784
1304 1 0.3521022920782239 0.3444114678577896
1305 1 0.786446063257989 0.2447097634137437
1306 1 0.7448715320774711 0.3113946226941728
1307 1 0.8450125879559117 0.293553921405165
1308 1 0.5148719582601098 0.09144992410971405
1309 1 0.5965870767915138 0.07400674118458994
1310 0.9999999999999998 0.3998321110072442 0.6191802903163749
1311 1 0.5743450727437779 0.8930688124447451
1312 1 0.5191978228263928 0.9354037417143516
1313 1 0.5770329808893938 0.953098150042206
1314 0.9999999999999998 0.4993815076740002 0.532047935551239
1315 1 0.9186323831867206 0.6336875790594727
1316 1 0.7490538897579825 0.8382190441376788
1317 1 0.7270972758827821 0.9328697886032604
1318 1 0.7985970156338159 0.9302208603988755
1319 1 0.6862781637932689 0.8751384771922583
1320 1 0.8087276827692946 0.3590608915563606
1321 0.9999999999999999 0.4264718329871814 0.8303926017321276
1322 0.9999999999999999 0.3939913262401127 0.8762786777104001
1323 1 0.4563769765347598 0.9152235669558911
1324 1 0.3965270299176863 0.9359762834988323
1325 1 0.06173921263440073 0.9412015110420098
1326 1 0.05367588008538653 0.882103348161296
1327 1 0.9503528610719405 0.9267278317802236
1328 1 0.5074319067904104 0.8510319208432431
1329 1 0.4635642393756026 0.7722760253661144
1330 1 0.944742799110984 0.1822488102405106
1331 1 0.5311740432818651 0.7753534422438738
1332 0.9999999999999998 0.593699321048734 0.3507545037561606
1333 1 0.7357531583371263 0.5717186762067981
1334 0.9999999999999999 0.8182216667017143 0.6079406190104839
1335 1 0.7910281725537638 0.5197210458314752
1336 0.9999999999999998 0.5481639309080559 0.6748781175821029
1337 1 0.5015423433416318 0.715424455537935
1338 0.9999999999999998 0.5814820976361774 0.7479474186965818
1339 1 0.1543736728815261 0.8102309076794157
1340 1 0.1093062223013664 0.8824260288065913
1341 1 0.1169349155120969 0.946746699021791
1342 0.9999999999999998 0.274569173606102 0.3189043132445363
1343 0.9999999999999998 0.3231688049027598 0.1810164609886855
1344 0.9999999999999998 0.5893903651210635 0.146125945910241
1345 1 0.05364908714243792 0.4761896965781878
1346 1 0.06957451215384525 0.4001910557761603
1347 0.9999999999999998 0.05731444365374759 0.3126352760521101
1348 0.9999999999999999 0.335825421658763 0.8777786865220475
1349 0.9999999999999999 0.3547553701021728 0.8220222498431029
1350 0.9999999999999999 0.7499477875441567 0.6363238473831573
1351 0.9999999999999998 0.459491110113442 0.158414765565846
1352 1 0.4200628759392299 0.07031086468184369
1353 0.9999999999999998 0.6263421801932159 0.2191954157434767
1354 1 0.6482873620854408 0.1361351139679948
1355 1 0.3393917937984499 0.9439796437115041
1356 1 0.3737714895513359 0.1318783869765192
1357 0.9999999999999998 0.6452699618554634 0.2983991881963964
1358 1 0.6654369782191211 0.3648292065684812
1359 1 0.7255394582920711 0.386075017294795
1360 0.9999999999999998 0.6874390862755011 0.4400755988842091
1361 1 0.7524146984142901 0.4412619368727332
1362 1 0.08017570578660696 0.572555427026444
1363 1 0.2741018790827919 0.06617938897072971
1364 1 0.1988966356468914 0.05681209346330494
1365 1 0.7699938949938983 0.7420634920635046
1366 1 0.8173049642628755 0.7899076742418687
1367 1 0.1367327770573988 0.07072718783444169
1368 0.9999999999999998 0.1702620734900999 0.1341263031747841
1369 1 0.8191246002140173 0.4398817241955317
1370 1 0.3876335762502361 0.7620715099947182
1371 0.9999999999999998 0.8695982965986387 0.4745337414826115
1372 1 0.859377842168598 0.2006048520495495
1373 0.9999999999999998 0.7014908206872529 0.7502143293214861
1374 1 0.7229699679388291 0.6885621583991511
1375 0.9999999999999998 0.7907298789548853 0.6782663878814819
1376 1 0.34824441612044 0.06668403134374637
1377 1 0.8780507505391568 0.9290028811920357
1378 0.9999999999999998 0.4271317336022907 0.6993822218447887
1379 0.9999999999999999 0.9425960401415717 0.07945591865749069
1380 0.9999999999999998 0.8879565490365737 0.1173660475989256
1381 1 0.2287610487170529 0.9474611386139715
1382 1 0.6074273612184963 0.4324739280435194
1383 0.9999999999999998 0.5353877784467188 0.4614792566739767
1384 1 0.5678306538659608 0.5767730951639107
1385 0.9999999999999998 0.5933602368813361 0.5245907457854694
1386 1 0.8376865578197227 0.8568694037941983
1387 1 0.9124372994786921 0.8601991911789034
1388 0.9999999999999998 0.1710637592458425 0.9049198602243382
1389 1 0.6820642657882281 0.6351313954178701
1390 1 0.7692307692307734 0.1153846153846254
1391 1 0.8266077284232629 0.1373386956831545
1392 1 0.9459665849551089 0.7955990594345241
1393 1 0.8614553297031654 0.6770280252040006
1394 1 0.1072981742848793 0.4908409316179078
1395 1 0.665466848307011 0.06512615385859905
1396 1 0.7147755497347592 0.126096906464088
1397 1 0.6412248722924535 0.93088048060569
1398 0.9999999999999998 0.2722988251080835 0.9061432485366191
1399 0.9999999999999998 0.2236597727402985 0.819749125272257
1400 0.9999999999999998 0.7186960146669756 0.5202634122738818
1401 1 0.6537658224278813 0.7937694777473021
1402 1 0.640285857661633 0.7016206693898166
1403 0.9999999999999998 0.6313410204372574 0.8645636871494058
1404 1 0.5775215514392964 0.8177760419984771
1405 0.9999999999999999 0.3498122781724716 0.681135516420511
1406 0.9999999999999998 0.2761739987556008 0.6627606854223547
1407 1 0.8864084918558812 0.05494804744087731
1408 1 0.8322591008704899 0.07791827094796243
1409 0.9999999999999998 0.6543674500309564 0.5000714514527174
1410 0.9999999999999998 0.5909871780894843 0.6325055735119154
1411 0.9999999999999998 0.2429447132655225 0.1391035780492288
1412 0.9999999999999999 0.2896347862132327 0.8315081590244089
1413 1 0.2904657060843789 0.7631476279634608
1414 0.9999999999999998 0.1827940163370998 0.1877310489003088
1415 0.9999999999999998 0.2447958366096077 0.2332265703847031
1416 0.9999999999999998 0.3065937467894054 0.1146331804620822
1417 1 0.8738541507340984 0.4048310052344756
1418 0.9999999999999998 0.6649145511124723 0.5829535722765061
1419 0.9999999999999999 0.8619576353842772 0.3493810149477622
1420 0.9999999999999998 0.9347958821232769 0.4231193004382976
1421 0.1099999999999875 1 0.04333333333333721
1422 0.8857692307692138 1 0.04499999999999992
1423 0.176284658215044 1 0.07252059333385481
1424 0.8105128205127946 0.9999999999999998 0.07666666666666747
1425 0.7241353473623539 1 0.06581301965230679
1426 0.7406410256409958 0.9999999999999999 0.1183333333333358
1427 0.5827436204899322 1 0.2669262644632706
1428 0.6434271213956141 1 0.2842798768291977
1429 0.6396805881045253 1 0.2057552833614576
1430 0.2728276925034542 1 0.1749519387742349
1431 0.2718309498994328 0.9999999999999999 0.08449109275635004
1432 0.214188660123582 1 0.1363927249728897
1433 0.6917662288757178 1 0.2447164631504395
1434 0.55969954327336 1 0.2008551499987539
1435 0.4680782723329165 1 0.1329625692581053
1436 0.5032250072120105 1 0.1833270000997574
1437 0.5347070996581555 0.9999999999999999 0.1313668865348143
1438 0.4678316931464874 1 0.3295130228017135
1439 0.3825389726406815 1 0.311774288094984
1440 0.6095772617694363 1 0.1328463354616685
1441 0.3408818021224917 1 0.2346543233974626
1442 0.427347288535478 1 0.2506187682693629
1443 0.4521420291697723 1 0.1930817611275359
1444 0.5963722909035314 1 0.3382812500000041
1445 0.7869487179486946 0.9999999999999999 0.1444126984126997
1446 0.7328827557272013 1 0.1801635457159081
1447 0.6849358974358646 0.9999999999999999 0.1291666666666689
1448 0.5004278740725878 1 0.06658742208198853
1449 0.4265814180779759 1 0.0678193499622075
1450 0.5054242814176989 1 0.2536000032518363
1451 0.5427445818070722 1 0.3265625000000015
1452 0.5732004543665752 0.9999999999999998 0.06737572673680464
1453 0.3991629177599152 1 0.1933959753220142
1454 0.5026440687383903 1 0.3640188807004289
1455 0.3585150818932621 0.9999999999999998 0.07378597896720451
1456 0.3417061395951353 1 0.1494702884286755
1457 0.6505363417230055 1 0.06443797044280772
1458 0.4070183933922685 1 0.135542421354786
1459 0.1191661611703501 0.7305727138211537 0.1191661611703489
1460 0.08309643507272446 0.7775535304871829 0.08309643507272305
1461 0.08130291777222598 0.7112160052552632 0.08130291777222459
1462 0.04205381267503062 0.7386040586284637 0.0420538126750291
1463 0.05454383274212548 0.6612412383132739 0.05454383274212408
1464 0.1222024419030419 0.7998912181077804 0.1222024419030406
1465 0.08339622876846997 0.3399596800002029 0.08339622876846947
1466 0.07071326780304822 0.4170303320900478 0.07071326780304749
1467 0.03877263793030623 0.3574430732854286 0.03877263793030557
1468 0.03574074074073996 0.9522792022792068 0.03574074074073914
1469 0.1010030864197525 0.9389838556505301 0.1010030864197514
1470 0.2247222222222193 0.7837606837606922 0.2247222222222187
1471 0.2104781084656057 0.7019189051689145 0.2104781084656051
1472 0.2590277777777741 0.7585470085470146 0.2590277777777737
1473 0.04678367346938788 0.2717080062794458 0.04678367346938739
1474 0.03644444444444421 0.1962393162393254 0.03644444444444384
1475 0.1672863847876092 0.7505304679662103 0.1672863847876082
1476 0.1633641975308625 0.8308641975308741 0.1633641975308614
1477 0.2058685437137799 0.8578869895536652 0.2058685437137792
1478 0.1613646384479706 0.8957739791073216 0.1613646384479696
1479 0.2196925128075909 0.9249129471351769 0.2196925128075902
1480 0.2568289751526687 0.8456314159092007 0.2568289751526682
1481 0.3102921810699559 0.8752793605571418 0.3102921810699557
1482 0.106346108130472 0.4539005565260741 0.1063461081304713
1483 0.1080888969468516 0.3892851058970567 0.1080888969468511
1484 0.3230819615912189 0.9323853803946426 0.3230819615912187
1485 0.139999999999998 0.4846153846153948 0.1399999999999974
1486 0.04535494841051753 0.8930894424396927 0.04535494841051631
1487 0.03174265754092901 0.4236527290351518 0.03174265754092816
1488 0.05320848551006192 0.4933448311971887 0.05320848551006092
1489 0.1020061728395051 0.8779677113010538 0.1020061728395038
1490 0.276649271770239 0.9297015173326958 0.2766492717702386
1491 0.0454185614996291 0.8170998930401707 0.04541856149962766
1492 0.166412047535063 0.9519341563786092 0.166412047535062
1493 0.1060659985228751 0.5391276853567442 0.1060659985228743
1494 0.1574074074074049 0.5548433048433153 0.1574074074074044
1495 0.1599641480612216 0.6870489428810951 0.1599641480612207
1496 0.1171550789287534 0.6388345711162671 0.1171550789287524
1497 0.1777777777777751 0.6239316239316341 0.1777777777777745
1498 0.05560431670095912 0.5949906681966985 0.05560431670095787
1499 0.2237306382275095 0.6481292989418064 0.2237306382275092
1500 0.1754194940672285 0.5960499980620505 0
1501 0.2417764637834706 0.5621570385193122 0
1502 0.1780763100902724 0.5268932861952644 0
1503 0.294561798094288 0.6828526040357172 0
1504 0.2797234118815467 0.7569823215082232 0
1505 0.3617777878185701 0.735738472185735 0
1506 0.8581282914616283 0.9139488906155544 0
1507 0.8013200955064608 0.9302752613842651 0
1508 0.5740006598783207 0.9405912706353884 0
1509 0.5136980814528768 0.9484644841973204 0
1510 0.05283855547744681 0.9492952880452868 0
1511 0.06462317016219427 0.8878424944397152 0
1512 0.7399132325514216 0.1647932886884825 0
1513 0.8134267985294295 0.1815134936155462 0
1514 0.7802562198285824 0.112719891397238 0
1515 0.8645231208316684 0.1281625744740773 0
1516 0.7302009773832555 0.562385288447517 0
1517 0.7198463440121774 0.6427520056759687 0
1518 0.7819422779023272 0.6332622281923275 0
1519 0.1099034196653925 0.5655918622950511 0
1520 0.05610036722150127 0.5086035179947206 0
1521 0.0485122542814078 0.5670780859654438 0
1522 0.2138786555790701 0.2272191282268215 0
1523 0.2653017345189344 0.2442010241980465 0
1524 0.2536397034084004 0.1712027629135935 0
1525 0.7546098826457079 0.7021950186979539 0
1526 0.9488461538461538 0.05192307692307477 0
1527 0.9394222643714921 0.1062449901334531 0
1528 0.2115384615384675 0.9230769230769195 0
1529 0.120860939472055 0.9338836163836141 0
1530 0.5196589536045654 0.8932318744778202 0
1531 0.1135292005685869 0.4792755104856885 0
1532 0.959316711030984 0.2965660133578107 0
1533 0.9344229912785904 0.2358621863916313 0
1534 0.2329682144503624 0.6355823843948529 0
1535 0.3787764760776453 0.458554945645071 0
1536 0.4067501733385793 0.3841212852387486 0
1537 0.3208000849673689 0.381332134375693 0
1538 0.785625035972263 0.7821356369967432 0
1539 0.8403945077556227 0.7863208293763806 0
1540 0.8347983035483074 0.6876402918069523 0
1541 0.8801967753718365 0.727897936361473 0
1542 0.3642953023218092 0.334971738808843 0
1543 0.8201579783337649 0.5616509681309957 0
1544 0.8493136710868014 0.6277458233672942 0
1545 0.9002163701507886 0.5826711252032777 0
1546 0.5661465071256512 0.785503751478376 0
1547 0.5204115709774462 0.7099453953287791 0
1548 0.4965239190818428 0.7746940251922543 0
1549 0.5224333820225446 0.5508173014027217 0
1550 0.5416477126817367 0.6250618107702288 0
1551 0.5994038315325189 0.5406000604564745 0
1552 0.4422064809326973 0.7171984033101351 0
1553 0.3833755068916819 0.6646592193441871 0
1554 0.3268238938283469 0.6019284637123667 0
1555 0.7105874827660873 0.4649098725290226 0
1556 0.785479520397665 0.4756114748427984 0
1557 0.8246049496628244 0.8564582374073073 0
1558 0.5750550086379476 0.1797815729055102 0
1559 0.6686994807786077 0.1909499030711057 0
1560 0.6170176746966589 0.1227027370963715 0
1561 0.9294871794871815 0.9358974358974345 0
1562 0.2300366611799264 0.4040136348545409 0
1563 0.1675113038149976 0.3450870351053629 0
1564 0.1403295463263381 0.4201025189961108 0
1565 0.6047111567552521 0.2387741379269057 0
1566 0.06354847041870348 0.4391850356438179 0
1567 0.4504833977925281 0.8388309180711225 0
1568 0.4512138304802968 0.9299888269407663 0
1569 0.211373998055761 0.7964793165342012 0
1570 0.1405995331088924 0.7655869510110639 0
1571 0.1479027307201965 0.8542781601114903 0
1572 0.6694852494237977 0.5330910130791884 0
1573 0.8893475697894282 0.05684445155579967 0
1574 0.4661834686760672 0.4315038255622964 0
1575 0.4625736817086538 0.5036630310704079 0
1576 0.08821026163138665 0.1368202430792395 0
1577 0.06410256410256519 0.0705128205128201 0
1578 0.3121493973042919 0.5165505119124698 0
1579 0.2399304287347967 0.4876843362997446 0
1580 0.7225184894754983 0.4074306386391986 0
1581 0.7364940476256143 0.3377312055554083 0
1582 0.6778348785679352 0.3707908419128889 0
1583 0.07127213897985721 0.648206837382244 0
1584 0.07133170839579349 0.3809748202325424 0
1585 0.2028443429010135 0.1105428218563395 0
1586 0.1609689849595279 0.1723651931216313 0
1587 0.9038461538461561 0.846153846153843 0
1588 0.9647435897435912 0.8910256410256399 0
1589 0.1336988725612387 0.07942324861385658 0
1590 0.2980120404838427 0.4505612470700944 0
1591 0.1795316995669754 0.4659302992467877 0
1592 0.9608909608909625 0.8042605542605517 0
1593 0.9217819217819246 0.7623672623672584 0
1594 0.201073165452731 0.7132958645279723 0
1595 0.6553941275726958 0.9271298069052432 0
1596 0.6997206830136261 0.84500591233739 0
1597 0.6006546695382713 0.8560183262340907 0
1598 0.3300968316465344 0.1386693256332993 0
1599 0.3518110890486477 0.06174051535687539 0
1600 0.2681528427479786 0.07615042309797966 0
1601 0.6455417882265778 0.7761381532588685 0
1602 0.6745638802954328 0.6945098916709759 0
1603 0.5942198907006457 0.7110255059445338 0
1604 0.07565712135362657 0.2032573661584798 0
1605 0.07835976736657677 0.2876056871289763 0
1606 0.1556584706350442 0.2578533628159341 0
1607 0.417707632802922 0.7734376634232706 0
1608 0.5326860841687645 0.3893957142749661 0
1609 0.468922365620439 0.3752626171662371 0
1610 0.4892638975766471 0.2626714364710324 0
1611 0.427911897106348 0.3185003571604234 0
1612 0.4971589650256851 0.321859877742955 0
1613 0.4328872385898423 0.2256214573815318 0
1614 0.6658245226995283 0.6126539972373214 0
1615 0.6144870975638325 0.6371921778922811 0
1616 0.5323985163811338 0.1246092523487045 0
1617 0.8666326716094407 0.322872621896763 0
1618 0.9220493801410693 0.3528372598418016 0
1619 0.899586039493034 0.2771204123483824 0
1620 0.3919802896453274 0.5385854686352308 0
1621 0.7311189171322223 0.9288140731238745 0
1622 0.1977613108279218 0.05357248153463803 0
1623 0.8388980021934873 0.2519259622259571 0
1624 0.80492457287647 0.2988985705587398 0
1625 0.7290474730332435 0.271778656799866 0
1626 0.6677413487809143 0.2930273990879947 0
1627 0.7694224665453167 0.2260660065321171 0
1628 0.4199264043016874 0.06243091960477165 0
1629 0.4440642775358858 0.1367219922016937 0
1630 0.4974493301086449 0.06279472704221367 0
1631 0.6968059053581864 0.1182369871266358 0
1632 0.7385204322176985 0.05649013635871529 0
1633 0.6551780759077195 0.06160502068229713 0
1634 0.387042635222431 0.1164757456060734 0
1635 0.4962658289080984 0.191631788953336 0
1636 0.945097982048405 0.5415016541929339 0
1637 0.9225762503232653 0.4387105587909685 0
1638 0.8697111888577589 0.5045444580675926 0
1639 0.4596415157758549 0.5762451269056746 0
1640 0.07102256583405805 0.809021007106888 0
1641 0.8049117989248521 0.3913989619569606 0
1642 0.3008241924889298 0.3012963404346992 0
1643 0.9238123684014909 0.6752633618953015 0
1644 0.3048347091365581 0.9479590478409013 0
1645 0.2967289397845025 0.8706788581788536 0
1646 0.2505681703793847 0.3501016418483109 0
1647 0.7687401351620781 0.8704734581163547 0
1648 0.1312306317067768 0.7101123462821057 0
1649 0.3229058960827127 0.2205167398723609 0
1650 0.379079584339839 0.179468399751931 0
1651 0.871287765608213 0.3885559077229593 0
1652 0.8507933048223506 0.4397642722762554 0
1653 0.8807789490146518 0.2073925393556889 0
1654 0.9365245542494003 0.1770462791617045 0
1655 0.3719757809236607 0.2644144176708433 0
1656 0.2272134593547157 0.2872919464503432 0
1657 0.3517200937704558 0.8107202217778733 0
1658 0.2778665552451653 0.8139725272616594 0
1659 0.4716064382958892 0.650140137753676 0
1660 0.8141501151030616 0.05815705970470337 0
1661 0.3772887038779501 0.8994056848983446 0
1662 0.5739690611163575 0.06103368644397712 0
1663 0.1476252788608292 0.6546308093634134 0
1664 0.0730099610130609 0.7310338216944434 0
1665 0.5233058303519351 0.8346698763812491 0
1666 0.2280107592717203 0.8531881962825033 0
1667 0.5470066810346552 0.2309507621057084 0
1668 0.5650532645441368 0.2991610524642111 0
1669 0.4032766423802978 0.6000972350674945 0
1670 0.7142992364650202 0.7596464815537919 0
1671 0.5261258030380022 0.4810598589414536 0
1672 0.5901899986604577 0.4521442065617407 0
1673 0.6151687236165621 0.3647785614858708 0
1674 0.6472517833410886 0.4509864047959741 0
1675 0.04333333333333565 0.9999999999999998 0.1100000000000019
1676 0.0450000000000026 1 0.8857692307692153
1677 0.07246124406887905 0.9999999999999998 0.176411577672669
1678 0.07656250000000421 1 0.8104567307692102
1679 0.05000000000000546 1 0.7192307692307455
1680 0.1175000000000054 1 0.7401923076922865
1681 0.1857793945942229 1 0.6639321196755708
1682 0.2462766993507909 1 0.6754450998764302
1683 0.1826564551781764 0.9999999999999998 0.728179761016019
1684 0.3579739755555107 0.9999999999999996 0.4967012236468281
1685 0.3305427301676147 0.9999999999999998 0.4316862316615355
1686 0.1642985814131575 0.9999999999999998 0.2555910021301316
1687 0.0862931493227885 0.9999999999999998 0.2708413922786123
1688 0.1346105949609658 0.9999999999999998 0.2105687944162847
1689 0.1499509337528409 0.9999999999999998 0.379073744354331
1690 0.08029660960019668 0.9999999999999997 0.3422072446385179
1691 0.1425866676021914 0.9999999999999998 0.3091491784666104
1692 0.3137538354141485 0.9999999999999999 0.6080510013926967
1693 0.3261009156384116 0.9999999999999998 0.5515310775526561
1694 0.2505952380952405 0.9999999999999998 0.5343152218152113
1695 0.1984233135779152 0.9999999999999998 0.5910569013050856
1696 0.1874595428981483 0.9999999999999998 0.5001046110160511
1697 0.2673639517672409 1 0.3718167145037927
1698 0.2379464285714308 0.9999999999999998 0.4483325702075615
1699 0.2085276116693095 0.9999999999999998 0.3887753898157033
1700 0.06178974544713231 1 0.5802349577026383
1701 0.07076343420057818 1 0.4974240931981108
1702 0.1253446854851667 1 0.5429715088870163
1703 0.2598686051248624 1 0.600030316074619
1704 0.1440148809523843 1 0.7869201007325831
1705 0.1250000000000053 1 0.6826923076922862
1706 0.1344972673478067 1 0.4594666321751678
1707 0.1336390294969745 1 0.62059943179071
1708 0.180940880206529 0.9999999999999998 0.4317397192653027
1709 0.2160058013150825 0.9999999999999998 0.3202979105363278
1710 0.3005147552791207 0.9999999999999998 0.4882864466059006
1711 0.05844984053712771 1 0.6512579796124452
1712 0.07258470748357242 1 0.4207209267533226
1713 0 0.1171930176674278 0.4989590102278484
1714 0 0.06309517834546086 0.434612392609086
1715 0 0.04625245871337481 0.5012629442263862
1716 0 0.1078859898216514 0.7577627648156897
1717 0 0.1212421701566044 0.6789859355202525
1718 0 0.07200975750581418 0.7044474068307979
1719 0 0.3893576481288672 0.4015645273862744
1720 0 0.3120135555818948 0.3436462725803034
1721 0 0.3048594046166097 0.4291070396910721
1722 0 0.7904097512740419 0.2310827340525887
1723 0 0.866543175124052 0.1712310647072162
1724 0 0.7965867012819832 0.1388348753920393
1725 0 0.9423546420117963 0.05906335016457625
1726 0 0.9320405163207583 0.1224732204303662
1727 0 0.3803244714300704 0.3245049830922049
1728 0 0.8755733226193122 0.2595204299921298
1729 0 0.651437514417012 0.9385170525102524
1730 0 0.5818243969455237 0.9425284364002806
1731 0 0.9533894470764692 0.9262619500117565
1732 0 0.8677363345075364 0.9237457912656211
1733 0 0.9312014250687953 0.7965280620455488
1734 0 0.8632541713748569 0.7499095760926294
1735 0 0.8609017524968388 0.8281648031971188
1736 0 0.06799146543349183 0.1164618780690156
1737 0 0.06070293343021093 0.05734265734265337
1738 0 0.4576554536856862 0.4882630231613028
1739 0 0.3711263094020196 0.4831182134059291
1740 0 0.395416091974553 0.5418738477973337
1741 0 0.358881431178478 0.7701653030513711
1742 0 0.4410757329434557 0.763620307999567
1743 0 0.40548136905027 0.6986034116660311
1744 0 0.4693899758859296 0.7023811143003116
1745 0 0.6163085910293414 0.8824476364718121
1746 0 0.1430716759928998 0.4079953163145375
1747 0 0.2951046197116253 0.2484759200820286
1748 0 0.2437059357540111 0.3021114190152889
1749 0 0.2274828237984044 0.3796786610454063
1750 0 0.9379884993366678 0.2054791690682503
1751 0 0.0535316129562674 0.7788062034750802
1752 0 0.7549925423841699 0.2996761104682432
1753 0 0.6834980227845725 0.3336735323663125
1754 0 0.7601263451897277 0.3654748089415257
1755 0 0.7881537828226153 0.06807553505310049
1756 0 0.873519651105137 0.08125839622112803
1757 0 0.5350791466759062 0.7561350176947348
1758 0 0.5305015464114187 0.6613404564485453
1759 0 0.7861885819651208 0.7891958770684813
1760 0 0.7374723931370215 0.109493054877853
1761 0 0.7191177351628193 0.1783194601711408
1762 0 0.6803980427817509 0.2627408565179381
1763 0 0.6799475982355873 0.4419278258642009
1764 0 0.6344903678948773 0.3825010573888297
1765 0 0.5966851589275604 0.4361146679299547
1766 0 0.1748386484945018 0.7233915514807243
1767 0 0.3301538860082434 0.9196818049753785
1768 0 0.2652893037319846 0.9391755458494963
1769 0 0.1436021935916802 0.2152714332190741
1770 0 0.1625249005904866 0.3063637816116651
1771 0 0.2214037790876445 0.2323924597570415
1772 0 0.5967608469355064 0.6042525129008418
1773 0 0.6697719205759237 0.5650589930730091
1774 0 0.5945380912579723 0.5477899688057346
1775 0 0.6585130872033412 0.623433805580961
1776 0 0.2835947528531071 0.1764339634658936
1777 0 0.337805864640595 0.1331936633521151
1778 0 0.2917128326219303 0.09908216783216675
1779 0 0.1334123028397716 0.5879026791262784
1780 0 0.2345387483044143 0.6045600534387801
1781 0 0.1931259683260506 0.5394541284000572
1782 0 0.3212112873487764 0.5759865578637045
1783 0 0.2556104189535428 0.5373270606862122
1784 0 0.6064768445870738 0.3172603925047009
1785 0 0.5402214936023479 0.370678889624534
1786 0 0.9095171062606515 0.4532387908450896
1787 0 0.8237805956546633 0.4232497215091107
1788 0 0.8587078899537022 0.5091545207587962
1789 0 0.7984757447462708 0.4901666556809762
1790 0 0.6717444156550864 0.1215565303312099
1791 0 0.4957744696912771 0.04791311862486434
1792 0 0.484660918701719 0.1130822942365309
1793 0 0.561885816160558 0.06806727660424211
1794 0 0.5533538650548042 0.135422397119185
1795 0 0.06923076923077257 0.953846153846152
1796 0 0.1880403099512117 0.6600409993253601
1797 0 0.5199625951553001 0.567813067417315
1798 0 0.3574249891896416 0.06998330850861244
1799 0 0.7918406171768824 0.8653780575056101
1800 0 0.7335464768414248 0.8336564592402376
1801 0 0.9352750175330623 0.7215660604090265
1802 0 0.6714579750688902 0.8820483359661601
1803 0 0.6498892400426538 0.8225775241272308
1804 0 0.11795406973979 0.9161281179138303
1805 0 0.8654199847264963 0.6699580219740066
1806 0 0.3979086288549596 0.8235970081785861
1807 0 0.7187271493214505 0.7585542856112995
1808 0 0.3143379881707121 0.5019343174906834
1809 0 0.4014763353709043 0.1239631129725353
1810 0 0.1149035917499961 0.06278880951499714
1811 0 0.310428215822025 0.6392638609524487
1812 0 0.2519079680292 0.7011102493977217
1813 0 0.2119052449752627 0.763409924798787
1814 0 0.7506720700094136 0.4367305270145092
1815 0 0.7296856682856366 0.4971478454686108
1816 0 0.6415019785955159 0.5006749673598957
1817 0 0.06450214108541563 0.6395206654634684
1818 0 0.132200490821984 0.1319114352889015
1819 0 0.2096487096247714 0.140349118415429
1820 0 0.712757013736073 0.05954120118782322
1821 0 0.07070472542847905 0.191046141279978
1822 0 0.7983571152786181 0.9464383228677986
1823 0 0.07715934410766072 0.2655525612674854
1824 0 0.08183618292181971 0.8393923491946413
1825 0 0.1540382334326399 0.8634692443478638
1826 0 0.1546700441153246 0.7903545996963079
1827 0 0.2440230452356522 0.06286968128053737
1828 0 0.05380420437847644 0.8957194780370774
1829 0 0.1804962167105686 0.06691973777034599
1830 0 0.4304100962594651 0.877433439027602
1831 0 0.494132504045029 0.9237026050854329
1832 0 0.4797138460151892 0.830839993106368
1833 0 0.5554692805244046 0.8844254090000849
1834 0 0.8116375908146003 0.3240904630427777
1835 0 0.6405688592593209 0.06141998785261014
1836 0 0.2076130556696357 0.8297743502347004
1837 0 0.05957392254738193 0.5624945679472666
1838 0 0.8830955294359681 0.5890692812501528
1839 0 0.7876276248858518 0.5588376913761266
1840 0 0.2148381026177594 0.4647002462378365
1841 0 0.7071467148903221 0.3891125736293641
1842 0 0.9434613945861525 0.2682568804975195
1843 0 0.6161991520132469 0.7646808598133508
1844 0 0.5701735541707764 0.8225854400771392
1845 0 0.3193489550940981 0.839065663106314
1846 0 0.3719350861379356 0.8784858783873075
1847 0 0.8184982237248508 0.6303233518414798
1848 0 0.9414114723490892 0.6470511135306102
1849 0 0.903745150974782 0.3378232649656657
1850 0 0.9396886552648278 0.3936274855578068
1851 0 0.4090508651824501 0.9349373140128387
1852 0 0.3406337503667452 0.7063302646135461
1853 0 0.2797764660814001 0.7817178067491148
1854 0 0.4301749119320315 0.05505621951964335
1855 0 0.5953462083450692 0.2485991521561726
1856 0 0.6495134704644898 0.1996478987056389
1857 0 0.4401089498969137 0.1812533271051385
1858 0 0.9327422781582297 0.5193561280933798
1859 0 0.1975221923989958 0.9135222131167976
1860 0 0.3549918638102841 0.2699464226249914
1861 0 0.6082381343475169 0.1319177555227954
1862 0 0.5703478941142297 0.1880276479680645
1863 0 0.5323010356693654 0.293348539508253
1864 0 0.456056327950306 0.326190760398925
1865 0 0.464334172676967 0.410028307882531
1866 0 0.3548204131673923 0.1965057639813674
1867 0 0.7313418157659769 0.9240779062232685
1868 0 0.9504578432994308 0.5838346805867745
1869 0 0.9277776090080121 0.8641433171898901
1870 0 0.2603089017911224 0.8626737111553106
1871 0 0.4084491372698938 0.2546846522717382
1872 0 0.474782096451587 0.2396646329939427
1873 0 0.8811679724110183 0.396566607995185
1874 0 0.774879180568409 0.6941824985860419
1875 0 0.5098520828055441 0.179900607710108
1876 0 0.3822154916987863 0.6237514740814559
1877 0 0.519207561787317 0.4285588714503604
1878 0 0.5543483163796066 0.4975991438782853
1879 0 0.6013660512317373 0.6865284347116861
1880 0 0.6864127404245721 0.6964672584961202
1881 0 0.07066979078438923 0.3526644188129835
1882 0 0.4577906422406078 0.6370493054558402
1883 0 0.4457637519741341 0.5645908939937831
1884 0 0.7340514547181659 0.6190748468689666
1885 0 0.5330399624535044 0.2305695777324389
1886 0 0.4225999270849116 0.4447008581615711
1887 0 0.7333523170353289 0.5630390045260537
1888 0 0.7354038970278965 0.2469117952852634
1889 0.4383458595460235 0.5368253297997863 0.5453119899613159
1890 0.4282645121407181 0.5474864737883172 0.6580829737840451
1891 0.3989784641193971 0.069767485559834 0.4403250233595252
1892 0.3795506789209062 0.07444321812620182 0.6679101848149149
1893 0.6558975464830454 0.08145260136275331 0.6385215929344999
1894 0.7005479151632671 0.1795905097929178 0.3125667914745716
1895 0.540969344634423 0.3928673556201213 0.7510149418954082
1896 0.6562044272567638 0.319249354190011 0.777129224200076
1897 0.1637208213424093 0.1879954167799127 0.8116242860915935
1898 0.4738994893346508 0.3759275154385816 0.2420810754548479
1899 0.2809247644136957 0.08343745755708748 0.7574520874771772
1900 0.5662776032833632 0.6229608933181022 0.6556450844058359
1901 0.6730304272898988 0.413522996410546 0.4530491082278033
1902 0.8715362376042172 0.0967498927448609 0.6630729563327872
1903 0.2060441906676568 0.07882325851477147 0.7995999190880931
1904 0.6795555030412962 0.5623427174015124 0.3311479124543842
1905 0.559325245559453 0.2019200879333873 0.8305038122785883
1906 0.8717385489363734 0.08601612548865746 0.3845396246519994
1907 0.5749541668974438 0.5401936967934086 0.6837748487386368
1908 0.8768759796638662 0.08443027333082348 0.2457478550123242
1909 0.6879669086054152 0.5599043225512826 0.465054092163136
1910 0.5513652709164327 0.08700340890119297 0.2115453077371854
1911 0.6666817572979151 0.3194221042734293 0.2168731762754573
1912 0.2261358344962326 0.323742958398342 0.6540254400225637
1913 0.6356534666791525 0.6691577593882921 0.3540949486606831
1914 0.4792151330818417 0.1496509947786917 0.3002278156272526
1915 0.4919111242231057 0.177322471143811 0.4783827646187526
1916 0.5790813323013262 0.177125575552159 0.3084915252019333
1917 0.8418561574425135 0.1707831231598206 0.3879110239511959
1918 0.5629629721463164 0.07270084956276683 0.8947985322006756
1919 0.6515940149392107 0.09034904925095286 0.8759131322289216
1920 0.5600669497254187 0.3748437398571997 0.2328155475076032
1921 0.4006489320263309 0.2806934805748179 0.460313779454471
1922 0.2446223186940274 0.1416632482518904 0.290528714110366
1923 0.4637398441648353 0.5669052633674115 0.4162890903841714
1924 0.3413742073515116 0.363873338488246 0.5231697948417335
1925 0.5701209456260448 0.07019636382386049 0.784214234134994
1926 0.550802915272638 0.7247103159588127 0.634383572645373
1927 0.559083577289508 0.0824061273921636 0.1255557487192051
1928 0.4079236772221925 0.5209931626406484 0.4715885843624164
1929 0.3086568515064212 0.5424579891549738 0.5796106214549912
1930 0.4356025654193436 0.06969733034444356 0.511536223626366
1931 0.5660739273371117 0.1916781314799711 0.1627450680332111
1932 0.3598502237275145 0.1659318519255836 0.3499208916279076
1933 0.5273558353245498 0.07067815565644557 0.6402005197846148
1934 0.3585109981312473 0.7205374958696887 0.4053858325892722
1935 0.3431424656122314 0.3796185259374571 0.3380728864953095
1936 0.6397981028757016 0.3737998240775127 0.5433487636436013
1937 0.2011658835834014 0.07095691820762498 0.2560090441658857
1938 0.4727413745393387 0.4906214671274036 0.6167514590401485
1939 0.7365373063559971 0.4590185215835417 0.4726193259368812
1940 0.6327852331751492 0.713720630474579 0.6224940062578328
1941 0.2386500515616623 0.07099509323775663 0.8932237440045041
1942 0.516870488028739 0.1583794833558423 0.6540789188354752
1943 0.2443546825281315 0.4163425363884075 0.6153592151960873
1944 0.77692086603773 0.07059585221950891 0.4084861942662963
1945 0.7136240658775288 0.2559292075439491 0.2036304184597652
1946 0.5254633960562799 0.06865193071200237 0.3807975665221347
1947 0.8283517862986149 0.2069427035562222 0.5484033041865787
1948 0.3294553522138924 0.4458608271864238 0.4828942105078642
1949 0.7258882387805743 0.1007287264374769 0.1510540956632869
1950 0.2983951567818862 0.3614220227402958 0.5971084332287062
1951 0.4073379954943786 0.1645975446230918 0.48707863587987
1952 0.5420751655155795 0.9113231673275094 0.4622502369110075
1953 0.3009438369257253 0.1036661429696157 0.671641976785865
1954 0.428354290117942 0.8047776631047648 0.5731629269224896
1955 0.7348087029975882 0.3007669274335034 0.2705423043914103
1956 0.1478426784330741 0.172239242255993 0.3673854972494314
1957 0.4817714452633239 0.7157552737481948 0.596966736174786
1958 0.4911437785484081 0.4549175197116959 0.6865699708816034
1959 0.3031724174320434 0.1833552884633944 0.2342090087184201
1960 0.768287462236631 0.1591906750504952 0.7682874622366327
1961 0.6031615897183911 0.2486073281344768 0.7633116428224574
1962 0.4063009588220872 0.366280164159171 0.4523618690720299
1963 0.5259445168171106 0.1552068743105464 0.3728425839209661
1964 0.5241733186222985 0.3141874491063231 0.283256775153496
1965 0.5798476741702543 0.666631742168158 0.578182756340197
1966 0.7465522292943191 0.1703142624371898 0.5222258945259834
1967 0.231868262663164 0.1586221819995661 0.7681317373368315
1968 0.7706898678717139 0.279289475051641 0.5305226776159607
1969 0.2955309054233981 0.3215126332304031 0.2939951604724597
1970 0.4816333263167984 0.2084293955902779 0.6021240067391755
1971 0.7506510902223595 0.1651636561292336 0.2409970702427822
1972 0.1771317820442956 0.126411505616414 0.4635633808466036
1973 0.4832394137723759 0.8793915509706803 0.5205759461718481
1974 0.6442790058185054 0.1459300726900074 0.6973106145560523
1975 0.2977280222955785 0.4618790424802841 0.5786517236667389
1976 0.2762336278424636 0.3072728418614703 0.7269718640445888
1977 0.7808469947889004 0.3260563123503306 0.6689836667680094
1978 0.217784864781317 0.1455545764985927 0.6186171657160427
1979 0.7027965627777205 0.09445383008830395 0.5610407520997047
1980 0.5335557178458941 0.1687998145903882 0.2356690732036256
1981 0.5909536007964045 0.5701021159485564 0.5585815878323744
1982 0.3826461948791721 0.5457698928167374 0.3983870150105322
1983 0.4150861504450949 0.1254464749057986 0.2474166190899769
1984 0.6915379297524267 0.49007466931843 0.4134878477393742
1985 0.8839811076170406 0.08299181366053018 0.528923072586199
1986 0.255081155776379 0.09452756819444233 0.1335173302692828
1987 0.3846134611260144 0.4562827937991587 0.4118810696716343
1988 0.4374933445867121 0.6708437706585354 0.4157110615051695
1989 0.7380824517404623 0.1394148833315572 0.3819769121862076
1990 0.7136262483067722 0.08984860461374251 0.7316859989564585
1991 0.406133138771165 0.7782787714320624 0.3958524882564719
1992 0.6801138966688739 0.4718972507586984 0.3080513571213729
1993 0.7707689480027484 0.08486616759656873 0.2215223827559198
1994 0.1820006812967823 0.1939602529780184 0.5379851502823011
1995 0.744126653346571 0.4276636561322619 0.6065506268535205
1996 0.7202262331823964 0.211772301621805 0.7079895046059658
1997 0.6407798602324205 0.5758199680129175 0.6377887409006281
1998 0.4953456572421812 0.629259952150702 0.5648159729269244
1999 0.4066561581789649 0.619580919106558 0.5920163505303112
2000 0.3733760855429138 0.1395619625125124 0.741975081368401
2001 0.2799882910613881 0.0978093594034134 0.5547136880257298
2002 0.5006378642280673 0.2994124383678048 0.5888794721608271
2003 0.2587400775027953 0.3769449614572046 0.5052571389698381
2004 0.3558872146464025 0.0764613463562295 0.5150112343840985
2005 0.7827468924907989 0.1777834203778365 0.1665501146750679
2006 0.850651306242296 0.161342312918926 0.7731815939685142
2007 0.1457888797412717 0.09012896819873832 0.5555017703855962
2008 0.4362390847114596 0.5962455918744963 0.3406172891762723
2009 0.346470785020172 0.2150238295270466 0.4130986246225528
2010 0.3226582826271469 0.1104471393256597 0.4406239166431609
2011 0.8360744845969431 0.1163213657284633 0.1770540151260652
2012 0.249631174544954 0.08186063117802907 0.4758691683819695
2013 0.4825759837649624 0.1025791786311293 0.1604061095127694
2014 0.6829707010198083 0.5706223664767246 0.5511248286000796
2015 0.5194929469170853 0.6334852040299631 0.3615777513197414
2016 0.5164190275900038 0.3065303787697481 0.7702225645281222
2017 0.4596099411978538 0.4665777263398205 0.3789404819307843
2018 0.8289626238219305 0.1156198217673035 0.4555151334167692
2019 0.3303861823139547 0.4740423821254332 0.3123916403450077
2020 0.4184039925132534 0.1113500302958769 0.3630638935626969
2021 0.640393111177652 0.2275373489413384 0.2191683894754134
2022 0.574078451928677 0.7764932144473581 0.5794077861425334
2023 0.7654576224829672 0.3501997942565692 0.4521808150268339
2024 0.4277952133133726 0.3876188120667374 0.6291292294779004
2025 0.6952611833468348 0.4320498932214936 0.5362976949036321
2026 0.4575965599181334 0.1049206175251069 0.6627227190155222
2027 0.7487606488948799 0.08934151071873708 0.4846624764191216
2028 0.3097770276292797 0.4816965485526825 0.6781243125284797
2029 0.3330160582870232 0.577074382584707 0.6490487938893834
2030 0.4026275061294828 0.7090316475095544 0.5190184476848669
2031 0.5015096205722456 0.4323999479007586 0.5690997261308034
2032 0.2355693459187891 0.2841588806128499 0.3860635389619131
2033 0.8326511001653988 0.1227340473967607 0.5885092280575051
2034 0.759070615012933 0.368202996039581 0.5427130673150982
2035 0.6975191497809405 0.4445495135022552 0.6912252192632954
2036 0.3587838880288773 0.2417442590071017 0.5306611874519609
2037 0.3472959642074089 0.55917155961955 0.5100333193220643
2038 0.5190330746723083 0.4280328372597829 0.2993761612834414
2039 0.5916665182032652 0.4012879841600133 0.4846402205412502
2040 0.2815989475059403 0.5079434994135827 0.511127446374664
2041 0.663949999537334 0.1106189847697474 0.4665821868356762
2042 0.4421346951141542 0.2239371591147438 0.2004324932612373
2043 0.8436830687098004 0.1078757628540343 0.8356728458375922
2044 0.4923775289336967 0.1059599790404184 0.5548258134687668
2045 0.2056010815863959 0.2178030875803355 0.2842460034040646
2046 0.8000661593927099 0.2392955675190085 0.7163575581534714
2047 0.5013314618436558 0.7472858263946627 0.4051189619994972
2048 0.7912057600337572 0.2479155878701696 0.8003168153883696
2049 0.666459680288172 0.221066600535638 0.4534943967033714
2050 0.3839939920434273 0.1870110870993819 0.8386048401266512
2051 0.6174422308670223 0.1269599941411689 0.1712080435243973
2052 0.2919956462250528 0.1742661296271748 0.5893396089875952
2053 0.8299727277352967 0.1130331243971164 0.3119491335629272
2054 0.4799509522549617 0.3301463565675199 0.6751463961559796
2055 0.2250414121215429 0.2109463939126007 0.1948673018579952
2056 0.4089459082570366 0.1862549144351027 0.5676511027499045
2057 0.5703804334203056 0.8102624043191322 0.4351771512772855
2058 0.2102028067355895 0.3354029220562459 0.764537491676882
2059 0.1230544838710355 0.08710413698377431 0.2424398998672603
2060 0.5751478967670222 0.1776187944300223 0.4998701544996996
2061 0.3696570456852203 0.3871919662401476 0.6981267304631682
2062 0.2260311965791622 0.08504292187416734 0.3772357682531601
2063 0.6595023626375134 0.641888698447776 0.5891832878749681
2064 0.2360846023007761 0.2600462436015386 0.59120836465474
2065 0.5023480137073411 0.5305416798127007 0.3489803451789561
2066 0.2015848549273754 0.3008978658935266 0.3082157327685006
2067 0.5824731604495882 0.1265333926778144 0.6204920158688131
2068 0.6095675772225664 0.2882554404684426 0.2771747613923451
2069 0.5836977813421163 0.2804983534015036 0.491642830387321
2070 0.1896517629389706 0.126351244444457 0.1970413319008333
2071 0.1393509955473824 0.08600869124319765 0.3945989379403603
2072 0.3721403790472791 0.1155890015101234 0.5924549580594778
2073 0.5902191546435607 0.3274568768799598 0.5870889117713938
2074 0.2773960083252894 0.1868454079014032 0.5067721757900682
2075 0.3133127339167446 0.3014663460601903 0.6527663994454659
2076 0.5099241303762148 0.4035022225803752 0.3964191309836009
2077 0.775853437122476 0.07097911565227351 0.6808510356744208
2078 0.339062653080629 0.6355849088791584 0.544427263934252
2079 0.7911703388308153 0.2074517200733708 0.3257345779412025
2080 0.459349270842466 0.4586133543175943 0.4629009459157113
2081 0.7346565612695947 0.2983718290126781 0.7396571595947902
2082 0.7379063708242679 0.09099256894502916 0.2997157107752741
2083 0.6347208319909903 0.1346773454331377 0.7967053239922115
2084 0.4082155500512833 0.31628402097985 0.2548484415339819
2085 0.4728801122067759 0.2453659006469583 0.4294126888785824
2086 0.4765013299095507 0.2989768373558334 0.21064606942655
2087 0.6080406800118551 0.4588457517769494 0.610264899718454
2088 0.7010394402957828 0.1847770762661887 0.1691441847128224
2089 0.1555257398845932 0.1911596980283957 0.2283317638572426
2090 0.653793138570415 0.1766112584370818 0.5660185126417795
2091 0.5380826813808288 0.9277596515732094 0.5457883935961401
2092 0.7120669932511204 0.3489722315807348 0.6176134284096002
2093 0.5757975276814766 0.3808478699418141 0.3372072440047469
2094 0.2621869998650443 0.4107145424731791 0.2921246282430544
2095 0.6246715910425701 0.1406073008252572 0.3796114567228762
2096 0.7711925783315422 0.2438469615946606 0.6366859231020763
2097 0.4205786776646706 0.3991862386269487 0.351545448973252
2098 0.508514398626456 0.8301503066237498 0.5849576569949769
2099 0.5911022323929145 0.4586219050424726 0.7120990078509791
2100 0.6769693150421026 0.3254859356484747 0.4904052976449667
2101 0.2842151913363044 0.1690345779626164 0.1548854652188278
2102 0.3977314456866509 0.4762585457056935 0.7120095335557121
2103 0.3551309867532083 0.2075499724041157 0.1734380411916493
2104 0.4150534078234245 0.798542484881856 0.479935979589608
2105 0.5719586080714404 0.1039133571563128 0.4452188250591758
2106 0.7492828425306056 0.2690961241484809 0.3968397125715624
2107 0.5194469828741908 0.5562408403014444 0.6176052414769446
2108 0.567023822010531 0.8467300484375615 0.5196330170633184
2109 0.2005786138387026 0.2271662811382723 0.6890966418737299
2110 0.2744218544278829 0.09095210546292359 0.2280805580184989
2111 0.6970927880577559 0.3612074004747582 0.6990600215626525
2112 0.423030607103775 0.1822342678347251 0.4069739460259545
2113 0.7292093395524186 0.1295727285708362 0.6461582292084836
2114 0.6210054983671016 0.5114815482706165 0.491875999188624
2115 0.425961780811146 0.2545575861214478 0.7636325684855774
2116 0.6338365229540259 0.3743447607960976 0.2783090293859147
2117 0.4205268963608582 0.1067440984281867 0.8333553122052454
2118 0.5281650936015798 0.1146012921948138 0.8350407654152255
2119 0.2079412255209933 0.2580100458299868 0.7883655232165906
2120 0.3461868323679403 0.1111706334428021 0.1609365693607593
2121 0.1673615561862012 0.1140385679220669 0.3155698032555058
2122 0.2317080863216351 0.143965332030546 0.8562062820493134
2123 0.2227503967031814 0.2736355553405506 0.4888489832566822
2124 0.6139783424233595 0.3580189863840054 0.7085097124438371
2125 0.3765559885274449 0.2201390550825301 0.2531918526825337
2126 0.4804955287760094 0.09716158210290171 0.4495024584626064
2127 0.5965319925381638 0.4509684165199071 0.2715006632860492
2128 0.1709562040671589 0.2180701530541341 0.6143911257499425
2129 0.3438087308734186 0.2274421156173779 0.6302845411126308
2130 0.367625943066004 0.3095592843421592 0.370523375790745
2131 0.5480998450954593 0.2494863618742819 0.6731919571262509
2132 0.5092832596368483 0.578246507477197 0.4879866610170022
2133 0.4087094426489525 0.3154129384203131 0.5785038500340619
2134 0.5981735062166653 0.4479406355495174 0.3805395815114715
2135 0.2550197618829835 0.1701580350509957 0.3764320125762629
2136 0.673446813199329 0.07587490004819425 0.2323546731432138
2137 0.4978631257661422 0.337851725593773 0.4998887774398423
2138 0.3196118479975942 0.1062599244332998 0.3124964106126397
2139 0.5041890689723008 0.7595628785899522 0.4971506561315541
2140 0.2679284115379231 0.2264648032472382 0.4351660369359089
2141 0.5155490646120426 0.1677065929654752 0.7338111145760046
2142 0.4740181845769086 0.6275449131420309 0.6545780704483924
2143 0.3127727649527515 0.1117327152738203 0.8371917973275657
2144 0.6360285744895258 0.2326056751474605 0.3420173292674141
2145 0.6113750396990734 0.590118902304925 0.3885417542719676
2146 0.4138491739827729 0.2226263931286618 0.3287006192358919
2147 0.6597392188913256 0.4089228942812785 0.7573955188435365
2148 0.3911679605991123 0.5324135927414999 0.3088663855763822
2149 0.5852868421152706 0.7091753790949809 0.4164243847687163
2150 0.5389477200368487 0.5032465102519345 0.5280245773312916
2151 0.5728373576785947 0.3257233492797842 0.3991131379198629
2152 0.7131540735881453 0.3908489354895595 0.3779241485079201
2153 0.3960866057948162 0.4686708643458092 0.6053382037472683
2154 0.640266239291616 0.1220919065069011 0.2825548367049481
2155 0.3869354692957644 0.7113903483952003 0.6141908202099192
2156 0.6502298223692518 0.2347467307120458 0.6506900197324266
2157 0.3184875127073644 0.306282570071631 0.4641813842449777
2158 0.3197319556933527 0.2256125509137318 0.7918574574497882
2159 0.6979072718435998 0.5334799153139539 0.6911979772489315
2160 0.2814725660454754 0.3906905920396627 0.3894051872065137
2161 0.131964597338541 0.09966246631112426 0.132431637281023
2162 0.8283436255965125 0.173513086579132 0.673248758100816
2163 0.6130732251378026 0.7242101805411804 0.5114067757972052
2164 0.1477298847376042 0.1138963682385712 0.8522701152623885
2165 0.4296025960249852 0.6166461392440818 0.504649973532062
2166 0.6330574125471621 0.6214330761008278 0.4923885019041934
2167 0.8008103193641908 0.1775421153082264 0.8412836455540399
2168 0.1422785331397757 0.09769075425687747 0.7449849999606348
2169 0.5965026363393487 0.08912003843083599 0.532443702549372
2170 0.2139953884099384 0.09286175263678739 0.6912011520212507
2171 0.4868662131263634 0.2328313797906958 0.2776470229173567
2172 0.6985354102160355 0.5001840293357112 0.6087373371449281
2173 0.2960430283550585 0.2959200940074588 0.544505516551462
2174 0.5958655101580626 0.5236893216306112 0.31644943652955
2175 0.5666660632751683 0.09158697027270291 0.7077555315014744
2176 0.6361239617473349 0.3824041809638448 0.6311572238121963
2177 0.7746677648196196 0.3359301912399337 0.3427410234647321
2178 0.6967978088933855 0.2267010438848196 0.8080834026096716
2179 0.1356669325352574 0.1110681591966177 0.6512949038122118
2180 0.4235415756041859 0.1995588936319729 0.681569924351373
2181 0.2253233508750312 0.2975719035850527 0.22502413481435
2182 0.3125971240164582 0.2283496588172121 0.3214504584216317
2183 0.5498676035742488 0.2599698140704804 0.2071563618824105
2184 0.3559146059422652 0.6379644125394912 0.3643839332744607
2185 0.3552431138390907 0.6445146380505582 0.4622799364686745
2186 0.8099769540454017 0.2150520781354264 0.4572184886466625
2187 0.4778992685858756 0.8302140354295587 0.4397970403678072
2188 0.3499552298164568 0.394679998757597 0.2587790624165284
2189 0.8396151740146272 0.1827570527262463 0.2332398467020092
2190 0.5858301101926938 0.2103826820939761 0.4181636451097264
2191 0.7400729540668199 0.104955886289684 0.8539655429886468
2192 0.5746205355849938 0.2314213501083747 0.5811500206375751
2193 0.4642150704830053 0.3126855891647084 0.3597891810398524
2194 0.4690984346462669 0.186701321156634 0.8148953904087298
2195 0.8303073735950166 0.08838409224887751 0.7403851412423602
2196 0.5400081435207781 0.5038488637703864 0.4341239293863746
2197 0.5466517572583166 0.09284630626348638 0.2983406507224631
2198 0.3905327754372756 0.293992409180199 0.6827035324446545
2199 0.7286529917891821 0.4002738670628086 0.2565904467084074
2200 0.4691978602574371 0.08837331561500256 0.7547726207639119
2201 0.5412408035904671 0.2480340322084469 0.3513975963535529
2202 0.3168801685592006 0.5604278969151316 0.3373369482153091
2203 0.5388177750400078 0.6698806607729106 0.4910923279195442
2204 0.7934906810232237 0.2503116673077559 0.2033736475241775
2205 0.4517709306049327 0.07143875040288436 0.2985114138692037
2206 0.6827261747196911 0.2679824421098554 0.5668693050722875
2207 0.2965686878924981 0.4959996560100164 0.4034190554833623
2208 0.5500227071758197 0.391515594157196 0.6457118294308541
2209 0.2952423249489858 0.1930895172465782 0.7052491477327536
2210 0.2752569886989471 0.3928034211572321 0.684356927091647
2211 0.185515414745708 0.2132381131863362 0.4252908402403264
2212 0.4531811268383895 0.2523958462504678 0.522441640293806
2213 0.4159629321043624 0.4022448167208298 0.5400304526364901
2214 0.328469320985833 0.2762678020787102 0.212747093766797
2215 0.3604853508341607 0.323361350559517 0.7679958328984179
2216 0.4172478911911106 0.1518368052865594 0.169473278422293
2217 0.4158964272555363 0.4575501806932295 0.2788993587837891
2218 0.4502466118713837 0.3818770054116604 0.7511377816033346
2219 0.4618974732304966 0.9140176670423288 0.4504253659812318
2220 0.6650433114378961 0.3102647705643478 0.386924713803324
2221 0.6029351599124119 0.8400898973131136 0.836773457214437
2222 0.4422856857028721 0.8399503635139725 0.8302073560201202
2223 0.4113109159814385 0.7069392048919491 0.8635810919951599
2224 0.5520870552241923 0.7117508467593212 0.8648117553514229
2225 0.3162246602046974 0.8656993128297625 0.8719722902173055
2226 0.6843373021688529 0.7369001261163654 0.8659179256119298
2227 0.714175287904142 0.6203194148253039 0.8760432354746999
2228 0.7101404612114526 0.8805416224406555 0.8806651452552667
2229 0.2924913182311172 0.6699708297860418 0.8787928839393232
2230 0.447913556521454 0.5928520376647897 0.8837336813302725
2231 0.5253148502523556 0.8868383646977597 0.7663276322281845
2232 0.3646022381323212 0.8956025309138527 0.7804888587190095
2233 0.3493143472721189 0.7809800630240368 0.8050118451977816
2234 0.5950416990457729 0.6007576545795296 0.8887191327386501
2235 0.5200078724943848 0.8089784971087823 0.8978253420612869
2236 0.5241662199053824 0.7852140544156956 0.7965901703037653
2237 0.3028867828629428 0.5642914853517995 0.8804368558246137
2238 0.531575589357682 0.5161399029713943 0.9029502502058291
2239 0.2564263441855966 0.7743558141027623 0.8957205485962914
2240 0.3845537851992414 0.7969857260467726 0.9015088409336424
2241 0.6248651068796081 0.9043266965788004 0.7617411848781716
2242 0.4916022799302611 0.9064119910140659 0.8895338868246511
2243 0.7925887640279499 0.6544979413120209 0.9136677324677734
2244 0.7638845781817643 0.7938956741339507 0.9010828368386014
2245 0.6703428977465677 0.5264213611457803 0.9004482339564392
2246 0.6136521151503133 0.7510668892037199 0.8025738932210821
2247 0.387913305104663 0.5128402000102957 0.9010702113500896
2248 0.6140120338390193 0.9025127937985614 0.9146937235551258
2249 0.6080810619663684 0.7758231455046352 0.9057868956389254
2250 0.2317572336055192 0.9032493768117379 0.9083044258044358
2251 0.6341602754818388 0.6650577944216596 0.8331479812480456
2252 0.4018715559281664 0.8873943320708382 0.898041083122495
2253 0.4368968318029245 0.7570588334199608 0.7909605811834804
2254 0.3728176117525941 0.6387673216320506 0.913812873829974
2255 0.348746327790686 0.7211370008592217 0.9210299556153572
2256 0.5990538795944967 0.8242752475583607 0.7538816030489375
2257 0.2118648407790095 0.6958487593127145 0.9161676485958903
2258 0.4825258136942918 0.6733518213805197 0.9103412468083173
2259 0.4833500281834591 0.6726269745590745 0.8188929804674964
2260 0.6908144475039358 0.4378082156132251 0.9156321138101445
2261 0.7686169027160072 0.5012171996562161 0.9008250050053153
2262 0.5641391269198434 0.9204866488497854 0.8393756276805968
2263 0.4537116523353477 0.9179099571371366 0.7191297782137396
2264 0.2328789333647396 0.4925516640325796 0.9034481030632542
2265 0.4565340806822585 0.9198424397717686 0.8042607681137087
2266 0.6910869409723637 0.8157708697426376 0.8153868989368632
2267 0.2158694893621601 0.5985865215870326 0.9084870418924075
2268 0.605246452667608 0.4641201097698351 0.9045892913842879
2269 0.6965269094153018 0.9209424627401572 0.8060929176153842
2270 0.4527309369262942 0.7515397617180944 0.9222076405131888
2271 0.6296305883146814 0.6900192275125691 0.9189113438286095
2272 0.4228787282787361 0.8420863243722378 0.7462258323585663
2273 0.460973472829762 0.4562850405606115 0.9102518806625719
2274 0.7131484688030585 0.6775883763937669 0.818282012507011
2275 0.5360567234395752 0.4181628617098467 0.9243304971222572
2276 0.3347090004406436 0.4173492462935195 0.9191295064800908
2277 0.2960025602394836 0.9268938223229019 0.8178609747447004
2278 0.5228896392885163 0.5989927898410989 0.8410863271544103
2279 0.7646785391653141 0.7179129482482622 0.8686955339765153
2280 0.7790576929531515 0.9264834405977099 0.8965611946326582
2281 0.2807961422384377 0.7345119973172273 0.824610075470263
2282 0.6266405559524313 0.3873054149294806 0.9241748712947278
2283 0.6834674931887974 0.8110010230557423 0.9205580111430431
2284 0.3602970960717397 0.6521222029973587 0.8183838271540681
2285 0.1926477700480695 0.8272952826328678 0.9190295284482276
2286 0.3117317370706903 0.4945334890288799 0.9196958863634581
2287 0.4603637987869827 0.5312255428518055 0.9283602424488945
2288 0.8400834432799564 0.8379985970541463 0.4090985343405774
2289 0.8394471775564858 0.8400535630976302 0.5745027165779003
2290 0.8716744899557842 0.7551284481296552 0.6720846680262811
2291 0.8637441177276682 0.7075997183450592 0.5422720940551488
2292 0.8640176460843988 0.7013591433049351 0.4035832887232358
2293 0.8787689776243558 0.875802861205621 0.7039055024132868
2294 0.8777224142353078 0.6263271637684323 0.7096169856870885
2295 0.8644920195739396 0.8846153935973988 0.3003583304806854
2296 0.8786866749051889 0.6213887970269911 0.2884048870620549
2297 0.7685328208148132 0.8839465611301859 0.490968525249353
2298 0.8772331021227826 0.7464218660242524 0.2876928622903216
2299 0.8914705963847434 0.5543915361885972 0.6214411549511434
2300 0.885135921484704 0.6048142614976066 0.4774542414782209
2301 0.8040357079825059 0.758683975376033 0.4703706221360588
2302 0.7518039520828701 0.8853638990700372 0.3904581200697086
2303 0.7526622504078865 0.893257549388361 0.6057357237970946
2304 0.9078343841262851 0.9081426734627618 0.3882394025385644
2305 0.8757403690038253 0.8988651078950725 0.4911955774355918
2306 0.8973306449959673 0.7967144321706783 0.4988056991435513
2307 0.7975563310275123 0.7623168930301917 0.3522473958886349
2308 0.8991019514269102 0.5625944191301938 0.3779150078552025
2309 0.9017619037069847 0.5041245458552559 0.4627915892257459
2310 0.9006176345324766 0.5277276437774266 0.7397673596867116
2311 0.7820868588013083 0.8059045131074888 0.654794336408552
2312 0.9050819044902073 0.6540185847108011 0.6167886165403909
2313 0.899003138790839 0.7121880920171209 0.760580586878667
2314 0.9130757422133503 0.6785290382359261 0.2204481670928971
2315 0.9143541317912378 0.4481982032084225 0.5399245751144375
2316 0.9041429645915617 0.4675131357409109 0.6634050643789163
2317 0.9081181428532235 0.8245292025861795 0.2331888093066179
2318 0.899586157625369 0.5226706703772166 0.2454207485046559
2319 0.913688156136283 0.9021420167547044 0.5803596387820403
2320 0.9046226295690775 0.7762269141964634 0.5884975267209922
2321 0.7917345561276465 0.7590775639432655 0.5738736270408279
2322 0.9047680213879312 0.8091222653400391 0.7702422441899798
2323 0.9085470170201768 0.7809549834370946 0.372151331894645
2324 0.9100376909971688 0.4661204357748351 0.3737325540528315
2325 0.91540840450832 0.915447104167589 0.7779607139971081
2326 0.9113291299557345 0.6038887805758182 0.7957089121619588
2327 0.8273436497221943 0.6835273613210621 0.3250077185740478
2328 0.9203618818325423 0.7137751609062817 0.4726208061584288
2329 0.8002744052688319 0.9127380150049441 0.6796714262224871
2330 0.8207993639881638 0.6673348197160529 0.4745141187553629
2331 0.8302645431415496 0.69777101144981 0.6217654650499349
2332 0.7639594621424517 0.8070760170827633 0.4125011551035846
2333 0.8693160344963942 0.5407907125861864 0.5366914117723793
2334 0.8367054665805206 0.6228361252611992 0.5503277822521617
2335 0.9130302395689213 0.91676546641198 0.2284967518775053
2336 0.8361054767871865 0.6215761883302477 0.3848470035918335
2337 0.9121063023484676 0.684570123033006 0.3350790146016157
2338 0.9262686813539583 0.8256826381017416 0.6542331883851458
2339 0.8327572858926574 0.614044144270135 0.6381238783029726
2340 0.8259545895427046 0.9210850371174677 0.3673791330057768
2341 0.9169967427907127 0.4454638349109373 0.2870187099705773
2342 0.821682397972856 0.6934295610656973 0.7086655170133186
2343 0.9166415521133374 0.4372385535263676 0.1951951957308327
2344 0.9234691273227295 0.8499293575720197 0.3383352103592889
2345 0.9201806295905074 0.5925842542690843 0.190388919702732
2346 0.8001707175060447 0.8443687711104657 0.335768491290709
2347 0.9092507477515698 0.4488061664250005 0.7890912945015502
2348 0.9219901016597156 0.4087756200195922 0.7182764220362047
2349 0.9243749547904686 0.6504241935666142 0.5355132878055247
2350 0.7106223206654554 0.9251718168258699 0.4495310696843301
2351 0.9181452248540251 0.4151195536702577 0.4492722872465506
2352 0.9199574826029822 0.8382091674120306 0.4308429276716374
2353 0.761300666176102 0.8317185055864708 0.5530642822918478
2354 0.8180372159392286 0.9199488887702955 0.5512597530051286
2355 0.9121229903567988 0.6364946231187393 0.4081001841215126
2356 0.8376262926623783 0.8145700528213365 0.270940872486917
2357 0.9264241638138392 0.6879179460321061 0.6877676307167703
2358 0.5385610358395397 0.8439557252158173 0.1692193393767494
2359 0.3817072701973494 0.847179165794792 0.1615657178905948
2360 0.6335453483526038 0.7354321253512389 0.1407453813140469
2361 0.3976960224022354 0.7078314696864451 0.1352637861912366
2362 0.5224536386551435 0.6649781554766451 0.1292717682918336
2363 0.6749603595690857 0.8649193653376903 0.1408227916326981
2364 0.7028665048054683 0.6326767509564754 0.123568979807038
2365 0.293600323327892 0.6373112101340372 0.1183996520339328
2366 0.2751864700053253 0.8117537789693295 0.1197438878342673
2367 0.4573803054358476 0.8881767463675541 0.2397756051688734
2368 0.4620400811261636 0.7940674906077951 0.1046423274364833
2369 0.4022589874663346 0.5911906107787985 0.1177027487938132
2370 0.736542198242162 0.7738743466078712 0.1108321851831253
2371 0.5999650112321717 0.581031508516084 0.1088065319630906
2372 0.6039500106581198 0.894104039373583 0.2430101030168924
2373 0.4985664649596691 0.5435967636759564 0.1052332079560983
2374 0.4828970842496277 0.9006765281725542 0.09911412026014987
2375 0.5874107132864292 0.9004595393544759 0.0960513526250652
2376 0.4594782899132088 0.7888531275574916 0.2086020391312418
2377 0.6927970858700548 0.5277686493475725 0.1044138525604892
2378 0.6450978844091461 0.803057891794182 0.2176727721577161
2379 0.3023855654574466 0.7260369632702743 0.1702992175655944
2380 0.3129349915567888 0.5319772369295939 0.1066259548549709
2381 0.5783609392635832 0.4847882238292719 0.09357346610447793
2382 0.544113292864143 0.7461257842644532 0.1811304288979373
2383 0.4113264547778062 0.4940849489428478 0.08939376338102691
2384 0.3220922122411093 0.9081924431569894 0.100460659583101
2385 0.233530583593747 0.7162008153619716 0.09623549530468144
2386 0.7556420976170616 0.9033275440093717 0.09432010199185584
2387 0.5836333452531305 0.8037028166947733 0.09351767703828663
2388 0.773372278466767 0.6882174710226134 0.09216604836910582
2389 0.3627415276429128 0.9060984481463505 0.2354904562057291
2390 0.2246529947858326 0.8876531995894847 0.08958219995454124
2391 0.6232152780057912 0.6469771937539425 0.1723915882678631
2392 0.3237916252236089 0.7155304824598118 0.0821026349141537
2393 0.6026680934533911 0.6691861418520489 0.08663101901992153
2394 0.217777916489565 0.5211311068815588 0.08877848496515564
2395 0.7839411856528858 0.591140233759011 0.08816703388159478
2396 0.3369736480444229 0.4373378354756718 0.08416109603404862
2397 0.3691833028734778 0.7722573425915245 0.2133436928776651
2398 0.4246230427835724 0.921785698070605 0.1673929105637647
2399 0.6974446250412669 0.694425620534083 0.1881156804704185
2400 0.3691784150827483 0.7964813008847139 0.09039882181400906
2401 0.4932034187896182 0.4560694286026659 0.08281738477639812
2402 0.5276839049165458 0.9209849864780502 0.2042647335623499
2403 0.7740960750369932 0.4757995287742138 0.09616994802036839
2404 0.4007827883690401 0.9203023151405718 0.08523442399679507
2405 0.4660448961484918 0.7107196173845016 0.08267533283300288
2406 0.6905472497251057 0.7072141959425209 0.0837731680562718
2407 0.5310554576672573 0.8117372242489577 0.2467102731474853
2408 0.4395667522814752 0.3918368818651658 0.076825493978303
2409 0.4475960027177315 0.6445059809310713 0.1720999323556638
2410 0.2049478173564794 0.6147186199580876 0.08777134531338067
2411 0.298621069087448 0.8729769866110586 0.1825633368985964
2412 0.6593704350423749 0.4454062157821961 0.08918914190822384
2413 0.1969819523308295 0.4257251972891172 0.0859129664492467
2414 0.8014150003055412 0.8277293301774105 0.08133688370255107
2415 0.1990442594874785 0.7938061781800754 0.08476083212102195
2416 0.5465944035681009 0.7301603198509068 0.08414062541698845
2417 0.5869227219124714 0.4014547257466977 0.07283470685609321
2418 0.6671867006679058 0.8098198209142828 0.07571392028849444
2419 0.6232292799954167 0.92506253418091 0.1676316968101944
2420 0.3978874779869866 0.8362069217258749 0.251657735686878
2421 0.4719329414795586 0.6194788855903774 0.07887838064533564
2422 0.3656106876983738 0.3646973028623176 0.07304133552506309
2423 0.8252721279736858 0.4180295231385155 0.07321045373116171
2424 0.543380910076034 0.9305441350897087 0.2837571602555903
2425 0.3595150135276158 0.6406919814375824 0.1745461261274717
2426 0.2706837709374997 0.3875495325589171 0.07217902135228564
2427 0.1767865530969137 0.8495957573157102 0.3987336185423374
2428 0.1591783744147373 0.8378628600729667 0.5643975460754251
2429 0.1365569277445222 0.7215504160578686 0.350204926379491
2430 0.1341200287465358 0.7029689565673284 0.5316821503383659
2431 0.1265641887704068 0.6514513287952072 0.6503479760615904
2432 0.129688879131169 0.869185509888486 0.6881449035785063
2433 0.1196063129428774 0.8791345850735618 0.2925779351232614
2434 0.1205290733654197 0.6288372510130525 0.4322030496549945
2435 0.1065697816122315 0.7824903250921236 0.4563666064259555
2436 0.1736416119262333 0.7618908255025602 0.6564256333417614
2437 0.1186607885670059 0.609568001609889 0.3150709133585645
2438 0.2195422833283849 0.900014019597293 0.6324025199017033
2439 0.1157427849467545 0.588729821956359 0.5410343512449937
2440 0.1111314911415581 0.8921525403507402 0.4789524770341983
2441 0.1054394044355698 0.715800092453823 0.247730147127185
2442 0.2225526522827984 0.8939557132487164 0.4909229777111022
2443 0.1025362585203948 0.7744204957566542 0.7432942916213122
2444 0.1009299654135787 0.5189724574118169 0.261797828654465
2445 0.1045199810649496 0.5245494855620536 0.4549772422859728
2446 0.1086974752654573 0.5449643957309828 0.6566798512078733
2447 0.09632035278563596 0.6661212174597038 0.7540448971029776
2448 0.2096283246580286 0.7895261214525988 0.4794615509925258
2449 0.09727474463879607 0.9081758610927513 0.6011997646555074
2450 0.09238657135836738 0.7687746995645334 0.5963694118531879
2451 0.2054162498786851 0.7542891645268859 0.5674011887647571
2452 0.1694204603959306 0.7113938776250445 0.4401246032189824
2453 0.1036587305473728 0.9134108586709003 0.3832932212844706
2454 0.2442466994933432 0.9144667816386696 0.4021564235817195
2455 0.09265654165566967 0.8106039366025376 0.3614918723252233
2456 0.1773539324174988 0.8024745828264549 0.3127285878693323
2457 0.09292573628146521 0.4864310010299093 0.3596398846299165
2458 0.08899202635805173 0.4692005340533648 0.597928115795037
2459 0.08716265452910277 0.6252727368621328 0.2272693482831581
2460 0.09926421573635681 0.5630800307131119 0.7577887340734815
2461 0.09227773137687857 0.9095332807728547 0.7698183890321424
2462 0.09431653992542395 0.4745143504355698 0.7205780214956411
2463 0.2365845720023882 0.8140988071839783 0.6239260213300337
2464 0.08887385667523055 0.437462324388405 0.4357057519392641
2465 0.08289134925174399 0.7069778081548236 0.4182179583000639
2466 0.2066435526831241 0.8894842855426595 0.3211631537083757
2467 0.1699172097197472 0.673222154916285 0.2866633438622739
2468 0.2145201915132348 0.7686932643415612 0.3873951378628577
2469 0.161525786660911 0.6155726018926894 0.7229169880135401
2470 0.08838954043787454 0.4467099154310874 0.2061480764671385
2471 0.09487729130875752 0.8103324601628515 0.2288736342131505
2472 0.2615347864770126 0.8700582160817987 0.5636772567661469
2473 0.08359760800876681 0.8997988241839213 0.2104322892062717
2474 0.08285708045837548 0.4216576994173255 0.5230182086854929
2475 0.0793014375160352 0.4176863291781926 0.2989802121984352
2476 0.1396011049798133 0.556999535919253 0.3817424199435256
2477 0.0750752249870591 0.8195940978392071 0.5282026041804936
2478 0.09652030546320224 0.728512228304565 0.6715524805471139
2479 0.1644320186612604 0.7007612367140447 0.715568710953273
2480 0.1655885119593781 0.9232654009466961 0.5496455069053289
2481 0.0740444610091212 0.3985247988644053 0.7541320706764246
2482 0.1719923207370145 0.6473161761590244 0.3681763088798633
2483 0.2494838941107355 0.8380461771924003 0.3659888446247558
2484 0.07993437291681664 0.8307408169353231 0.8070347223745791
2485 0.1716309552448622 0.9206409903734637 0.4350893893637997
2486 0.1888379697145451 0.6721941234020137 0.5925620288019515
2487 0.07459536699507863 0.8093762228923732 0.6675767455157422
2488 0.07784042892683984 0.4131005355015923 0.6623984071239891
2489 0.1775850888551955 0.6456190739621808 0.4901915788713079
2490 0.08210364991662185 0.6562158180028694 0.5788290789791658
2491 0.2962637457249842 0.9208951494434863 0.4674942305804642
2492 0.1245762868600865 0.5067773507791025 0.5333087147040457
2493 0.06722821246194534 0.5382771975128227 0.1975325628029488
2494 0.1571870074580708 0.5889820168136525 0.6099733941952379
$EndNodes
$Elements
14915
1 2 2 3 1 13 317 1
2 2 2 3 1 317 60 1
3 2 2 3 1 296 24 2
4 2 2 3 1 25 296 2
5 2 2 3 1 363 36 3
6 2 2 3 1 363 3 37
7 2 2 3 1 373 48 4
8 2 2 3 1 49 373 4
9 2 2 3 1 318 13 14
10 2 2 3 1 317 13 318
11 2 2 3 1 284 14 15
12 2 2 3 1 284 318 14
13 2 2 3 1 16 254 15
14 2 2 3 1 254 284 15
15 2 2 3 1 250 16 17
16 2 2 3 1 16 250 254
17 2 2 3 1 18 383 17
18 2 2 3 1 383 250 17
19 2 2 3 1 259 18 19
20 2 2 3 1 18 259 383
21 2 2 3 1 258 19 20
22 2 2 3 1 258 259 19
23 2 2 3 1 21 306 20
24 2 2 3 1 306 258 20
25 2 2 3 1 22 353 21
26 2 2 3 1 21 353 306
27 2 2 3 1 23 256 22
28 2 2 3 1 22 256 353
29 2 2 3 1 24 389 23
30 2 2 3 1 389 256 23
31 2 2 3 1 24 296 389
32 2 2 3 1 297 25 26
33 2 2 3 1 296 25 297
34 2 2 3 1 27 297 26
35 2 2 3 1 28 407 27
36 2 2 3 1 420 297 27
37 2 2 3 1 407 420 27
38 2 2 3 1 414 28 29
39 2 2 3 1 28 414 407
40 2 2 3 1 411 29 30
41 2 2 3 1 411 412 29
42 2 2 3 1 412 414 29
43 2 2 3 1 418 30 31
44 2 2 3 1 411 30 418
45 2 2 3 1 316 31 32
46 2 2 3 1 418 31 316
47 2 2 3 1 33 341 32
48 2 2 3 1 341 316 32
49 2 2 3 1 408 33 34
50 2 2 3 1 408 341 33
51 2 2 3 1 35 408 34
52 2 2 3 1 36 401 35
53 2 2 3 1 401 408 35
54 2 2 3 1 401 36 363
55 2 2 3 1 363 37 38
56 2 2 3 1 39 329 38
57 2 2 3 1 329 363 38
58 2 2 3 1 40 382 39
59 2 2 3 1 329 39 380
60 2 2 3 1 380 39 382
61 2 2 3 1 41 252 40
62 2 2 3 1 252 382 40
63 2 2 3 1 253 41 42
64 2 2 3 1 252 41 253
65 2 2 3 1 43 253 42
66 2 2 3 1 400 43 44
67 2 2 3 1 43 400 253
68 2 2 3 1 364 44 45
69 2 2 3 1 44 364 365
70 2 2 3 1 365 400 44
71 2 2 3 1 46 344 45
72 2 2 3 1 344 364 45
73 2 2 3 1 366 46 47
74 2 2 3 1 46 366 344
75 2 2 3 1 373 47 48
76 2 2 3 1 366 47 373
77 2 2 3 1 324 49 50
78 2 2 3 1 373 49 324
79 2 2 3 1 320 50 51
80 2 2 3 1 319 50 320
81 2 2 3 1 319 324 50
82 2 2 3 1 52 320 51
83 2 2 3 1 377 52 53
84 2 2 3 1 377 320 52
85 2 2 3 1 376 53 54
86 2 2 3 1 376 377 53
87 2 2 3 1 55 301 54
88 2 2 3 1 301 376 54
89 2 2 3 1 56 419 55
90 2 2 3 1 55 299 301
91 2 2 3 1 419 299 55
92 2 2 3 1 57 416 56
93 2 2 3 1 416 419 56
94 2 2 3 1 415 57 58
95 2 2 3 1 416 57 415
96 2 2 3 1 255 58 59
97 2 2 3 1 255 415 58
98 2 2 3 1 313 59 60
99 2 2 3 1 59 313 255
100 2 2 3 1 317 313 60
101 2 2 3 1 249 251 250
102 2 2 3 1 250 383 249
103 2 2 3 1 276 251 249
104 2 2 3 1 249 275 274
105 2 2 3 1 249 274 276
106 2 2 3 1 249 383 275
107 2 2 3 1 250 251 254
108 2 2 3 1 254 251 284
109 2 2 3 1 251 276 397
110 2 2 3 1 251 291 284
111 2 2 3 1 251 397 291
112 2 2 3 1 253 332 252
113 2 2 3 1 252 332 336
114 2 2 3 1 382 252 336
115 2 2 3 1 253 340 332
116 2 2 3 1 253 357 340
117 2 2 3 1 400 357 253
118 2 2 3 1 298 255 313
119 2 2 3 1 395 255 298
120 2 2 3 1 255 395 415
121 2 2 3 1 256 354 353
122 2 2 3 1 256 388 354
123 2 2 3 1 388 256 389
124 2 2 3 1 257 259 258
125 2 2 3 1 258 306 257
126 2 2 3 1 424 259 257
127 2 2 3 1 305 257 306
128 2 2 3 1 305 423 257
129 2 2 3 1 424 257 423
130 2 2 3 1 259 424 383
131 2 2 3 1 260 262 261
132 2 2 3 1 260 261 345
133 2 2 3 1 260 369 262
134 2 2 3 1 260 345 264
135 2 2 3 1 369 260 264
136 2 2 3 1 261 262 270
137 2 2 3 1 261 270 335
138 2 2 3 1 261 335 334
139 2 2 3 1 261 334 345
140 2 2 3 1 270 262 299
141 2 2 3 1 299 262 300
142 2 2 3 1 300 262 309
143 2 2 3 1 309 262 369
144 2 2 3 1 263 265 264
145 2 2 3 1 263 264 302
146 2 2 3 1 370 265 263
147 2 2 3 1 323 263 289
148 2 2 3 1 289 263 403
149 2 2 3 1 403 263 302
150 2 2 3 1 370 263 323
151 2 2 3 1 369 264 265
152 2 2 3 1 302 264 269
153 2 2 3 1 264 345 269
154 2 2 3 1 368 369 265
155 2 2 3 1 265 370 368
156 2 2 3 1 266 268 267
157 2 2 3 1 267 287 266
158 2 2 3 1 272 268 266
159 2 2 3 1 272 266 286
160 2 2 3 1 285 286 266
161 2 2 3 1 285 266 287
162 2 2 3 1 267 268 269
163 2 2 3 1 267 269 346
164 2 2 3 1 287 267 346
165 2 2 3 1 269 268 302
166 2 2 3 1 273 268 272
167 2 2 3 1 302 268 273
168 2 2 3 1 345 346 269
169 2 2 3 1 299 356 270
170 2 2 3 1 335 270 356
171 2 2 3 1 271 273 272
172 2 2 3 1 271 272 303
173 2 2 3 1 410 273 271
174 2 2 3 1 271 303 282
175 2 2 3 1 271 282 304
176 2 2 3 1 271 304 328
177 2 2 3 1 328 410 271
178 2 2 3 1 405 272 286
179 2 2 3 1 272 405 303
180 2 2 3 1 402 302 273
181 2 2 3 1 410 402 273
182 2 2 3 1 287 274 275
183 2 2 3 1 276 274 346
184 2 2 3 1 274 287 346
185 2 2 3 1 275 285 287
186 2 2 3 1 423 285 275
187 2 2 3 1 275 383 424
188 2 2 3 1 424 423 275
189 2 2 3 1 346 398 276
190 2 2 3 1 397 276 398
191 2 2 3 1 277 279 278
192 2 2 3 1 278 304 277
193 2 2 3 1 391 279 277
194 2 2 3 1 281 277 282
195 2 2 3 1 281 391 277
196 2 2 3 1 304 282 277
197 2 2 3 1 278 279 280
198 2 2 3 1 280 426 278
199 2 2 3 1 278 328 304
200 2 2 3 1 327 328 278
201 2 2 3 1 426 327 278
202 2 2 3 1 315 280 279
203 2 2 3 1 315 279 314
204 2 2 3 1 314 279 391
205 2 2 3 1 280 315 393
206 2 2 3 1 394 361 280
207 2 2 3 1 426 280 361
208 2 2 3 1 393 394 280
209 2 2 3 1 281 282 283
210 2 2 3 1 422 281 283
211 2 2 3 1 413 391 281
212 2 2 3 1 413 281 422
213 2 2 3 1 283 282 303
214 2 2 3 1 378 283 303
215 2 2 3 1 311 283 378
216 2 2 3 1 399 283 311
217 2 2 3 1 399 422 283
218 2 2 3 1 284 291 298
219 2 2 3 1 284 298 318
220 2 2 3 1 285 409 286
221 2 2 3 1 423 409 285
222 2 2 3 1 405 286 374
223 2 2 3 1 409 374 286
224 2 2 3 1 288 290 289
225 2 2 3 1 289 403 288
226 2 2 3 1 290 288 294
227 2 2 3 1 294 288 406
228 2 2 3 1 288 403 402
229 2 2 3 1 402 406 288
230 2 2 3 1 289 290 292
231 2 2 3 1 289 292 323
232 2 2 3 1 292 290 355
233 2 2 3 1 290 294 295
234 2 2 3 1 295 355 290
235 2 2 3 1 396 298 291
236 2 2 3 1 397 396 291
237 2 2 3 1 292 322 323
238 2 2 3 1 322 292 349
239 2 2 3 1 355 349 292
240 2 2 3 1 293 295 294
241 2 2 3 1 294 362 293
242 2 2 3 1 425 295 293
243 2 2 3 1 293 338 333
244 2 2 3 1 333 425 293
245 2 2 3 1 338 293 362
246 2 2 3 1 362 294 327
247 2 2 3 1 294 406 327
248 2 2 3 1 295 425 355
249 2 2 3 1 297 388 296
250 2 2 3 1 389 296 388
251 2 2 3 1 420 388 297
252 2 2 3 1 317 298 313
253 2 2 3 1 317 318 298
254 2 2 3 1 395 298 396
255 2 2 3 1 299 300 301
256 2 2 3 1 299 419 356
257 2 2 3 1 300 307 301
258 2 2 3 1 307 300 309
259 2 2 3 1 301 307 376
260 2 2 3 1 302 402 403
261 2 2 3 1 405 378 303
262 2 2 3 1 305 306 352
263 2 2 3 1 352 360 305
264 2 2 3 1 305 360 409
265 2 2 3 1 305 409 423
266 2 2 3 1 352 306 353
267 2 2 3 1 307 309 308
268 2 2 3 1 377 307 308
269 2 2 3 1 376 307 377
270 2 2 3 1 308 309 325
271 2 2 3 1 308 325 326
272 2 2 3 1 387 308 326
273 2 2 3 1 387 377 308
274 2 2 3 1 309 368 325
275 2 2 3 1 369 368 309
276 2 2 3 1 310 312 311
277 2 2 3 1 311 375 310
278 2 2 3 1 312 310 392
279 2 2 3 1 354 310 360
280 2 2 3 1 310 354 392
281 2 2 3 1 310 375 360
282 2 2 3 1 312 404 311
283 2 2 3 1 311 378 375
284 2 2 3 1 399 311 404
285 2 2 3 1 312 392 388
286 2 2 3 1 312 388 420
287 2 2 3 1 420 404 312
288 2 2 3 1 314 316 315
289 2 2 3 1 314 418 316
290 2 2 3 1 418 314 391
291 2 2 3 1 315 316 341
292 2 2 3 1 315 341 393
293 2 2 3 1 320 386 319
294 2 2 3 1 324 319 351
295 2 2 3 1 379 351 319
296 2 2 3 1 371 379 319
297 2 2 3 1 371 319 386
298 2 2 3 1 377 386 320
299 2 2 3 1 321 323 322
300 2 2 3 1 321 322 330
301 2 2 3 1 321 370 323
302 2 2 3 1 321 330 325
303 2 2 3 1 321 325 368
304 2 2 3 1 321 368 370
305 2 2 3 1 322 350 330
306 2 2 3 1 349 350 322
307 2 2 3 1 373 324 351
308 2 2 3 1 326 325 330
309 2 2 3 1 372 326 330
310 2 2 3 1 326 372 371
311 2 2 3 1 371 387 326
312 2 2 3 1 327 406 328
313 2 2 3 1 327 426 362
314 2 2 3 1 410 328 406
315 2 2 3 1 329 390 363
316 2 2 3 1 380 390 329
317 2 2 3 1 330 350 359
318 2 2 3 1 359 372 330
319 2 2 3 1 331 333 332
320 2 2 3 1 331 332 340
321 2 2 3 1 331 425 333
322 2 2 3 1 357 331 340
323 2 2 3 1 357 358 331
324 2 2 3 1 425 331 358
325 2 2 3 1 336 332 333
326 2 2 3 1 333 338 336
327 2 2 3 1 334 335 347
328 2 2 3 1 334 398 345
329 2 2 3 1 398 334 347
330 2 2 3 1 335 348 347
331 2 2 3 1 348 335 356
332 2 2 3 1 336 338 337
333 2 2 3 1 337 382 336
334 2 2 3 1 337 338 339
335 2 2 3 1 337 339 381
336 2 2 3 1 337 381 380
337 2 2 3 1 337 380 382
338 2 2 3 1 338 361 339
339 2 2 3 1 338 362 361
340 2 2 3 1 361 394 339
341 2 2 3 1 339 385 381
342 2 2 3 1 394 385 339
343 2 2 3 1 341 421 393
344 2 2 3 1 408 421 341
345 2 2 3 1 342 344 343
346 2 2 3 1 342 343 359
347 2 2 3 1 342 364 344
348 2 2 3 1 350 342 359
349 2 2 3 1 417 342 350
350 2 2 3 1 342 365 364
351 2 2 3 1 342 417 365
352 2 2 3 1 344 367 343
353 2 2 3 1 343 372 359
354 2 2 3 1 343 367 379
355 2 2 3 1 343 379 372
356 2 2 3 1 366 367 344
357 2 2 3 1 346 345 398
358 2 2 3 1 396 347 348
359 2 2 3 1 397 347 396
360 2 2 3 1 397 398 347
361 2 2 3 1 416 348 356
362 2 2 3 1 395 396 348
363 2 2 3 1 395 348 415
364 2 2 3 1 415 348 416
365 2 2 3 1 417 350 349
366 2 2 3 1 355 358 349
367 2 2 3 1 417 349 358
368 2 2 3 1 366 351 367
369 2 2 3 1 351 366 373
370 2 2 3 1 351 379 367
371 2 2 3 1 352 353 354
372 2 2 3 1 352 354 360
373 2 2 3 1 392 354 388
374 2 2 3 1 355 425 358
375 2 2 3 1 416 356 419
376 2 2 3 1 357 417 358
377 2 2 3 1 357 400 365
378 2 2 3 1 417 357 365
379 2 2 3 1 374 360 375
380 2 2 3 1 374 409 360
381 2 2 3 1 362 426 361
382 2 2 3 1 390 401 363
383 2 2 3 1 379 371 372
384 2 2 3 1 387 371 386
385 2 2 3 1 374 375 378
386 2 2 3 1 405 374 378
387 2 2 3 1 386 377 387
388 2 2 3 1 390 380 381
389 2 2 3 1 384 381 385
390 2 2 3 1 384 390 381
391 2 2 3 1 385 408 384
392 2 2 3 1 401 390 384
393 2 2 3 1 384 408 401
394 2 2 3 1 393 385 394
395 2 2 3 1 393 421 385
396 2 2 3 1 421 408 385
397 2 2 3 1 391 413 411
398 2 2 3 1 418 391 411
399 2 2 3 1 407 399 404
400 2 2 3 1 407 414 399
401 2 2 3 1 399 414 412
402 2 2 3 1 422 399 412
403 2 2 3 1 406 402 410
404 2 2 3 1 420 407 404
405 2 2 3 1 411 413 412
406 2 2 3 1 413 422 412
407 2 2 7 2 2 83 25
408 2 2 7 2 36 97 3
409 2 2 7 2 63 508 6
410 2 2 7 2 508 96 6
411 2 2 7 2 437 64 7
412 2 2 7 2 110 437 7
413 2 2 7 2 497 26 25
414 2 2 7 2 496 25 83
415 2 2 7 2 496 497 25
416 2 2 7 2 26 509 27
417 2 2 7 2 26 497 509
418 2 2 7 2 525 28 27
419 2 2 7 2 509 525 27
420 2 2 7 2 527 29 28
421 2 2 7 2 525 527 28
422 2 2 7 2 532 30 29
423 2 2 7 2 532 29 527
424 2 2 7 2 30 483 31
425 2 2 7 2 483 30 532
426 2 2 7 2 31 460 32
427 2 2 7 2 31 487 460
428 2 2 7 2 487 31 483
429 2 2 7 2 460 33 32
430 2 2 7 2 33 461 34
431 2 2 7 2 461 33 460
432 2 2 7 2 507 35 34
433 2 2 7 2 461 507 34
434 2 2 7 2 35 491 36
435 2 2 7 2 491 35 507
436 2 2 7 2 36 492 97
437 2 2 7 2 491 492 36
438 2 2 7 2 486 63 64
439 2 2 7 2 63 486 498
440 2 2 7 2 508 63 498
441 2 2 7 2 437 486 64
442 2 2 7 2 84 496 83
443 2 2 7 2 85 514 84
444 2 2 7 2 514 496 84
445 2 2 7 2 86 520 85
446 2 2 7 2 514 85 520
447 2 2 7 2 87 515 86
448 2 2 7 2 520 86 515
449 2 2 7 2 511 87 88
450 2 2 7 2 511 515 87
451 2 2 7 2 89 504 88
452 2 2 7 2 504 511 88
453 2 2 7 2 530 89 90
454 2 2 7 2 89 470 504
455 2 2 7 2 89 530 470
456 2 2 7 2 91 534 90
457 2 2 7 2 534 530 90
458 2 2 7 2 528 91 92
459 2 2 7 2 91 528 521
460 2 2 7 2 534 91 521
461 2 2 7 2 93 528 92
462 2 2 7 2 478 93 94
463 2 2 7 2 462 93 478
464 2 2 7 2 528 93 462
465 2 2 7 2 95 456 94
466 2 2 7 2 456 478 94
467 2 2 7 2 455 95 96
468 2 2 7 2 455 456 95
469 2 2 7 2 96 517 455
470 2 2 7 2 517 96 508
471 2 2 7 2 492 98 97
472 2 2 7 2 513 99 98
473 2 2 7 2 492 513 98
474 2 2 7 2 519 100 99
475 2 2 7 2 99 513 519
476 2 2 7 2 444 101 100
477 2 2 7 2 100 519 444
478 2 2 7 2 101 516 102
479 2 2 7 2 444 516 101
480 2 2 7 2 512 103 102
481 2 2 7 2 516 512 102
482 2 2 7 2 103 531 104
483 2 2 7 2 481 103 512
484 2 2 7 2 531 103 481
485 2 2 7 2 529 105 104
486 2 2 7 2 531 529 104
487 2 2 7 2 105 502 106
488 2 2 7 2 105 529 502
489 2 2 7 2 106 526 107
490 2 2 7 2 494 106 502
491 2 2 7 2 526 106 494
492 2 2 7 2 526 108 107
493 2 2 7 2 438 109 108
494 2 2 7 2 440 438 108
495 2 2 7 2 440 108 526
496 2 2 7 2 109 436 110
497 2 2 7 2 438 436 109
498 2 2 7 2 436 437 110
499 2 2 7 2 427 429 428
500 2 2 7 2 507 427 428
501 2 2 7 2 427 447 429
502 2 2 7 2 427 446 447
503 2 2 7 2 427 459 446
504 2 2 7 2 459 427 461
505 2 2 7 2 461 427 507
506 2 2 7 2 428 429 430
507 2 2 7 2 430 519 428
508 2 2 7 2 507 428 506
509 2 2 7 2 428 519 506
510 2 2 7 2 430 429 444
511 2 2 7 2 443 444 429
512 2 2 7 2 447 443 429
513 2 2 7 2 519 430 444
514 2 2 7 2 431 433 432
515 2 2 7 2 431 432 434
516 2 2 7 2 449 433 431
517 2 2 7 2 431 434 515
518 2 2 7 2 449 431 448
519 2 2 7 2 515 448 431
520 2 2 7 2 537 432 433
521 2 2 7 2 520 434 432
522 2 2 7 2 432 509 510
523 2 2 7 2 432 537 509
524 2 2 7 2 520 432 510
525 2 2 7 2 451 433 449
526 2 2 7 2 476 433 451
527 2 2 7 2 527 433 476
528 2 2 7 2 433 527 525
529 2 2 7 2 525 537 433
530 2 2 7 2 434 520 515
531 2 2 7 2 435 437 436
532 2 2 7 2 435 436 439
533 2 2 7 2 437 435 486
534 2 2 7 2 439 457 435
535 2 2 7 2 455 435 457
536 2 2 7 2 517 435 455
537 2 2 7 2 517 486 435
538 2 2 7 2 436 438 439
539 2 2 7 2 438 440 439
540 2 2 7 2 439 440 441
541 2 2 7 2 441 490 439
542 2 2 7 2 490 457 439
543 2 2 7 2 441 440 489
544 2 2 7 2 526 489 440
545 2 2 7 2 489 469 441
546 2 2 7 2 441 469 490
547 2 2 7 2 442 444 443
548 2 2 7 2 443 485 442
549 2 2 7 2 516 444 442
550 2 2 7 2 480 442 485
551 2 2 7 2 480 512 442
552 2 2 7 2 442 512 516
553 2 2 7 2 443 447 466
554 2 2 7 2 466 485 443
555 2 2 7 2 445 447 446
556 2 2 7 2 468 445 446
557 2 2 7 2 466 447 445
558 2 2 7 2 465 466 445
559 2 2 7 2 445 482 465
560 2 2 7 2 488 445 468
561 2 2 7 2 445 488 482
562 2 2 7 2 446 459 468
563 2 2 7 2 448 450 449
564 2 2 7 2 477 450 448
565 2 2 7 2 448 471 477
566 2 2 7 2 504 471 448
567 2 2 7 2 504 448 511
568 2 2 7 2 515 511 448
569 2 2 7 2 449 450 451
570 2 2 7 2 451 450 475
571 2 2 7 2 473 474 450
572 2 2 7 2 450 477 473
573 2 2 7 2 450 474 475
574 2 2 7 2 475 476 451
575 2 2 7 2 452 454 453
576 2 2 7 2 452 453 458
577 2 2 7 2 454 452 533
578 2 2 7 2 535 452 458
579 2 2 7 2 452 535 533
580 2 2 7 2 500 453 454
581 2 2 7 2 458 453 499
582 2 2 7 2 493 499 453
583 2 2 7 2 493 453 500
584 2 2 7 2 463 500 454
585 2 2 7 2 518 463 454
586 2 2 7 2 518 454 521
587 2 2 7 2 533 521 454
588 2 2 7 2 455 457 456
589 2 2 7 2 457 522 456
590 2 2 7 2 522 478 456
591 2 2 7 2 522 457 490
592 2 2 7 2 458 499 503
593 2 2 7 2 458 503 505
594 2 2 7 2 505 535 458
595 2 2 7 2 459 461 460
596 2 2 7 2 459 460 468
597 2 2 7 2 468 460 487
598 2 2 7 2 462 464 463
599 2 2 7 2 463 518 462
600 2 2 7 2 478 464 462
601 2 2 7 2 462 518 528
602 2 2 7 2 463 464 469
603 2 2 7 2 500 463 469
604 2 2 7 2 469 464 490
605 2 2 7 2 464 478 522
606 2 2 7 2 464 522 490
607 2 2 7 2 465 467 466
608 2 2 7 2 465 524 467
609 2 2 7 2 482 524 465
610 2 2 7 2 485 466 467
611 2 2 7 2 467 479 485
612 2 2 7 2 523 479 467
613 2 2 7 2 524 523 467
614 2 2 7 2 468 487 488
615 2 2 7 2 489 495 469
616 2 2 7 2 495 500 469
617 2 2 7 2 470 472 471
618 2 2 7 2 471 504 470
619 2 2 7 2 533 472 470
620 2 2 7 2 533 470 530
621 2 2 7 2 471 472 477
622 2 2 7 2 472 473 477
623 2 2 7 2 473 472 535
624 2 2 7 2 472 533 535
625 2 2 7 2 524 474 473
626 2 2 7 2 505 524 473
627 2 2 7 2 535 505 473
628 2 2 7 2 482 475 474
629 2 2 7 2 524 482 474
630 2 2 7 2 484 476 475
631 2 2 7 2 488 475 482
632 2 2 7 2 488 484 475
633 2 2 7 2 476 484 483
634 2 2 7 2 532 476 483
635 2 2 7 2 532 527 476
636 2 2 7 2 479 481 480
637 2 2 7 2 479 480 485
638 2 2 7 2 479 536 481
639 2 2 7 2 503 479 523
640 2 2 7 2 536 479 503
641 2 2 7 2 512 480 481
642 2 2 7 2 481 536 531
643 2 2 7 2 484 488 483
644 2 2 7 2 487 483 488
645 2 2 7 2 486 517 498
646 2 2 7 2 494 495 489
647 2 2 7 2 494 489 526
648 2 2 7 2 491 506 492
649 2 2 7 2 506 491 507
650 2 2 7 2 492 506 513
651 2 2 7 2 493 495 494
652 2 2 7 2 494 502 493
653 2 2 7 2 500 495 493
654 2 2 7 2 499 493 501
655 2 2 7 2 501 493 502
656 2 2 7 2 510 497 496
657 2 2 7 2 510 496 514
658 2 2 7 2 497 510 509
659 2 2 7 2 517 508 498
660 2 2 7 2 501 536 499
661 2 2 7 2 536 503 499
662 2 2 7 2 529 501 502
663 2 2 7 2 501 529 531
664 2 2 7 2 536 501 531
665 2 2 7 2 523 505 503
666 2 2 7 2 523 524 505
667 2 2 7 2 513 506 519
668 2 2 7 2 537 525 509
669 2 2 7 2 510 514 520
670 2 2 7 2 521 528 518
671 2 2 7 2 521 533 530
672 2 2 7 2 530 534 521
673 2 2 7 3 3 37 97
674 2 2 7 3 48 4 111
675 2 2 7 3 619 65 7
676 2 2 7 3 110 619 7
677 2 2 7 3 66 546 8
678 2 2 7 3 546 124 8
679 2 2 7 3 38 607 37
680 2 2 7 3 37 608 97
681 2 2 7 3 607 608 37
682 2 2 7 3 621 38 39
683 2 2 7 3 607 38 621
684 2 2 7 3 40 636 39
685 2 2 7 3 636 621 39
686 2 2 7 3 41 638 40
687 2 2 7 3 638 636 40
688 2 2 7 3 42 643 41
689 2 2 7 3 41 643 638
690 2 2 7 3 595 42 43
691 2 2 7 3 42 595 643
692 2 2 7 3 571 43 44
693 2 2 7 3 597 43 571
694 2 2 7 3 43 597 595
695 2 2 7 3 45 571 44
696 2 2 7 3 570 45 46
697 2 2 7 3 45 570 571
698 2 2 7 3 47 617 46
699 2 2 7 3 617 570 46
700 2 2 7 3 606 47 48
701 2 2 7 3 47 606 617
702 2 2 7 3 605 48 111
703 2 2 7 3 605 606 48
704 2 2 7 3 65 600 66
705 2 2 7 3 600 65 610
706 2 2 7 3 65 619 610
707 2 2 7 3 600 546 66
708 2 2 7 3 608 98 97
709 2 2 7 3 625 99 98
710 2 2 7 3 608 625 98
711 2 2 7 3 631 100 99
712 2 2 7 3 99 625 631
713 2 2 7 3 626 101 100
714 2 2 7 3 100 631 626
715 2 2 7 3 101 622 102
716 2 2 7 3 626 622 101
717 2 2 7 3 615 103 102
718 2 2 7 3 622 615 102
719 2 2 7 3 103 641 104
720 2 2 7 3 583 103 615
721 2 2 7 3 641 103 583
722 2 2 7 3 645 105 104
723 2 2 7 3 641 645 104
724 2 2 7 3 105 639 106
725 2 2 7 3 639 105 632
726 2 2 7 3 105 645 632
727 2 2 7 3 639 107 106
728 2 2 7 3 107 592 108
729 2 2 7 3 107 575 592
730 2 2 7 3 107 639 575
731 2 2 7 3 566 109 108
732 2 2 7 3 592 566 108
733 2 2 7 3 109 567 110
734 2 2 7 3 566 567 109
735 2 2 7 3 628 110 567
736 2 2 7 3 110 628 619
737 2 2 7 3 112 605 111
738 2 2 7 3 113 624 112
739 2 2 7 3 624 605 112
740 2 2 7 3 114 630 113
741 2 2 7 3 624 113 630
742 2 2 7 3 115 553 114
743 2 2 7 3 630 114 553
744 2 2 7 3 627 115 116
745 2 2 7 3 627 553 115
746 2 2 7 3 117 623 116
747 2 2 7 3 623 627 116
748 2 2 7 3 642 117 118
749 2 2 7 3 117 589 623
750 2 2 7 3 117 642 589
751 2 2 7 3 119 640 118
752 2 2 7 3 640 642 118
753 2 2 7 3 613 119 120
754 2 2 7 3 640 119 613
755 2 2 7 3 637 120 121
756 2 2 7 3 120 603 613
757 2 2 7 3 120 637 603
758 2 2 7 3 122 637 121
759 2 2 7 3 123 551 122
760 2 2 7 3 551 549 122
761 2 2 7 3 122 549 637
762 2 2 7 3 547 123 124
763 2 2 7 3 547 551 123
764 2 2 7 3 546 547 124
765 2 2 7 3 538 540 539
766 2 2 7 3 538 539 541
767 2 2 7 3 556 540 538
768 2 2 7 3 538 541 553
769 2 2 7 3 553 554 538
770 2 2 7 3 554 556 538
771 2 2 7 3 540 617 539
772 2 2 7 3 630 541 539
773 2 2 7 3 539 617 618
774 2 2 7 3 630 539 618
775 2 2 7 3 557 540 556
776 2 2 7 3 572 540 557
777 2 2 7 3 540 572 570
778 2 2 7 3 540 570 617
779 2 2 7 3 541 630 553
780 2 2 7 3 542 544 543
781 2 2 7 3 543 648 542
782 2 2 7 3 542 560 544
783 2 2 7 3 542 562 560
784 2 2 7 3 542 587 562
785 2 2 7 3 542 638 587
786 2 2 7 3 638 542 636
787 2 2 7 3 648 636 542
788 2 2 7 3 543 544 545
789 2 2 7 3 545 631 543
790 2 2 7 3 621 543 620
791 2 2 7 3 543 631 620
792 2 2 7 3 648 543 621
793 2 2 7 3 545 544 626
794 2 2 7 3 544 560 561
795 2 2 7 3 561 626 544
796 2 2 7 3 631 545 626
797 2 2 7 3 546 548 547
798 2 2 7 3 548 546 600
799 2 2 7 3 547 548 550
800 2 2 7 3 551 547 550
801 2 2 7 3 568 550 548
802 2 2 7 3 548 567 568
803 2 2 7 3 548 628 567
804 2 2 7 3 600 628 548
805 2 2 7 3 549 551 550
806 2 2 7 3 549 550 552
807 2 2 7 3 549 552 598
808 2 2 7 3 598 637 549
809 2 2 7 3 601 552 550
810 2 2 7 3 568 601 550
811 2 2 7 3 580 598 552
812 2 2 7 3 580 552 601
813 2 2 7 3 553 555 554
814 2 2 7 3 553 627 555
815 2 2 7 3 599 554 555
816 2 2 7 3 556 554 577
817 2 2 7 3 599 577 554
818 2 2 7 3 555 590 599
819 2 2 7 3 623 590 555
820 2 2 7 3 623 555 627
821 2 2 7 3 556 558 557
822 2 2 7 3 556 577 558
823 2 2 7 3 558 579 557
824 2 2 7 3 572 557 579
825 2 2 7 3 577 578 558
826 2 2 7 3 593 558 578
827 2 2 7 3 558 596 579
828 2 2 7 3 596 558 593
829 2 2 7 3 559 561 560
830 2 2 7 3 559 560 562
831 2 2 7 3 559 588 561
832 2 2 7 3 559 562 586
833 2 2 7 3 584 585 559
834 2 2 7 3 584 559 586
835 2 2 7 3 588 559 585
836 2 2 7 3 582 561 588
837 2 2 7 3 582 615 561
838 2 2 7 3 561 615 622
839 2 2 7 3 622 626 561
840 2 2 7 3 587 586 562
841 2 2 7 3 563 565 564
842 2 2 7 3 564 611 563
843 2 2 7 3 565 563 644
844 2 2 7 3 611 574 563
845 2 2 7 3 574 629 563
846 2 2 7 3 563 629 632
847 2 2 7 3 632 644 563
848 2 2 7 3 564 565 569
849 2 2 7 3 564 569 609
850 2 2 7 3 609 604 564
851 2 2 7 3 564 604 611
852 2 2 7 3 565 646 569
853 2 2 7 3 646 565 644
854 2 2 7 3 568 567 566
855 2 2 7 3 633 568 566
856 2 2 7 3 592 633 566
857 2 2 7 3 568 633 601
858 2 2 7 3 609 569 614
859 2 2 7 3 614 569 616
860 2 2 7 3 646 616 569
861 2 2 7 3 570 572 571
862 2 2 7 3 571 572 579
863 2 2 7 3 571 579 597
864 2 2 7 3 573 575 574
865 2 2 7 3 573 574 580
866 2 2 7 3 573 592 575
867 2 2 7 3 573 580 601
868 2 2 7 3 592 573 633
869 2 2 7 3 633 573 601
870 2 2 7 3 629 574 575
871 2 2 7 3 574 611 580
872 2 2 7 3 629 575 639
873 2 2 7 3 576 578 577
874 2 2 7 3 577 599 576
875 2 2 7 3 634 578 576
876 2 2 7 3 591 576 599
877 2 2 7 3 591 635 576
878 2 2 7 3 635 634 576
879 2 2 7 3 634 593 578
880 2 2 7 3 597 579 596
881 2 2 7 3 602 598 580
882 2 2 7 3 611 602 580
883 2 2 7 3 581 583 582
884 2 2 7 3 581 582 588
885 2 2 7 3 581 644 583
886 2 2 7 3 585 581 588
887 2 2 7 3 581 585 646
888 2 2 7 3 644 581 646
889 2 2 7 3 615 582 583
890 2 2 7 3 583 644 641
891 2 2 7 3 584 634 585
892 2 2 7 3 586 593 584
893 2 2 7 3 593 634 584
894 2 2 7 3 634 616 585
895 2 2 7 3 616 646 585
896 2 2 7 3 587 594 586
897 2 2 7 3 586 596 593
898 2 2 7 3 594 596 586
899 2 2 7 3 594 587 595
900 2 2 7 3 587 643 595
901 2 2 7 3 638 643 587
902 2 2 7 3 589 591 590
903 2 2 7 3 590 623 589
904 2 2 7 3 647 591 589
905 2 2 7 3 647 589 642
906 2 2 7 3 590 591 599
907 2 2 7 3 591 614 635
908 2 2 7 3 591 647 614
909 2 2 7 3 596 594 595
910 2 2 7 3 595 597 596
911 2 2 7 3 602 603 598
912 2 2 7 3 598 603 637
913 2 2 7 3 628 600 610
914 2 2 7 3 602 604 603
915 2 2 7 3 602 611 604
916 2 2 7 3 613 603 604
917 2 2 7 3 604 609 612
918 2 2 7 3 604 612 613
919 2 2 7 3 618 606 605
920 2 2 7 3 618 605 624
921 2 2 7 3 606 618 617
922 2 2 7 3 607 620 608
923 2 2 7 3 620 607 621
924 2 2 7 3 608 620 625
925 2 2 7 3 647 612 609
926 2 2 7 3 614 647 609
927 2 2 7 3 619 628 610
928 2 2 7 3 612 640 613
929 2 2 7 3 640 612 642
930 2 2 7 3 612 647 642
931 2 2 7 3 616 635 614
932 2 2 7 3 634 635 616
933 2 2 7 3 618 624 630
934 2 2 7 3 625 620 631
935 2 2 7 3 636 648 621
936 2 2 7 3 639 632 629
937 2 2 7 3 644 632 641
938 2 2 7 3 645 641 632
939 2 2 7 4 60 1 69
940 2 2 7 4 49 111 4
941 2 2 7 4 68 713 5
942 2 2 7 4 713 82 5
943 2 2 7 4 665 67 8
944 2 2 7 4 124 665 8
945 2 2 7 4 50 706 49
946 2 2 7 4 49 707 111
947 2 2 7 4 706 707 49
948 2 2 7 4 711 50 51
949 2 2 7 4 706 50 711
950 2 2 7 4 52 737 51
951 2 2 7 4 737 711 51
952 2 2 7 4 53 724 52
953 2 2 7 4 724 737 52
954 2 2 7 4 54 749 53
955 2 2 7 4 53 749 724
956 2 2 7 4 740 54 55
957 2 2 7 4 54 740 749
958 2 2 7 4 736 55 56
959 2 2 7 4 742 55 736
960 2 2 7 4 55 742 740
961 2 2 7 4 57 736 56
962 2 2 7 4 734 57 58
963 2 2 7 4 57 734 736
964 2 2 7 4 59 708 58
965 2 2 7 4 708 734 58
966 2 2 7 4 704 59 60
967 2 2 7 4 59 704 708
968 2 2 7 4 703 60 69
969 2 2 7 4 703 704 60
970 2 2 7 4 730 68 67
971 2 2 7 4 665 730 67
972 2 2 7 4 68 730 713
973 2 2 7 4 70 703 69
974 2 2 7 4 71 726 70
975 2 2 7 4 726 703 70
976 2 2 7 4 72 729 71
977 2 2 7 4 726 71 729
978 2 2 7 4 73 721 72
979 2 2 7 4 729 72 721
980 2 2 7 4 757 73 74
981 2 2 7 4 757 721 73
982 2 2 7 4 733 74 75
983 2 2 7 4 748 74 733
984 2 2 7 4 748 757 74
985 2 2 7 4 76 733 75
986 2 2 7 4 77 731 76
987 2 2 7 4 731 732 76
988 2 2 7 4 76 732 733
989 2 2 7 4 715 77 78
990 2 2 7 4 731 77 715
991 2 2 7 4 79 677 78
992 2 2 7 4 677 715 78
993 2 2 7 4 666 79 80
994 2 2 7 4 666 677 79
995 2 2 7 4 723 80 81
996 2 2 7 4 80 723 666
997 2 2 7 4 82 722 81
998 2 2 7 4 722 723 81
999 2 2 7 4 713 722 82
1000 2 2 7 4 707 112 111
1001 2 2 7 4 727 113 112
1002 2 2 7 4 707 727 112
1003 2 2 7 4 728 114 113
1004 2 2 7 4 113 727 728
1005 2 2 7 4 720 115 114
1006 2 2 7 4 114 728 720
1007 2 2 7 4 115 758 116
1008 2 2 7 4 720 758 115
1009 2 2 7 4 116 750 117
1010 2 2 7 4 116 751 750
1011 2 2 7 4 758 751 116
1012 2 2 7 4 750 118 117
1013 2 2 7 4 738 119 118
1014 2 2 7 4 750 738 118
1015 2 2 7 4 119 717 120
1016 2 2 7 4 119 738 717
1017 2 2 7 4 120 718 121
1018 2 2 7 4 717 718 120
1019 2 2 7 4 121 719 122
1020 2 2 7 4 652 121 718
1021 2 2 7 4 719 121 652
1022 2 2 7 4 122 649 123
1023 2 2 7 4 719 649 122
1024 2 2 7 4 123 650 124
1025 2 2 7 4 650 123 649
1026 2 2 7 4 650 665 124
1027 2 2 7 4 649 651 650
1028 2 2 7 4 735 651 649
1029 2 2 7 4 653 649 652
1030 2 2 7 4 652 649 719
1031 2 2 7 4 649 653 735
1032 2 2 7 4 650 651 664
1033 2 2 7 4 650 664 665
1034 2 2 7 4 725 664 651
1035 2 2 7 4 725 651 735
1036 2 2 7 4 652 654 653
1037 2 2 7 4 718 654 652
1038 2 2 7 4 653 654 655
1039 2 2 7 4 653 655 735
1040 2 2 7 4 654 679 655
1041 2 2 7 4 654 685 679
1042 2 2 7 4 654 718 685
1043 2 2 7 4 668 655 667
1044 2 2 7 4 679 667 655
1045 2 2 7 4 655 668 735
1046 2 2 7 4 656 658 657
1047 2 2 7 4 656 657 659
1048 2 2 7 4 670 658 656
1049 2 2 7 4 656 659 721
1050 2 2 7 4 670 656 669
1051 2 2 7 4 721 669 656
1052 2 2 7 4 658 708 657
1053 2 2 7 4 729 659 657
1054 2 2 7 4 657 708 709
1055 2 2 7 4 729 657 709
1056 2 2 7 4 683 658 670
1057 2 2 7 4 702 658 683
1058 2 2 7 4 658 702 734
1059 2 2 7 4 658 734 708
1060 2 2 7 4 659 729 721
1061 2 2 7 4 660 662 661
1062 2 2 7 4 661 759 660
1063 2 2 7 4 660 674 662
1064 2 2 7 4 660 687 674
1065 2 2 7 4 660 686 687
1066 2 2 7 4 660 724 686
1067 2 2 7 4 724 660 737
1068 2 2 7 4 759 737 660
1069 2 2 7 4 661 662 663
1070 2 2 7 4 663 728 661
1071 2 2 7 4 711 661 710
1072 2 2 7 4 661 728 710
1073 2 2 7 4 759 661 711
1074 2 2 7 4 663 662 720
1075 2 2 7 4 662 674 675
1076 2 2 7 4 675 720 662
1077 2 2 7 4 728 663 720
1078 2 2 7 4 665 664 730
1079 2 2 7 4 664 725 713
1080 2 2 7 4 730 664 713
1081 2 2 7 4 666 668 667
1082 2 2 7 4 666 667 677
1083 2 2 7 4 668 666 723
1084 2 2 7 4 714 677 667
1085 2 2 7 4 678 667 679
1086 2 2 7 4 714 667 678
1087 2 2 7 4 723 722 668
1088 2 2 7 4 668 722 725
1089 2 2 7 4 668 725 735
1090 2 2 7 4 669 671 670
1091 2 2 7 4 745 671 669
1092 2 2 7 4 721 757 669
1093 2 2 7 4 747 745 669
1094 2 2 7 4 669 757 747
1095 2 2 7 4 670 671 672
1096 2 2 7 4 670 672 683
1097 2 2 7 4 671 681 672
1098 2 2 7 4 680 681 671
1099 2 2 7 4 680 671 745
1100 2 2 7 4 681 682 672
1101 2 2 7 4 682 683 672
1102 2 2 7 4 673 675 674
1103 2 2 7 4 673 674 676
1104 2 2 7 4 673 743 675
1105 2 2 7 4 692 673 676
1106 2 2 7 4 692 693 673
1107 2 2 7 4 673 693 743
1108 2 2 7 4 676 674 687
1109 2 2 7 4 758 720 675
1110 2 2 7 4 743 756 675
1111 2 2 7 4 758 675 756
1112 2 2 7 4 687 688 676
1113 2 2 7 4 688 692 676
1114 2 2 7 4 714 715 677
1115 2 2 7 4 679 700 678
1116 2 2 7 4 699 678 696
1117 2 2 7 4 696 678 700
1118 2 2 7 4 714 678 699
1119 2 2 7 4 700 679 685
1120 2 2 7 4 755 681 680
1121 2 2 7 4 680 697 705
1122 2 2 7 4 697 680 746
1123 2 2 7 4 680 705 712
1124 2 2 7 4 712 755 680
1125 2 2 7 4 680 745 746
1126 2 2 7 4 694 682 681
1127 2 2 7 4 681 755 694
1128 2 2 7 4 682 684 683
1129 2 2 7 4 682 741 684
1130 2 2 7 4 741 682 694
1131 2 2 7 4 702 683 684
1132 2 2 7 4 736 702 684
1133 2 2 7 4 736 684 742
1134 2 2 7 4 742 684 741
1135 2 2 7 4 685 691 700
1136 2 2 7 4 685 701 691
1137 2 2 7 4 685 718 701
1138 2 2 7 4 686 688 687
1139 2 2 7 4 686 754 688
1140 2 2 7 4 724 749 686
1141 2 2 7 4 686 749 740
1142 2 2 7 4 754 686 740
1143 2 2 7 4 688 694 692
1144 2 2 7 4 688 741 694
1145 2 2 7 4 754 741 688
1146 2 2 7 4 689 691 690
1147 2 2 7 4 690 705 689
1148 2 2 7 4 700 691 689
1149 2 2 7 4 696 689 697
1150 2 2 7 4 696 700 689
1151 2 2 7 4 705 697 689
1152 2 2 7 4 690 691 695
1153 2 2 7 4 690 693 705
1154 2 2 7 4 693 690 752
1155 2 2 7 4 695 752 690
1156 2 2 7 4 691 716 695
1157 2 2 7 4 691 701 716
1158 2 2 7 4 692 755 693
1159 2 2 7 4 755 692 694
1160 2 2 7 4 705 693 712
1161 2 2 7 4 755 712 693
1162 2 2 7 4 743 693 752
1163 2 2 7 4 716 739 695
1164 2 2 7 4 753 695 739
1165 2 2 7 4 752 695 753
1166 2 2 7 4 696 697 698
1167 2 2 7 4 696 698 699
1168 2 2 7 4 746 698 697
1169 2 2 7 4 699 698 732
1170 2 2 7 4 698 744 732
1171 2 2 7 4 698 746 744
1172 2 2 7 4 699 715 714
1173 2 2 7 4 731 715 699
1174 2 2 7 4 732 731 699
1175 2 2 7 4 716 701 717
1176 2 2 7 4 717 701 718
1177 2 2 7 4 734 702 736
1178 2 2 7 4 709 704 703
1179 2 2 7 4 709 703 726
1180 2 2 7 4 704 709 708
1181 2 2 7 4 706 710 707
1182 2 2 7 4 710 706 711
1183 2 2 7 4 707 710 727
1184 2 2 7 4 709 726 729
1185 2 2 7 4 727 710 728
1186 2 2 7 4 737 759 711
1187 2 2 7 4 722 713 725
1188 2 2 7 4 717 738 716
1189 2 2 7 4 716 738 739
1190 2 2 7 4 744 733 732
1191 2 2 7 4 733 744 748
1192 2 2 7 4 750 739 738
1193 2 2 7 4 750 753 739
1194 2 2 7 4 740 742 741
1195 2 2 7 4 741 754 740
1196 2 2 7 4 752 753 743
1197 2 2 7 4 743 753 756
1198 2 2 7 4 744 746 745
1199 2 2 7 4 744 745 747
1200 2 2 7 4 747 748 744
1201 2 2 7 4 747 757 748
1202 2 2 7 4 753 750 751
1203 2 2 7 4 751 756 753
1204 2 2 7 4 758 756 751
1205 2 2 7 5 13 1 69
1206 2 2 7 5 24 83 2
1207 2 2 7 5 61 840 5
1208 2 2 7 5 840 82 5
1209 2 2 7 5 809 62 6
1210 2 2 7 5 96 809 6
1211 2 2 7 5 823 14 13
1212 2 2 7 5 820 13 69
1213 2 2 7 5 820 823 13
1214 2 2 7 5 14 839 15
1215 2 2 7 5 14 823 839
1216 2 2 7 5 859 16 15
1217 2 2 7 5 839 859 15
1218 2 2 7 5 860 17 16
1219 2 2 7 5 859 860 16
1220 2 2 7 5 17 857 18
1221 2 2 7 5 860 857 17
1222 2 2 7 5 765 19 18
1223 2 2 7 5 811 765 18
1224 2 2 7 5 857 811 18
1225 2 2 7 5 19 764 20
1226 2 2 7 5 19 765 764
1227 2 2 7 5 764 21 20
1228 2 2 7 5 21 856 22
1229 2 2 7 5 764 856 21
1230 2 2 7 5 838 23 22
1231 2 2 7 5 856 838 22
1232 2 2 7 5 23 819 24
1233 2 2 7 5 819 23 838
1234 2 2 7 5 24 816 83
1235 2 2 7 5 819 816 24
1236 2 2 7 5 813 61 62
1237 2 2 7 5 61 813 825
1238 2 2 7 5 840 61 825
1239 2 2 7 5 809 813 62
1240 2 2 7 5 70 820 69
1241 2 2 7 5 773 70 71
1242 2 2 7 5 821 70 773
1243 2 2 7 5 820 70 821
1244 2 2 7 5 772 71 72
1245 2 2 7 5 773 71 772
1246 2 2 7 5 73 862 72
1247 2 2 7 5 862 772 72
1248 2 2 7 5 858 73 74
1249 2 2 7 5 858 862 73
1250 2 2 7 5 827 74 75
1251 2 2 7 5 847 74 827
1252 2 2 7 5 847 858 74
1253 2 2 7 5 76 827 75
1254 2 2 7 5 77 828 76
1255 2 2 7 5 76 828 827
1256 2 2 7 5 78 850 77
1257 2 2 7 5 77 850 828
1258 2 2 7 5 79 851 78
1259 2 2 7 5 78 851 850
1260 2 2 7 5 826 79 80
1261 2 2 7 5 826 801 79
1262 2 2 7 5 801 851 79
1263 2 2 7 5 81 782 80
1264 2 2 7 5 782 826 80
1265 2 2 7 5 781 81 82
1266 2 2 7 5 781 782 81
1267 2 2 7 5 82 812 781
1268 2 2 7 5 812 82 840
1269 2 2 7 5 816 84 83
1270 2 2 7 5 799 85 84
1271 2 2 7 5 815 799 84
1272 2 2 7 5 84 816 815
1273 2 2 7 5 770 86 85
1274 2 2 7 5 799 770 85
1275 2 2 7 5 771 87 86
1276 2 2 7 5 86 770 771
1277 2 2 7 5 843 88 87
1278 2 2 7 5 843 87 771
1279 2 2 7 5 88 833 89
1280 2 2 7 5 843 833 88
1281 2 2 7 5 830 90 89
1282 2 2 7 5 833 830 89
1283 2 2 7 5 90 865 91
1284 2 2 7 5 830 865 90
1285 2 2 7 5 91 861 92
1286 2 2 7 5 865 861 91
1287 2 2 7 5 868 93 92
1288 2 2 7 5 861 868 92
1289 2 2 7 5 93 775 94
1290 2 2 7 5 868 775 93
1291 2 2 7 5 776 95 94
1292 2 2 7 5 94 775 776
1293 2 2 7 5 95 808 96
1294 2 2 7 5 776 808 95
1295 2 2 7 5 808 809 96
1296 2 2 7 5 760 762 761
1297 2 2 7 5 760 761 763
1298 2 2 7 5 760 824 762
1299 2 2 7 5 760 763 792
1300 2 2 7 5 824 760 792
1301 2 2 7 5 797 761 762
1302 2 2 7 5 763 761 846
1303 2 2 7 5 845 761 797
1304 2 2 7 5 845 846 761
1305 2 2 7 5 762 824 791
1306 2 2 7 5 791 837 762
1307 2 2 7 5 762 837 797
1308 2 2 7 5 763 794 792
1309 2 2 7 5 794 763 828
1310 2 2 7 5 763 846 828
1311 2 2 7 5 765 810 764
1312 2 2 7 5 853 764 810
1313 2 2 7 5 764 853 854
1314 2 2 7 5 764 854 856
1315 2 2 7 5 810 765 811
1316 2 2 7 5 766 768 767
1317 2 2 7 5 767 867 766
1318 2 2 7 5 766 853 768
1319 2 2 7 5 766 769 832
1320 2 2 7 5 867 769 766
1321 2 2 7 5 766 832 854
1322 2 2 7 5 853 766 854
1323 2 2 7 5 806 767 768
1324 2 2 7 5 805 767 806
1325 2 2 7 5 805 807 767
1326 2 2 7 5 836 767 807
1327 2 2 7 5 867 767 836
1328 2 2 7 5 768 814 806
1329 2 2 7 5 810 814 768
1330 2 2 7 5 768 853 810
1331 2 2 7 5 769 771 770
1332 2 2 7 5 769 770 799
1333 2 2 7 5 769 836 771
1334 2 2 7 5 769 799 832
1335 2 2 7 5 769 867 836
1336 2 2 7 5 771 836 843
1337 2 2 7 5 772 774 773
1338 2 2 7 5 848 774 772
1339 2 2 7 5 772 862 848
1340 2 2 7 5 773 774 821
1341 2 2 7 5 774 839 821
1342 2 2 7 5 774 859 839
1343 2 2 7 5 848 842 774
1344 2 2 7 5 842 852 774
1345 2 2 7 5 859 774 852
1346 2 2 7 5 775 777 776
1347 2 2 7 5 777 775 783
1348 2 2 7 5 778 783 775
1349 2 2 7 5 775 868 778
1350 2 2 7 5 776 777 786
1351 2 2 7 5 808 776 786
1352 2 2 7 5 866 777 783
1353 2 2 7 5 777 866 786
1354 2 2 7 5 778 780 779
1355 2 2 7 5 778 779 783
1356 2 2 7 5 778 861 780
1357 2 2 7 5 868 861 778
1358 2 2 7 5 863 779 780
1359 2 2 7 5 783 779 802
1360 2 2 7 5 779 863 802
1361 2 2 7 5 780 785 784
1362 2 2 7 5 784 863 780
1363 2 2 7 5 861 785 780
1364 2 2 7 5 781 788 782
1365 2 2 7 5 781 787 788
1366 2 2 7 5 812 787 781
1367 2 2 7 5 788 826 782
1368 2 2 7 5 802 866 783
1369 2 2 7 5 784 785 790
1370 2 2 7 5 824 784 790
1371 2 2 7 5 824 792 784
1372 2 2 7 5 863 784 792
1373 2 2 7 5 831 790 785
1374 2 2 7 5 785 861 831
1375 2 2 7 5 786 788 787
1376 2 2 7 5 787 808 786
1377 2 2 7 5 866 788 786
1378 2 2 7 5 787 809 808
1379 2 2 7 5 809 787 813
1380 2 2 7 5 812 813 787
1381 2 2 7 5 800 826 788
1382 2 2 7 5 800 788 866
1383 2 2 7 5 789 791 790
1384 2 2 7 5 829 789 790
1385 2 2 7 5 789 803 791
1386 2 2 7 5 803 789 864
1387 2 2 7 5 789 829 864
1388 2 2 7 5 790 791 824
1389 2 2 7 5 790 831 829
1390 2 2 7 5 837 791 803
1391 2 2 7 5 792 794 793
1392 2 2 7 5 793 863 792
1393 2 2 7 5 794 851 793
1394 2 2 7 5 801 802 793
1395 2 2 7 5 851 801 793
1396 2 2 7 5 863 793 802
1397 2 2 7 5 850 794 828
1398 2 2 7 5 794 850 851
1399 2 2 7 5 795 797 796
1400 2 2 7 5 795 796 798
1401 2 2 7 5 795 845 797
1402 2 2 7 5 844 795 798
1403 2 2 7 5 844 849 795
1404 2 2 7 5 849 845 795
1405 2 2 7 5 837 796 797
1406 2 2 7 5 798 796 817
1407 2 2 7 5 796 837 817
1408 2 2 7 5 818 798 817
1409 2 2 7 5 818 841 798
1410 2 2 7 5 841 842 798
1411 2 2 7 5 798 842 844
1412 2 2 7 5 832 799 815
1413 2 2 7 5 800 802 801
1414 2 2 7 5 801 826 800
1415 2 2 7 5 800 866 802
1416 2 2 7 5 803 805 804
1417 2 2 7 5 804 837 803
1418 2 2 7 5 864 805 803
1419 2 2 7 5 804 805 806
1420 2 2 7 5 804 806 817
1421 2 2 7 5 837 804 817
1422 2 2 7 5 805 864 807
1423 2 2 7 5 806 814 817
1424 2 2 7 5 807 835 834
1425 2 2 7 5 807 834 836
1426 2 2 7 5 835 807 864
1427 2 2 7 5 811 822 810
1428 2 2 7 5 822 814 810
1429 2 2 7 5 855 822 811
1430 2 2 7 5 811 857 855
1431 2 2 7 5 813 812 825
1432 2 2 7 5 812 840 825
1433 2 2 7 5 817 814 818
1434 2 2 7 5 818 814 822
1435 2 2 7 5 819 815 816
1436 2 2 7 5 815 819 838
1437 2 2 7 5 838 832 815
1438 2 2 7 5 822 855 818
1439 2 2 7 5 841 818 855
1440 2 2 7 5 821 823 820
1441 2 2 7 5 823 821 839
1442 2 2 7 5 846 827 828
1443 2 2 7 5 827 846 847
1444 2 2 7 5 829 831 830
1445 2 2 7 5 830 835 829
1446 2 2 7 5 835 864 829
1447 2 2 7 5 831 865 830
1448 2 2 7 5 833 835 830
1449 2 2 7 5 861 865 831
1450 2 2 7 5 854 832 838
1451 2 2 7 5 835 833 834
1452 2 2 7 5 843 834 833
1453 2 2 7 5 843 836 834
1454 2 2 7 5 838 856 854
1455 2 2 7 5 841 852 842
1456 2 2 7 5 841 855 852
1457 2 2 7 5 844 842 848
1458 2 2 7 5 848 849 844
1459 2 2 7 5 845 847 846
1460 2 2 7 5 847 845 849
1461 2 2 7 5 847 849 858
1462 2 2 7 5 862 849 848
1463 2 2 7 5 862 858 849
1464 2 2 7 5 855 860 852
1465 2 2 7 5 852 860 859
1466 2 2 7 5 857 860 855
1467 2 2 4 6 870 61 5
1468 2 2 4 6 68 870 5
1469 2 2 4 6 62 876 6
1470 2 2 4 6 876 63 6
1471 2 2 4 6 64 874 7
1472 2 2 4 6 874 65 7
1473 2 2 4 6 66 872 8
1474 2 2 4 6 872 67 8
1475 2 2 4 6 870 62 61
1476 2 2 4 6 871 62 870
1477 2 2 4 6 62 871 876
1478 2 2 4 6 63 873 64
1479 2 2 4 6 63 871 873
1480 2 2 4 6 871 63 876
1481 2 2 4 6 64 873 874
1482 2 2 4 6 875 66 65
1483 2 2 4 6 875 65 874
1484 2 2 4 6 66 875 872
1485 2 2 4 6 872 68 67
1486 2 2 4 6 68 872 870
1487 2 2 4 6 869 871 870
1488 2 2 4 6 869 870 872
1489 2 2 4 6 869 873 871
1490 2 2 4 6 872 875 869
1491 2 2 4 6 875 873 869
1492 2 2 4 6 874 873 875
1493 2 2 5 8 7 935 65
1494 2 2 5 8 144 936 7
1495 2 2 5 8 7 936 935
1496 2 2 5 8 66 922 8
1497 2 2 5 8 922 143 8
1498 2 2 5 8 174 150 11
1499 2 2 5 8 12 137 163
1500 2 2 5 8 923 66 65
1501 2 2 5 8 935 923 65
1502 2 2 5 8 66 923 922
1503 2 2 5 8 918 137 138
1504 2 2 5 8 163 137 918
1505 2 2 5 8 921 138 139
1506 2 2 5 8 918 138 921
1507 2 2 5 8 928 139 140
1508 2 2 5 8 139 928 921
1509 2 2 5 8 929 140 141
1510 2 2 5 8 929 928 140
1511 2 2 5 8 142 953 141
1512 2 2 5 8 953 929 141
1513 2 2 5 8 143 942 142
1514 2 2 5 8 142 942 953
1515 2 2 5 8 143 922 942
1516 2 2 5 8 145 936 144
1517 2 2 5 8 925 145 146
1518 2 2 5 8 925 936 145
1519 2 2 5 8 924 146 147
1520 2 2 5 8 924 925 146
1521 2 2 5 8 148 946 147
1522 2 2 5 8 147 946 924
1523 2 2 5 8 149 920 148
1524 2 2 5 8 946 148 920
1525 2 2 5 8 150 919 149
1526 2 2 5 8 149 919 920
1527 2 2 5 8 150 174 919
1528 2 2 5 8 918 164 163
1529 2 2 5 8 921 165 164
1530 2 2 5 8 164 918 921
1531 2 2 5 8 927 166 165
1532 2 2 5 8 921 927 165
1533 2 2 5 8 933 167 166
1534 2 2 5 8 166 927 933
1535 2 2 5 8 955 168 167
1536 2 2 5 8 167 933 955
1537 2 2 5 8 944 169 168
1538 2 2 5 8 955 944 168
1539 2 2 5 8 945 170 169
1540 2 2 5 8 944 945 169
1541 2 2 5 8 170 954 171
1542 2 2 5 8 170 945 954
1543 2 2 5 8 171 931 172
1544 2 2 5 8 931 171 954
1545 2 2 5 8 172 920 173
1546 2 2 5 8 931 920 172
1547 2 2 5 8 173 919 174
1548 2 2 5 8 919 173 920
1549 2 2 5 8 930 920 931
1550 2 2 5 8 930 946 920
1551 2 2 5 8 921 928 927
1552 2 2 5 8 951 922 923
1553 2 2 5 8 942 922 941
1554 2 2 5 8 951 941 922
1555 2 2 5 8 935 951 923
1556 2 2 5 8 924 926 925
1557 2 2 5 8 926 924 947
1558 2 2 5 8 924 946 930
1559 2 2 5 8 924 930 947
1560 2 2 5 8 925 926 938
1561 2 2 5 8 948 936 925
1562 2 2 5 8 938 948 925
1563 2 2 5 8 938 926 949
1564 2 2 5 8 926 947 949
1565 2 2 5 8 928 929 927
1566 2 2 5 8 929 932 927
1567 2 2 5 8 932 933 927
1568 2 2 5 8 953 932 929
1569 2 2 5 8 931 947 930
1570 2 2 5 8 947 931 954
1571 2 2 5 8 932 934 933
1572 2 2 5 8 932 953 934
1573 2 2 5 8 955 933 934
1574 2 2 5 8 952 934 940
1575 2 2 5 8 934 953 940
1576 2 2 5 8 952 950 934
1577 2 2 5 8 950 955 934
1578 2 2 5 8 935 936 948
1579 2 2 5 8 935 948 939
1580 2 2 5 8 939 951 935
1581 2 2 5 8 937 939 938
1582 2 2 5 8 943 937 938
1583 2 2 5 8 941 939 937
1584 2 2 5 8 937 952 941
1585 2 2 5 8 943 950 937
1586 2 2 5 8 952 937 950
1587 2 2 5 8 948 938 939
1588 2 2 5 8 943 938 949
1589 2 2 5 8 951 939 941
1590 2 2 5 8 940 942 941
1591 2 2 5 8 941 952 940
1592 2 2 5 8 953 942 940
1593 2 2 5 8 943 945 944
1594 2 2 5 8 943 944 950
1595 2 2 5 8 945 943 949
1596 2 2 5 8 944 955 950
1597 2 2 5 8 949 954 945
1598 2 2 5 8 954 949 947
1599 2 2 6 10 37 998 3
1600 2 2 6 10 998 162 3
1601 2 2 6 10 1028 48 4
1602 2 2 6 10 125 1028 4
1603 2 2 6 10 1171 11 151
1604 2 2 6 10 11 1171 174
1605 2 2 6 10 1073 136 12
1606 2 2 6 10 163 1073 12
1607 2 2 6 10 1049 37 38
1608 2 2 6 10 998 37 1049
1609 2 2 6 10 39 1049 38
1610 2 2 6 10 1070 39 40
1611 2 2 6 10 1070 1049 39
1612 2 2 6 10 41 1093 40
1613 2 2 6 10 1086 1070 40
1614 2 2 6 10 1093 1086 40
1615 2 2 6 10 42 1093 41
1616 2 2 6 10 43 1095 42
1617 2 2 6 10 42 1115 1093
1618 2 2 6 10 1115 42 1095
1619 2 2 6 10 1110 43 44
1620 2 2 6 10 43 1094 1095
1621 2 2 6 10 1094 43 1110
1622 2 2 6 10 45 1110 44
1623 2 2 6 10 1135 45 46
1624 2 2 6 10 45 1135 1110
1625 2 2 6 10 47 1018 46
1626 2 2 6 10 1018 1135 46
1627 2 2 6 10 48 1019 47
1628 2 2 6 10 47 1019 1018
1629 2 2 6 10 48 1028 1019
1630 2 2 6 10 1025 125 126
1631 2 2 6 10 1028 125 1025
1632 2 2 6 10 1024 126 127
1633 2 2 6 10 126 1024 1025
1634 2 2 6 10 1128 127 128
1635 2 2 6 10 1024 127 1128
1636 2 2 6 10 129 1128 128
1637 2 2 6 10 1101 129 130
1638 2 2 6 10 129 1101 1170
1639 2 2 6 10 1170 1128 129
1640 2 2 6 10 1090 130 131
1641 2 2 6 10 1101 130 1090
1642 2 2 6 10 132 1090 131
1643 2 2 6 10 1104 132 133
1644 2 2 6 10 132 1091 1090
1645 2 2 6 10 1091 132 1104
1646 2 2 6 10 1089 133 134
1647 2 2 6 10 1089 1104 133
1648 2 2 6 10 1153 134 135
1649 2 2 6 10 1153 1089 134
1650 2 2 6 10 136 1073 135
1651 2 2 6 10 1153 135 1073
1652 2 2 6 10 152 1039 151
1653 2 2 6 10 1039 1171 151
1654 2 2 6 10 1041 152 153
1655 2 2 6 10 152 1041 1039
1656 2 2 6 10 1046 153 154
1657 2 2 6 10 1041 153 1046
1658 2 2 6 10 155 1048 154
1659 2 2 6 10 1048 1046 154
1660 2 2 6 10 1121 155 156
1661 2 2 6 10 1048 155 1079
1662 2 2 6 10 1079 155 1121
1663 2 2 6 10 1139 156 157
1664 2 2 6 10 156 1139 1121
1665 2 2 6 10 158 1131 157
1666 2 2 6 10 1138 157 1131
1667 2 2 6 10 1138 1139 157
1668 2 2 6 10 1122 158 159
1669 2 2 6 10 1131 158 1122
1670 2 2 6 10 1114 159 160
1671 2 2 6 10 1114 1122 159
1672 2 2 6 10 161 1007 160
1673 2 2 6 10 1007 1114 160
1674 2 2 6 10 162 999 161
1675 2 2 6 10 999 1007 161
1676 2 2 6 10 162 998 999
1677 2 2 6 10 164 1129 163
1678 2 2 6 10 1129 1073 163
1679 2 2 6 10 165 1092 164
1680 2 2 6 10 164 1092 1129
1681 2 2 6 10 166 1142 165
1682 2 2 6 10 165 1142 1092
1683 2 2 6 10 1143 166 167
1684 2 2 6 10 1142 166 1143
1685 2 2 6 10 1152 167 168
1686 2 2 6 10 167 1152 1143
1687 2 2 6 10 1164 168 169
1688 2 2 6 10 168 1164 1152
1689 2 2 6 10 170 1000 169
1690 2 2 6 10 1000 1098 169
1691 2 2 6 10 1098 1164 169
1692 2 2 6 10 1001 170 171
1693 2 2 6 10 170 1001 1000
1694 2 2 6 10 172 1120 171
1695 2 2 6 10 1120 1001 171
1696 2 2 6 10 1103 172 173
1697 2 2 6 10 1126 172 1103
1698 2 2 6 10 1120 172 1126
1699 2 2 6 10 1102 173 174
1700 2 2 6 10 1103 173 1102
1701 2 2 6 10 1171 1102 174
1702 2 2 6 10 997 999 998
1703 2 2 6 10 1049 997 998
1704 2 2 6 10 997 1007 999
1705 2 2 6 10 1002 1003 997
1706 2 2 6 10 1069 1002 997
1707 2 2 6 10 1007 997 1003
1708 2 2 6 10 1049 1069 997
1709 2 2 6 10 1001 1119 1000
1710 2 2 6 10 1098 1000 1099
1711 2 2 6 10 1099 1000 1100
1712 2 2 6 10 1100 1000 1119
1713 2 2 6 10 1119 1001 1120
1714 2 2 6 10 1011 1003 1002
1715 2 2 6 10 1011 1002 1012
1716 2 2 6 10 1069 1012 1002
1717 2 2 6 10 1146 1007 1003
1718 2 2 6 10 1003 1011 1155
1719 2 2 6 10 1146 1003 1155
1720 2 2 6 10 1004 1006 1005
1721 2 2 6 10 1005 1038 1004
1722 2 2 6 10 1076 1006 1004
1723 2 2 6 10 1038 1167 1004
1724 2 2 6 10 1074 1075 1004
1725 2 2 6 10 1167 1074 1004
1726 2 2 6 10 1004 1075 1076
1727 2 2 6 10 1005 1006 1014
1728 2 2 6 10 1014 1015 1005
1729 2 2 6 10 1038 1005 1015
1730 2 2 6 10 1006 1027 1014
1731 2 2 6 10 1027 1006 1018
1732 2 2 6 10 1006 1076 1018
1733 2 2 6 10 1007 1146 1114
1734 2 2 6 10 1008 1010 1009
1735 2 2 6 10 1008 1009 1013
1736 2 2 6 10 1147 1010 1008
1737 2 2 6 10 1013 1101 1008
1738 2 2 6 10 1008 1090 1091
1739 2 2 6 10 1090 1008 1101
1740 2 2 6 10 1091 1147 1008
1741 2 2 6 10 1067 1009 1010
1742 2 2 6 10 1009 1031 1013
1743 2 2 6 10 1031 1009 1113
1744 2 2 6 10 1067 1068 1009
1745 2 2 6 10 1068 1113 1009
1746 2 2 6 10 1010 1105 1067
1747 2 2 6 10 1147 1105 1010
1748 2 2 6 10 1011 1012 1016
1749 2 2 6 10 1011 1016 1062
1750 2 2 6 10 1163 1011 1062
1751 2 2 6 10 1155 1011 1163
1752 2 2 6 10 1012 1017 1016
1753 2 2 6 10 1012 1086 1017
1754 2 2 6 10 1012 1069 1086
1755 2 2 6 10 1013 1031 1170
1756 2 2 6 10 1101 1013 1170
1757 2 2 6 10 1014 1097 1015
1758 2 2 6 10 1026 1014 1027
1759 2 2 6 10 1097 1014 1026
1760 2 2 6 10 1037 1020 1015
1761 2 2 6 10 1015 1020 1038
1762 2 2 6 10 1015 1097 1037
1763 2 2 6 10 1016 1017 1023
1764 2 2 6 10 1032 1016 1023
1765 2 2 6 10 1016 1032 1062
1766 2 2 6 10 1017 1115 1023
1767 2 2 6 10 1017 1086 1093
1768 2 2 6 10 1017 1093 1115
1769 2 2 6 10 1019 1027 1018
1770 2 2 6 10 1135 1018 1076
1771 2 2 6 10 1027 1019 1025
1772 2 2 6 10 1025 1019 1028
1773 2 2 6 10 1020 1022 1021
1774 2 2 6 10 1021 1038 1020
1775 2 2 6 10 1020 1112 1022
1776 2 2 6 10 1112 1020 1037
1777 2 2 6 10 1021 1022 1029
1778 2 2 6 10 1021 1029 1167
1779 2 2 6 10 1167 1038 1021
1780 2 2 6 10 1022 1030 1029
1781 2 2 6 10 1022 1112 1030
1782 2 2 6 10 1023 1033 1032
1783 2 2 6 10 1023 1162 1033
1784 2 2 6 10 1096 1023 1115
1785 2 2 6 10 1096 1162 1023
1786 2 2 6 10 1024 1026 1025
1787 2 2 6 10 1026 1024 1097
1788 2 2 6 10 1128 1097 1024
1789 2 2 6 10 1025 1026 1027
1790 2 2 6 10 1030 1108 1029
1791 2 2 6 10 1108 1107 1029
1792 2 2 6 10 1029 1107 1166
1793 2 2 6 10 1167 1029 1166
1794 2 2 6 10 1068 1030 1112
1795 2 2 6 10 1068 1150 1030
1796 2 2 6 10 1148 1108 1030
1797 2 2 6 10 1150 1148 1030
1798 2 2 6 10 1113 1037 1031
1799 2 2 6 10 1031 1037 1170
1800 2 2 6 10 1033 1072 1032
1801 2 2 6 10 1062 1032 1052
1802 2 2 6 10 1052 1032 1072
1803 2 2 6 10 1072 1033 1165
1804 2 2 6 10 1162 1165 1033
1805 2 2 6 10 1034 1036 1035
1806 2 2 6 10 1051 1034 1035
1807 2 2 6 10 1036 1034 1082
1808 2 2 6 10 1034 1051 1053
1809 2 2 6 10 1071 1034 1053
1810 2 2 6 10 1071 1082 1034
1811 2 2 6 10 1035 1036 1042
1812 2 2 6 10 1035 1042 1109
1813 2 2 6 10 1051 1035 1124
1814 2 2 6 10 1125 1035 1109
1815 2 2 6 10 1124 1035 1125
1816 2 2 6 10 1158 1042 1036
1817 2 2 6 10 1082 1160 1036
1818 2 2 6 10 1160 1158 1036
1819 2 2 6 10 1097 1170 1037
1820 2 2 6 10 1112 1037 1113
1821 2 2 6 10 1039 1041 1040
1822 2 2 6 10 1040 1102 1039
1823 2 2 6 10 1102 1171 1039
1824 2 2 6 10 1041 1134 1040
1825 2 2 6 10 1040 1103 1102
1826 2 2 6 10 1103 1040 1126
1827 2 2 6 10 1040 1133 1126
1828 2 2 6 10 1040 1134 1133
1829 2 2 6 10 1134 1041 1046
1830 2 2 6 10 1109 1042 1116
1831 2 2 6 10 1116 1042 1158
1832 2 2 6 10 1043 1045 1044
1833 2 2 6 10 1043 1044 1061
1834 2 2 6 10 1045 1043 1156
1835 2 2 6 10 1043 1061 1154
1836 2 2 6 10 1106 1043 1105
1837 2 2 6 10 1154 1105 1043
1838 2 2 6 10 1043 1106 1156
1839 2 2 6 10 1045 1118 1044
1840 2 2 6 10 1044 1111 1061
1841 2 2 6 10 1044 1081 1111
1842 2 2 6 10 1118 1081 1044
1843 2 2 6 10 1143 1118 1045
1844 2 2 6 10 1045 1142 1143
1845 2 2 6 10 1151 1142 1045
1846 2 2 6 10 1156 1151 1045
1847 2 2 6 10 1046 1048 1047
1848 2 2 6 10 1047 1140 1046
1849 2 2 6 10 1046 1140 1134
1850 2 2 6 10 1047 1048 1056
1851 2 2 6 10 1056 1054 1047
1852 2 2 6 10 1064 1047 1054
1853 2 2 6 10 1047 1064 1140
1854 2 2 6 10 1056 1048 1079
1855 2 2 6 10 1069 1049 1070
1856 2 2 6 10 1050 1052 1051
1857 2 2 6 10 1051 1124 1050
1858 2 2 6 10 1062 1052 1050
1859 2 2 6 10 1050 1163 1062
1860 2 2 6 10 1124 1168 1050
1861 2 2 6 10 1050 1168 1163
1862 2 2 6 10 1051 1052 1053
1863 2 2 6 10 1052 1072 1053
1864 2 2 6 10 1071 1053 1072
1865 2 2 6 10 1054 1056 1055
1866 2 2 6 10 1054 1055 1117
1867 2 2 6 10 1063 1064 1054
1868 2 2 6 10 1063 1054 1117
1869 2 2 6 10 1056 1121 1055
1870 2 2 6 10 1117 1055 1169
1871 2 2 6 10 1055 1121 1139
1872 2 2 6 10 1138 1055 1139
1873 2 2 6 10 1138 1169 1055
1874 2 2 6 10 1056 1079 1121
1875 2 2 6 10 1057 1059 1058
1876 2 2 6 10 1058 1083 1057
1877 2 2 6 10 1158 1059 1057
1878 2 2 6 10 1057 1083 1084
1879 2 2 6 10 1116 1057 1084
1880 2 2 6 10 1057 1116 1158
1881 2 2 6 10 1058 1059 1060
1882 2 2 6 10 1077 1058 1060
1883 2 2 6 10 1077 1078 1058
1884 2 2 6 10 1083 1058 1078
1885 2 2 6 10 1059 1149 1060
1886 2 2 6 10 1149 1059 1160
1887 2 2 6 10 1160 1059 1158
1888 2 2 6 10 1077 1060 1066
1889 2 2 6 10 1066 1060 1150
1890 2 2 6 10 1149 1150 1060
1891 2 2 6 10 1066 1061 1077
1892 2 2 6 10 1154 1061 1066
1893 2 2 6 10 1077 1061 1111
1894 2 2 6 10 1063 1065 1064
1895 2 2 6 10 1063 1136 1065
1896 2 2 6 10 1136 1063 1117
1897 2 2 6 10 1064 1065 1140
1898 2 2 6 10 1159 1065 1136
1899 2 2 6 10 1141 1140 1065
1900 2 2 6 10 1065 1145 1141
1901 2 2 6 10 1065 1159 1145
1902 2 2 6 10 1066 1068 1067
1903 2 2 6 10 1067 1154 1066
1904 2 2 6 10 1150 1068 1066
1905 2 2 6 10 1067 1105 1154
1906 2 2 6 10 1068 1112 1113
1907 2 2 6 10 1070 1086 1069
1908 2 2 6 10 1165 1071 1072
1909 2 2 6 10 1071 1108 1082
1910 2 2 6 10 1107 1108 1071
1911 2 2 6 10 1071 1165 1107
1912 2 2 6 10 1129 1153 1073
1913 2 2 6 10 1074 1161 1075
1914 2 2 6 10 1074 1162 1161
1915 2 2 6 10 1166 1162 1074
1916 2 2 6 10 1074 1167 1166
1917 2 2 6 10 1135 1076 1075
1918 2 2 6 10 1110 1075 1094
1919 2 2 6 10 1161 1094 1075
1920 2 2 6 10 1075 1110 1135
1921 2 2 6 10 1077 1111 1078
1922 2 2 6 10 1078 1081 1080
1923 2 2 6 10 1078 1080 1083
1924 2 2 6 10 1078 1111 1081
1925 2 2 6 10 1137 1080 1081
1926 2 2 6 10 1080 1085 1083
1927 2 2 6 10 1080 1099 1085
1928 2 2 6 10 1080 1137 1099
1929 2 2 6 10 1137 1081 1118
1930 2 2 6 10 1160 1082 1108
1931 2 2 6 10 1084 1083 1085
1932 2 2 6 10 1085 1157 1084
1933 2 2 6 10 1159 1116 1084
1934 2 2 6 10 1157 1145 1084
1935 2 2 6 10 1145 1159 1084
1936 2 2 6 10 1100 1085 1099
1937 2 2 6 10 1085 1100 1157
1938 2 2 6 10 1087 1089 1088
1939 2 2 6 10 1106 1087 1088
1940 2 2 6 10 1104 1089 1087
1941 2 2 6 10 1147 1104 1087
1942 2 2 6 10 1105 1087 1106
1943 2 2 6 10 1147 1087 1105
1944 2 2 6 10 1153 1088 1089
1945 2 2 6 10 1106 1088 1156
1946 2 2 6 10 1153 1130 1088
1947 2 2 6 10 1130 1156 1088
1948 2 2 6 10 1147 1091 1104
1949 2 2 6 10 1130 1129 1092
1950 2 2 6 10 1130 1092 1151
1951 2 2 6 10 1142 1151 1092
1952 2 2 6 10 1094 1096 1095
1953 2 2 6 10 1094 1161 1096
1954 2 2 6 10 1096 1115 1095
1955 2 2 6 10 1161 1162 1096
1956 2 2 6 10 1170 1097 1128
1957 2 2 6 10 1137 1098 1099
1958 2 2 6 10 1098 1137 1152
1959 2 2 6 10 1164 1098 1152
1960 2 2 6 10 1157 1100 1119
1961 2 2 6 10 1107 1165 1166
1962 2 2 6 10 1148 1160 1108
1963 2 2 6 10 1109 1116 1136
1964 2 2 6 10 1125 1109 1136
1965 2 2 6 10 1114 1123 1122
1966 2 2 6 10 1146 1123 1114
1967 2 2 6 10 1136 1116 1159
1968 2 2 6 10 1125 1136 1117
1969 2 2 6 10 1117 1169 1125
1970 2 2 6 10 1137 1118 1143
1971 2 2 6 10 1120 1127 1119
1972 2 2 6 10 1119 1127 1144
1973 2 2 6 10 1144 1157 1119
1974 2 2 6 10 1126 1127 1120
1975 2 2 6 10 1123 1131 1122
1976 2 2 6 10 1131 1123 1132
1977 2 2 6 10 1132 1123 1163
1978 2 2 6 10 1123 1146 1155
1979 2 2 6 10 1123 1155 1163
1980 2 2 6 10 1168 1124 1125
1981 2 2 6 10 1169 1168 1125
1982 2 2 6 10 1133 1127 1126
1983 2 2 6 10 1127 1133 1144
1984 2 2 6 10 1130 1153 1129
1985 2 2 6 10 1130 1151 1156
1986 2 2 6 10 1132 1138 1131
1987 2 2 6 10 1138 1132 1169
1988 2 2 6 10 1168 1132 1163
1989 2 2 6 10 1168 1169 1132
1990 2 2 6 10 1140 1133 1134
1991 2 2 6 10 1140 1141 1133
1992 2 2 6 10 1133 1141 1144
1993 2 2 6 10 1152 1137 1143
1994 2 2 6 10 1141 1145 1144
1995 2 2 6 10 1145 1157 1144
1996 2 2 6 10 1148 1150 1149
1997 2 2 6 10 1148 1149 1160
1998 2 2 6 10 1162 1166 1165
1999 2 2 5 11 1190 6 63
2000 2 2 5 11 1189 181 6
2001 2 2 5 11 1189 6 1190
2002 2 2 5 11 1194 64 7
2003 2 2 5 11 144 1194 7
2004 2 2 5 11 10 175 205
2005 2 2 5 11 194 150 11
2006 2 2 5 11 1200 63 64
2007 2 2 5 11 63 1200 1190
2008 2 2 5 11 1194 1200 64
2009 2 2 5 11 1187 144 145
2010 2 2 5 11 1187 1194 144
2011 2 2 5 11 146 1186 145
2012 2 2 5 11 1186 1187 145
2013 2 2 5 11 1195 146 147
2014 2 2 5 11 1186 146 1195
2015 2 2 5 11 148 1196 147
2016 2 2 5 11 147 1196 1195
2017 2 2 5 11 149 1175 148
2018 2 2 5 11 1196 148 1175
2019 2 2 5 11 150 1173 149
2020 2 2 5 11 149 1173 1175
2021 2 2 5 11 150 194 1173
2022 2 2 5 11 1172 175 176
2023 2 2 5 11 205 175 1172
2024 2 2 5 11 1174 176 177
2025 2 2 5 11 1172 176 1174
2026 2 2 5 11 1191 177 178
2027 2 2 5 11 177 1191 1174
2028 2 2 5 11 179 1192 178
2029 2 2 5 11 1191 178 1192
2030 2 2 5 11 180 1199 179
2031 2 2 5 11 1192 179 1199
2032 2 2 5 11 1189 180 181
2033 2 2 5 11 1189 1199 180
2034 2 2 5 11 195 1173 194
2035 2 2 5 11 196 1175 195
2036 2 2 5 11 1173 195 1175
2037 2 2 5 11 197 1177 196
2038 2 2 5 11 1177 1175 196
2039 2 2 5 11 198 1209 197
2040 2 2 5 11 1177 197 1209
2041 2 2 5 11 199 1178 198
2042 2 2 5 11 198 1178 1209
2043 2 2 5 11 200 1203 199
2044 2 2 5 11 199 1202 1178
2045 2 2 5 11 1202 199 1203
2046 2 2 5 11 1205 200 201
2047 2 2 5 11 1203 200 1205
2048 2 2 5 11 1184 201 202
2049 2 2 5 11 201 1184 1205
2050 2 2 5 11 1182 202 203
2051 2 2 5 11 202 1182 1184
2052 2 2 5 11 1174 203 204
2053 2 2 5 11 1174 1182 203
2054 2 2 5 11 1172 204 205
2055 2 2 5 11 204 1172 1174
2056 2 2 5 11 1174 1183 1182
2057 2 2 5 11 1191 1183 1174
2058 2 2 5 11 1176 1175 1177
2059 2 2 5 11 1176 1196 1175
2060 2 2 5 11 1177 1197 1176
2061 2 2 5 11 1195 1196 1176
2062 2 2 5 11 1195 1176 1197
2063 2 2 5 11 1197 1177 1209
2064 2 2 5 11 1178 1180 1179
2065 2 2 5 11 1209 1178 1179
2066 2 2 5 11 1178 1202 1180
2067 2 2 5 11 1179 1180 1181
2068 2 2 5 11 1188 1179 1181
2069 2 2 5 11 1206 1179 1188
2070 2 2 5 11 1206 1197 1179
2071 2 2 5 11 1209 1179 1197
2072 2 2 5 11 1180 1207 1181
2073 2 2 5 11 1202 1203 1180
2074 2 2 5 11 1204 1180 1203
2075 2 2 5 11 1204 1207 1180
2076 2 2 5 11 1193 1188 1181
2077 2 2 5 11 1201 1193 1181
2078 2 2 5 11 1207 1201 1181
2079 2 2 5 11 1183 1184 1182
2080 2 2 5 11 1183 1185 1184
2081 2 2 5 11 1183 1192 1185
2082 2 2 5 11 1191 1192 1183
2083 2 2 5 11 1210 1184 1185
2084 2 2 5 11 1184 1210 1205
2085 2 2 5 11 1199 1185 1192
2086 2 2 5 11 1199 1208 1185
2087 2 2 5 11 1185 1208 1210
2088 2 2 5 11 1186 1188 1187
2089 2 2 5 11 1186 1206 1188
2090 2 2 5 11 1206 1186 1195
2091 2 2 5 11 1187 1188 1193
2092 2 2 5 11 1193 1194 1187
2093 2 2 5 11 1190 1198 1189
2094 2 2 5 11 1198 1199 1189
2095 2 2 5 11 1190 1200 1193
2096 2 2 5 11 1190 1193 1201
2097 2 2 5 11 1201 1198 1190
2098 2 2 5 11 1194 1193 1200
2099 2 2 5 11 1197 1206 1195
2100 2 2 5 11 1199 1198 1208
2101 2 2 5 11 1207 1198 1201
2102 2 2 5 11 1198 1207 1208
2103 2 2 5 11 1204 1203 1205
2104 2 2 5 11 1204 1205 1210
2105 2 2 5 11 1204 1208 1207
2106 2 2 5 11 1210 1208 1204
2107 2 2 6 13 2 1267 25
2108 2 2 6 13 1267 2 193
2109 2 2 6 13 36 1325 3
2110 2 2 6 13 1325 162 3
2111 2 2 6 13 10 1379 182
2112 2 2 6 13 1379 10 205
2113 2 2 6 13 1327 11 151
2114 2 2 6 13 11 1327 194
2115 2 2 6 13 25 1268 26
2116 2 2 6 13 1267 1268 25
2117 2 2 6 13 1294 27 26
2118 2 2 6 13 1268 1294 26
2119 2 2 6 13 27 1347 28
2120 2 2 6 13 27 1294 1295
2121 2 2 6 13 27 1295 1347
2122 2 2 6 13 28 1347 29
2123 2 2 6 13 1346 30 29
2124 2 2 6 13 1346 29 1347
2125 2 2 6 13 1345 31 30
2126 2 2 6 13 1345 30 1346
2127 2 2 6 13 31 1362 32
2128 2 2 6 13 31 1345 1362
2129 2 2 6 13 1253 33 32
2130 2 2 6 13 1362 1253 32
2131 2 2 6 13 33 1255 34
2132 2 2 6 13 33 1253 1255
2133 2 2 6 13 1286 35 34
2134 2 2 6 13 1255 1286 34
2135 2 2 6 13 1326 36 35
2136 2 2 6 13 1286 1326 35
2137 2 2 6 13 1325 36 1326
2138 2 2 6 13 1377 151 152
2139 2 2 6 13 1377 1327 151
2140 2 2 6 13 1318 152 153
2141 2 2 6 13 1377 152 1318
2142 2 2 6 13 154 1317 153
2143 2 2 6 13 1317 1318 153
2144 2 2 6 13 155 1397 154
2145 2 2 6 13 1397 1317 154
2146 2 2 6 13 156 1313 155
2147 2 2 6 13 1313 1397 155
2148 2 2 6 13 157 1312 156
2149 2 2 6 13 1312 1313 156
2150 2 2 6 13 1324 157 158
2151 2 2 6 13 1312 157 1323
2152 2 2 6 13 1324 1323 157
2153 2 2 6 13 159 1355 158
2154 2 2 6 13 1355 1324 158
2155 2 2 6 13 1381 159 160
2156 2 2 6 13 1355 159 1398
2157 2 2 6 13 1398 159 1381
2158 2 2 6 13 1381 160 161
2159 2 2 6 13 1341 161 162
2160 2 2 6 13 1341 1388 161
2161 2 2 6 13 1388 1381 161
2162 2 2 6 13 1325 1341 162
2163 2 2 6 13 1407 183 182
2164 2 2 6 13 1379 1407 182
2165 2 2 6 13 183 1302 184
2166 2 2 6 13 183 1408 1302
2167 2 2 6 13 183 1407 1408
2168 2 2 6 13 184 1301 185
2169 2 2 6 13 184 1302 1301
2170 2 2 6 13 185 1395 186
2171 2 2 6 13 1301 1395 185
2172 2 2 6 13 1309 187 186
2173 2 2 6 13 1395 1309 186
2174 2 2 6 13 187 1308 188
2175 2 2 6 13 187 1309 1308
2176 2 2 6 13 188 1352 189
2177 2 2 6 13 1308 1352 188
2178 2 2 6 13 1376 190 189
2179 2 2 6 13 1352 1376 189
2180 2 2 6 13 190 1363 191
2181 2 2 6 13 1363 190 1376
2182 2 2 6 13 1364 192 191
2183 2 2 6 13 1363 1364 191
2184 2 2 6 13 192 1267 193
2185 2 2 6 13 1367 1267 192
2186 2 2 6 13 1364 1367 192
2187 2 2 6 13 1327 195 194
2188 2 2 6 13 195 1392 196
2189 2 2 6 13 1387 195 1327
2190 2 2 6 13 195 1387 1392
2191 2 2 6 13 196 1262 197
2192 2 2 6 13 196 1392 1262
2193 2 2 6 13 197 1315 198
2194 2 2 6 13 1262 1315 197
2195 2 2 6 13 1260 199 198
2196 2 2 6 13 1315 1260 198
2197 2 2 6 13 199 1258 200
2198 2 2 6 13 1260 1258 199
2199 2 2 6 13 200 1420 201
2200 2 2 6 13 1258 1420 200
2201 2 2 6 13 1257 202 201
2202 2 2 6 13 1420 1257 201
2203 2 2 6 13 202 1256 203
2204 2 2 6 13 1256 202 1257
2205 2 2 6 13 203 1330 204
2206 2 2 6 13 1330 203 1256
2207 2 2 6 13 1379 205 204
2208 2 2 6 13 1330 1379 204
2209 2 2 6 13 1252 1254 1253
2210 2 2 6 13 1253 1362 1252
2211 2 2 6 13 1274 1254 1252
2212 2 2 6 13 1252 1273 1272
2213 2 2 6 13 1252 1272 1274
2214 2 2 6 13 1252 1362 1273
2215 2 2 6 13 1253 1254 1255
2216 2 2 6 13 1255 1254 1286
2217 2 2 6 13 1339 1254 1274
2218 2 2 6 13 1339 1286 1254
2219 2 2 6 13 1307 1256 1257
2220 2 2 6 13 1307 1372 1256
2221 2 2 6 13 1372 1330 1256
2222 2 2 6 13 1257 1419 1307
2223 2 2 6 13 1419 1257 1417
2224 2 2 6 13 1417 1257 1420
2225 2 2 6 13 1258 1260 1259
2226 2 2 6 13 1371 1258 1259
2227 2 2 6 13 1258 1371 1420
2228 2 2 6 13 1259 1260 1315
2229 2 2 6 13 1334 1259 1315
2230 2 2 6 13 1335 1259 1334
2231 2 2 6 13 1259 1335 1371
2232 2 2 6 13 1261 1263 1262
2233 2 2 6 13 1392 1261 1262
2234 2 2 6 13 1261 1366 1263
2235 2 2 6 13 1366 1261 1386
2236 2 2 6 13 1386 1261 1387
2237 2 2 6 13 1261 1392 1387
2238 2 2 6 13 1263 1393 1262
2239 2 2 6 13 1393 1315 1262
2240 2 2 6 13 1365 1263 1366
2241 2 2 6 13 1365 1375 1263
2242 2 2 6 13 1375 1393 1263
2243 2 2 6 13 1264 1266 1265
2244 2 2 6 13 1264 1265 1415
2245 2 2 6 13 1271 1266 1264
2246 2 2 6 13 1264 1270 1271
2247 2 2 6 13 1342 1270 1264
2248 2 2 6 13 1264 1415 1342
2249 2 2 6 13 1295 1265 1266
2250 2 2 6 13 1265 1295 1293
2251 2 2 6 13 1265 1293 1414
2252 2 2 6 13 1265 1414 1415
2253 2 2 6 13 1266 1271 1346
2254 2 2 6 13 1266 1347 1295
2255 2 2 6 13 1346 1347 1266
2256 2 2 6 13 1267 1367 1268
2257 2 2 6 13 1293 1294 1268
2258 2 2 6 13 1268 1368 1293
2259 2 2 6 13 1367 1368 1268
2260 2 2 6 13 1269 1271 1270
2261 2 2 6 13 1269 1270 1300
2262 2 2 6 13 1271 1269 1394
2263 2 2 6 13 1269 1300 1273
2264 2 2 6 13 1394 1269 1273
2265 2 2 6 13 1300 1270 1303
2266 2 2 6 13 1270 1342 1303
2267 2 2 6 13 1271 1394 1346
2268 2 2 6 13 1278 1272 1273
2269 2 2 6 13 1274 1272 1406
2270 2 2 6 13 1272 1278 1406
2271 2 2 6 13 1273 1300 1278
2272 2 2 6 13 1273 1362 1394
2273 2 2 6 13 1274 1399 1339
2274 2 2 6 13 1399 1274 1413
2275 2 2 6 13 1406 1413 1274
2276 2 2 6 13 1275 1277 1276
2277 2 2 6 13 1275 1276 1278
2278 2 2 6 13 1275 1290 1277
2279 2 2 6 13 1300 1275 1278
2280 2 2 6 13 1290 1275 1303
2281 2 2 6 13 1300 1303 1275
2282 2 2 6 13 1310 1276 1277
2283 2 2 6 13 1278 1276 1406
2284 2 2 6 13 1310 1405 1276
2285 2 2 6 13 1405 1406 1276
2286 2 2 6 13 1283 1310 1277
2287 2 2 6 13 1314 1283 1277
2288 2 2 6 13 1289 1277 1290
2289 2 2 6 13 1289 1314 1277
2290 2 2 6 13 1279 1281 1280
2291 2 2 6 13 1279 1280 1282
2292 2 2 6 13 1279 1351 1281
2293 2 2 6 13 1343 1279 1282
2294 2 2 6 13 1356 1279 1343
2295 2 2 6 13 1356 1351 1279
2296 2 2 6 13 1296 1280 1281
2297 2 2 6 13 1282 1280 1304
2298 2 2 6 13 1288 1280 1296
2299 2 2 6 13 1288 1304 1280
2300 2 2 6 13 1281 1292 1291
2301 2 2 6 13 1281 1291 1296
2302 2 2 6 13 1281 1351 1292
2303 2 2 6 13 1282 1304 1342
2304 2 2 6 13 1415 1282 1342
2305 2 2 6 13 1282 1415 1343
2306 2 2 6 13 1283 1285 1284
2307 2 2 6 13 1283 1284 1310
2308 2 2 6 13 1283 1314 1285
2309 2 2 6 13 1285 1336 1284
2310 2 2 6 13 1284 1378 1310
2311 2 2 6 13 1284 1336 1337
2312 2 2 6 13 1337 1378 1284
2313 2 2 6 13 1384 1285 1314
2314 2 2 6 13 1285 1410 1336
2315 2 2 6 13 1285 1384 1410
2316 2 2 6 13 1286 1340 1326
2317 2 2 6 13 1339 1340 1286
2318 2 2 6 13 1287 1289 1288
2319 2 2 6 13 1288 1296 1287
2320 2 2 6 13 1383 1289 1287
2321 2 2 6 13 1291 1287 1296
2322 2 2 6 13 1332 1287 1291
2323 2 2 6 13 1287 1332 1382
2324 2 2 6 13 1287 1382 1383
2325 2 2 6 13 1288 1289 1290
2326 2 2 6 13 1288 1290 1304
2327 2 2 6 13 1289 1383 1314
2328 2 2 6 13 1303 1304 1290
2329 2 2 6 13 1353 1291 1292
2330 2 2 6 13 1357 1332 1291
2331 2 2 6 13 1353 1357 1291
2332 2 2 6 13 1344 1292 1308
2333 2 2 6 13 1308 1292 1351
2334 2 2 6 13 1344 1353 1292
2335 2 2 6 13 1293 1295 1294
2336 2 2 6 13 1368 1414 1293
2337 2 2 6 13 1297 1299 1298
2338 2 2 6 13 1298 1353 1297
2339 2 2 6 13 1299 1297 1396
2340 2 2 6 13 1353 1354 1297
2341 2 2 6 13 1354 1396 1297
2342 2 2 6 13 1298 1299 1305
2343 2 2 6 13 1306 1298 1305
2344 2 2 6 13 1357 1298 1306
2345 2 2 6 13 1357 1353 1298
2346 2 2 6 13 1305 1299 1372
2347 2 2 6 13 1391 1372 1299
2348 2 2 6 13 1390 1391 1299
2349 2 2 6 13 1299 1396 1390
2350 2 2 6 13 1390 1301 1302
2351 2 2 6 13 1390 1396 1301
2352 2 2 6 13 1301 1396 1395
2353 2 2 6 13 1390 1302 1408
2354 2 2 6 13 1303 1342 1304
2355 2 2 6 13 1305 1307 1306
2356 2 2 6 13 1307 1305 1372
2357 2 2 6 13 1306 1307 1320
2358 2 2 6 13 1320 1359 1306
2359 2 2 6 13 1357 1306 1358
2360 2 2 6 13 1306 1359 1358
2361 2 2 6 13 1419 1320 1307
2362 2 2 6 13 1308 1309 1344
2363 2 2 6 13 1308 1351 1352
2364 2 2 6 13 1354 1344 1309
2365 2 2 6 13 1354 1309 1395
2366 2 2 6 13 1378 1405 1310
2367 2 2 6 13 1311 1313 1312
2368 2 2 6 13 1328 1311 1312
2369 2 2 6 13 1397 1313 1311
2370 2 2 6 13 1311 1328 1404
2371 2 2 6 13 1311 1403 1397
2372 2 2 6 13 1311 1404 1403
2373 2 2 6 13 1328 1312 1323
2374 2 2 6 13 1385 1314 1383
2375 2 2 6 13 1384 1314 1385
2376 2 2 6 13 1334 1315 1393
2377 2 2 6 13 1316 1318 1317
2378 2 2 6 13 1316 1317 1319
2379 2 2 6 13 1316 1386 1318
2380 2 2 6 13 1401 1316 1319
2381 2 2 6 13 1365 1366 1316
2382 2 2 6 13 1365 1316 1373
2383 2 2 6 13 1316 1366 1386
2384 2 2 6 13 1316 1401 1373
2385 2 2 6 13 1317 1397 1319
2386 2 2 6 13 1377 1318 1386
2387 2 2 6 13 1403 1319 1397
2388 2 2 6 13 1403 1401 1319
2389 2 2 6 13 1320 1361 1359
2390 2 2 6 13 1369 1361 1320
2391 2 2 6 13 1417 1369 1320
2392 2 2 6 13 1320 1419 1417
2393 2 2 6 13 1321 1323 1322
2394 2 2 6 13 1322 1349 1321
2395 2 2 6 13 1328 1323 1321
2396 2 2 6 13 1321 1329 1328
2397 2 2 6 13 1370 1329 1321
2398 2 2 6 13 1349 1370 1321
2399 2 2 6 13 1322 1323 1324
2400 2 2 6 13 1322 1324 1348
2401 2 2 6 13 1348 1349 1322
2402 2 2 6 13 1355 1348 1324
2403 2 2 6 13 1340 1325 1326
2404 2 2 6 13 1325 1340 1341
2405 2 2 6 13 1377 1387 1327
2406 2 2 6 13 1328 1329 1331
2407 2 2 6 13 1331 1404 1328
2408 2 2 6 13 1337 1331 1329
2409 2 2 6 13 1378 1337 1329
2410 2 2 6 13 1370 1378 1329
2411 2 2 6 13 1330 1372 1380
2412 2 2 6 13 1330 1380 1379
2413 2 2 6 13 1337 1338 1331
2414 2 2 6 13 1331 1338 1404
2415 2 2 6 13 1332 1357 1358
2416 2 2 6 13 1358 1382 1332
2417 2 2 6 13 1333 1335 1334
2418 2 2 6 13 1333 1334 1350
2419 2 2 6 13 1333 1400 1335
2420 2 2 6 13 1333 1350 1389
2421 2 2 6 13 1333 1389 1418
2422 2 2 6 13 1418 1400 1333
2423 2 2 6 13 1375 1350 1334
2424 2 2 6 13 1375 1334 1393
2425 2 2 6 13 1361 1369 1335
2426 2 2 6 13 1361 1335 1400
2427 2 2 6 13 1369 1371 1335
2428 2 2 6 13 1336 1338 1337
2429 2 2 6 13 1402 1338 1336
2430 2 2 6 13 1402 1336 1410
2431 2 2 6 13 1401 1338 1402
2432 2 2 6 13 1401 1404 1338
2433 2 2 6 13 1388 1340 1339
2434 2 2 6 13 1399 1388 1339
2435 2 2 6 13 1340 1388 1341
2436 2 2 6 13 1343 1416 1356
2437 2 2 6 13 1411 1343 1415
2438 2 2 6 13 1411 1416 1343
2439 2 2 6 13 1353 1344 1354
2440 2 2 6 13 1345 1346 1394
2441 2 2 6 13 1345 1394 1362
2442 2 2 6 13 1412 1349 1348
2443 2 2 6 13 1398 1348 1355
2444 2 2 6 13 1412 1348 1398
2445 2 2 6 13 1370 1349 1413
2446 2 2 6 13 1349 1412 1413
2447 2 2 6 13 1374 1350 1375
2448 2 2 6 13 1374 1389 1350
2449 2 2 6 13 1352 1351 1356
2450 2 2 6 13 1356 1376 1352
2451 2 2 6 13 1395 1396 1354
2452 2 2 6 13 1416 1376 1356
2453 2 2 6 13 1360 1358 1359
2454 2 2 6 13 1358 1360 1382
2455 2 2 6 13 1359 1361 1360
2456 2 2 6 13 1361 1400 1360
2457 2 2 6 13 1360 1409 1382
2458 2 2 6 13 1360 1400 1409
2459 2 2 6 13 1411 1364 1363
2460 2 2 6 13 1376 1416 1363
2461 2 2 6 13 1411 1363 1416
2462 2 2 6 13 1368 1367 1364
2463 2 2 6 13 1364 1411 1368
2464 2 2 6 13 1373 1374 1365
2465 2 2 6 13 1365 1374 1375
2466 2 2 6 13 1414 1368 1411
2467 2 2 6 13 1369 1417 1371
2468 2 2 6 13 1370 1405 1378
2469 2 2 6 13 1405 1370 1413
2470 2 2 6 13 1420 1371 1417
2471 2 2 6 13 1391 1380 1372
2472 2 2 6 13 1402 1374 1373
2473 2 2 6 13 1401 1402 1373
2474 2 2 6 13 1402 1389 1374
2475 2 2 6 13 1387 1377 1386
2476 2 2 6 13 1380 1407 1379
2477 2 2 6 13 1408 1380 1391
2478 2 2 6 13 1380 1408 1407
2479 2 2 6 13 1388 1398 1381
2480 2 2 6 13 1382 1385 1383
2481 2 2 6 13 1409 1385 1382
2482 2 2 6 13 1385 1418 1384
2483 2 2 6 13 1410 1384 1418
2484 2 2 6 13 1385 1409 1418
2485 2 2 6 13 1398 1388 1399
2486 2 2 6 13 1389 1402 1410
2487 2 2 6 13 1418 1389 1410
2488 2 2 6 13 1390 1408 1391
2489 2 2 6 13 1399 1412 1398
2490 2 2 6 13 1412 1399 1413
2491 2 2 6 13 1409 1400 1418
2492 2 2 6 13 1404 1401 1403
2493 2 2 6 13 1406 1405 1413
2494 2 2 6 13 1415 1414 1411
2495 2 2 5 14 5 1438 61
2496 2 2 5 14 206 1439 5
2497 2 2 5 14 5 1439 1438
2498 2 2 5 14 62 1444 6
2499 2 2 5 14 1444 181 6
2500 2 2 5 14 9 225 212
2501 2 2 5 14 236 10 175
2502 2 2 5 14 61 1454 62
2503 2 2 5 14 1454 61 1438
2504 2 2 5 14 62 1451 1444
2505 2 2 5 14 1454 1451 62
2506 2 2 5 14 1422 175 176
2507 2 2 5 14 236 175 1422
2508 2 2 5 14 1424 176 177
2509 2 2 5 14 1422 176 1424
2510 2 2 5 14 1445 177 178
2511 2 2 5 14 177 1445 1424
2512 2 2 5 14 179 1446 178
2513 2 2 5 14 1445 178 1446
2514 2 2 5 14 1433 179 180
2515 2 2 5 14 179 1433 1446
2516 2 2 5 14 181 1428 180
2517 2 2 5 14 1428 1433 180
2518 2 2 5 14 1444 1428 181
2519 2 2 5 14 207 1439 206
2520 2 2 5 14 1441 207 208
2521 2 2 5 14 1441 1439 207
2522 2 2 5 14 209 1430 208
2523 2 2 5 14 1430 1441 208
2524 2 2 5 14 210 1432 209
2525 2 2 5 14 1432 1430 209
2526 2 2 5 14 211 1423 210
2527 2 2 5 14 1432 210 1423
2528 2 2 5 14 212 1421 211
2529 2 2 5 14 211 1421 1423
2530 2 2 5 14 212 225 1421
2531 2 2 5 14 226 1421 225
2532 2 2 5 14 227 1423 226
2533 2 2 5 14 1421 226 1423
2534 2 2 5 14 228 1431 227
2535 2 2 5 14 1431 1423 227
2536 2 2 5 14 229 1455 228
2537 2 2 5 14 1431 228 1455
2538 2 2 5 14 230 1449 229
2539 2 2 5 14 1455 229 1449
2540 2 2 5 14 231 1448 230
2541 2 2 5 14 1448 1449 230
2542 2 2 5 14 232 1452 231
2543 2 2 5 14 1452 1448 231
2544 2 2 5 14 1457 232 233
2545 2 2 5 14 1452 232 1457
2546 2 2 5 14 1425 233 234
2547 2 2 5 14 233 1425 1457
2548 2 2 5 14 1424 234 235
2549 2 2 5 14 1424 1425 234
2550 2 2 5 14 1422 235 236
2551 2 2 5 14 235 1422 1424
2552 2 2 5 14 1432 1423 1431
2553 2 2 5 14 1424 1426 1425
2554 2 2 5 14 1445 1426 1424
2555 2 2 5 14 1447 1425 1426
2556 2 2 5 14 1425 1447 1457
2557 2 2 5 14 1445 1446 1426
2558 2 2 5 14 1426 1446 1447
2559 2 2 5 14 1427 1429 1428
2560 2 2 5 14 1427 1428 1444
2561 2 2 5 14 1429 1427 1434
2562 2 2 5 14 1427 1450 1434
2563 2 2 5 14 1444 1451 1427
2564 2 2 5 14 1450 1427 1451
2565 2 2 5 14 1428 1429 1433
2566 2 2 5 14 1433 1429 1446
2567 2 2 5 14 1429 1434 1440
2568 2 2 5 14 1447 1429 1440
2569 2 2 5 14 1446 1429 1447
2570 2 2 5 14 1430 1432 1431
2571 2 2 5 14 1456 1430 1431
2572 2 2 5 14 1456 1441 1430
2573 2 2 5 14 1455 1456 1431
2574 2 2 5 14 1434 1436 1437
2575 2 2 5 14 1436 1434 1450
2576 2 2 5 14 1434 1437 1440
2577 2 2 5 14 1435 1437 1436
2578 2 2 5 14 1435 1436 1443
2579 2 2 5 14 1437 1435 1448
2580 2 2 5 14 1435 1443 1458
2581 2 2 5 14 1448 1435 1449
2582 2 2 5 14 1449 1435 1458
2583 2 2 5 14 1443 1436 1450
2584 2 2 5 14 1452 1440 1437
2585 2 2 5 14 1452 1437 1448
2586 2 2 5 14 1442 1438 1439
2587 2 2 5 14 1442 1450 1438
2588 2 2 5 14 1451 1438 1450
2589 2 2 5 14 1451 1454 1438
2590 2 2 5 14 1441 1442 1439
2591 2 2 5 14 1440 1457 1447
2592 2 2 5 14 1457 1440 1452
2593 2 2 5 14 1442 1441 1453
2594 2 2 5 14 1441 1456 1453
2595 2 2 5 14 1442 1443 1450
2596 2 2 5 14 1443 1442 1453
2597 2 2 5 14 1443 1453 1458
2598 2 2 5 14 1458 1455 1449
2599 2 2 5 14 1456 1458 1453
2600 2 2 5 14 1458 1456 1455
2601 2 2 6 16 13 1577 1
2602 2 2 6 16 1577 224 1
2603 2 2 6 16 1526 24 2
2604 2 2 6 16 193 1526 2
2605 2 2 6 16 213 1510 9
2606 2 2 6 16 1510 225 9
2607 2 2 6 16 1561 182 10
2608 2 2 6 16 236 1561 10
2609 2 2 6 16 14 1589 13
2610 2 2 6 16 1589 1577 13
2611 2 2 6 16 15 1622 14
2612 2 2 6 16 1622 1589 14
2613 2 2 6 16 1600 15 16
2614 2 2 6 16 1622 15 1600
2615 2 2 6 16 1599 16 17
2616 2 2 6 16 1599 1600 16
2617 2 2 6 16 18 1628 17
2618 2 2 6 16 1628 1599 17
2619 2 2 6 16 1630 18 19
2620 2 2 6 16 1630 1628 18
2621 2 2 6 16 1662 19 20
2622 2 2 6 16 1662 1630 19
2623 2 2 6 16 1633 20 21
2624 2 2 6 16 1633 1662 20
2625 2 2 6 16 22 1632 21
2626 2 2 6 16 1632 1633 21
2627 2 2 6 16 23 1660 22
2628 2 2 6 16 1660 1632 22
2629 2 2 6 16 24 1573 23
2630 2 2 6 16 1660 23 1573
2631 2 2 6 16 24 1526 1573
2632 2 2 6 16 1588 183 182
2633 2 2 6 16 1561 1588 182
2634 2 2 6 16 183 1592 184
2635 2 2 6 16 183 1588 1587
2636 2 2 6 16 1592 183 1587
2637 2 2 6 16 1593 185 184
2638 2 2 6 16 1592 1593 184
2639 2 2 6 16 1643 186 185
2640 2 2 6 16 1643 185 1593
2641 2 2 6 16 186 1636 187
2642 2 2 6 16 186 1545 1636
2643 2 2 6 16 1643 1545 186
2644 2 2 6 16 187 1636 188
2645 2 2 6 16 1637 189 188
2646 2 2 6 16 1636 1637 188
2647 2 2 6 16 189 1532 190
2648 2 2 6 16 189 1618 1532
2649 2 2 6 16 1618 189 1637
2650 2 2 6 16 1532 191 190
2651 2 2 6 16 191 1654 192
2652 2 2 6 16 1532 1533 191
2653 2 2 6 16 191 1533 1654
2654 2 2 6 16 1527 193 192
2655 2 2 6 16 1654 1527 192
2656 2 2 6 16 1526 193 1527
2657 2 2 6 16 1511 213 214
2658 2 2 6 16 1510 213 1511
2659 2 2 6 16 1640 214 215
2660 2 2 6 16 214 1640 1511
2661 2 2 6 16 216 1664 215
2662 2 2 6 16 1664 1640 215
2663 2 2 6 16 217 1583 216
2664 2 2 6 16 1583 1664 216
2665 2 2 6 16 1521 217 218
2666 2 2 6 16 1521 1583 217
2667 2 2 6 16 1520 218 219
2668 2 2 6 16 1521 218 1520
2669 2 2 6 16 220 1566 219
2670 2 2 6 16 1566 1520 219
2671 2 2 6 16 221 1584 220
2672 2 2 6 16 220 1584 1566
2673 2 2 6 16 1605 221 222
2674 2 2 6 16 1605 1584 221
2675 2 2 6 16 1604 222 223
2676 2 2 6 16 222 1604 1605
2677 2 2 6 16 1577 223 224
2678 2 2 6 16 1576 223 1577
2679 2 2 6 16 1576 1604 223
2680 2 2 6 16 225 1529 226
2681 2 2 6 16 225 1510 1529
2682 2 2 6 16 226 1528 227
2683 2 2 6 16 226 1529 1528
2684 2 2 6 16 1644 228 227
2685 2 2 6 16 1528 1644 227
2686 2 2 6 16 1644 229 228
2687 2 2 6 16 1568 230 229
2688 2 2 6 16 1661 1568 229
2689 2 2 6 16 1661 229 1644
2690 2 2 6 16 230 1509 231
2691 2 2 6 16 230 1568 1509
2692 2 2 6 16 231 1508 232
2693 2 2 6 16 231 1509 1508
2694 2 2 6 16 232 1595 233
2695 2 2 6 16 232 1508 1595
2696 2 2 6 16 1621 234 233
2697 2 2 6 16 1595 1621 233
2698 2 2 6 16 1507 235 234
2699 2 2 6 16 234 1621 1507
2700 2 2 6 16 235 1561 236
2701 2 2 6 16 1506 235 1507
2702 2 2 6 16 235 1506 1561
2703 2 2 6 16 1500 1502 1501
2704 2 2 6 16 1500 1501 1534
2705 2 2 6 16 1500 1519 1502
2706 2 2 6 16 1663 1519 1500
2707 2 2 6 16 1663 1500 1534
2708 2 2 6 16 1501 1502 1579
2709 2 2 6 16 1534 1501 1554
2710 2 2 6 16 1554 1501 1578
2711 2 2 6 16 1579 1578 1501
2712 2 2 6 16 1531 1502 1519
2713 2 2 6 16 1502 1531 1591
2714 2 2 6 16 1579 1502 1591
2715 2 2 6 16 1503 1505 1504
2716 2 2 6 16 1594 1503 1504
2717 2 2 6 16 1503 1553 1505
2718 2 2 6 16 1534 1554 1503
2719 2 2 6 16 1594 1534 1503
2720 2 2 6 16 1503 1554 1553
2721 2 2 6 16 1504 1505 1657
2722 2 2 6 16 1504 1569 1594
2723 2 2 6 16 1658 1569 1504
2724 2 2 6 16 1658 1504 1657
2725 2 2 6 16 1552 1505 1553
2726 2 2 6 16 1552 1607 1505
2727 2 2 6 16 1607 1657 1505
2728 2 2 6 16 1557 1506 1507
2729 2 2 6 16 1506 1557 1587
2730 2 2 6 16 1561 1506 1587
2731 2 2 6 16 1647 1557 1507
2732 2 2 6 16 1621 1647 1507
2733 2 2 6 16 1530 1508 1509
2734 2 2 6 16 1597 1508 1530
2735 2 2 6 16 1508 1597 1595
2736 2 2 6 16 1568 1530 1509
2737 2 2 6 16 1511 1529 1510
2738 2 2 6 16 1571 1529 1511
2739 2 2 6 16 1571 1511 1640
2740 2 2 6 16 1512 1514 1513
2741 2 2 6 16 1513 1627 1512
2742 2 2 6 16 1631 1514 1512
2743 2 2 6 16 1512 1627 1559
2744 2 2 6 16 1631 1512 1559
2745 2 2 6 16 1513 1514 1515
2746 2 2 6 16 1515 1653 1513
2747 2 2 6 16 1513 1623 1627
2748 2 2 6 16 1513 1653 1623
2749 2 2 6 16 1515 1514 1660
2750 2 2 6 16 1632 1514 1631
2751 2 2 6 16 1514 1632 1660
2752 2 2 6 16 1515 1573 1527
2753 2 2 6 16 1654 1515 1527
2754 2 2 6 16 1515 1660 1573
2755 2 2 6 16 1653 1515 1654
2756 2 2 6 16 1516 1518 1517
2757 2 2 6 16 1517 1614 1516
2758 2 2 6 16 1543 1518 1516
2759 2 2 6 16 1516 1556 1543
2760 2 2 6 16 1555 1556 1516
2761 2 2 6 16 1555 1516 1572
2762 2 2 6 16 1516 1614 1572
2763 2 2 6 16 1517 1518 1525
2764 2 2 6 16 1517 1525 1602
2765 2 2 6 16 1614 1517 1602
2766 2 2 6 16 1518 1540 1525
2767 2 2 6 16 1540 1518 1544
2768 2 2 6 16 1543 1544 1518
2769 2 2 6 16 1519 1521 1520
2770 2 2 6 16 1519 1520 1531
2771 2 2 6 16 1521 1519 1583
2772 2 2 6 16 1583 1519 1663
2773 2 2 6 16 1520 1566 1531
2774 2 2 6 16 1522 1524 1523
2775 2 2 6 16 1656 1522 1523
2776 2 2 6 16 1586 1524 1522
2777 2 2 6 16 1606 1586 1522
2778 2 2 6 16 1606 1522 1656
2779 2 2 6 16 1524 1649 1523
2780 2 2 6 16 1642 1523 1649
2781 2 2 6 16 1523 1642 1656
2782 2 2 6 16 1585 1524 1586
2783 2 2 6 16 1524 1585 1600
2784 2 2 6 16 1600 1598 1524
2785 2 2 6 16 1598 1649 1524
2786 2 2 6 16 1540 1538 1525
2787 2 2 6 16 1670 1525 1538
2788 2 2 6 16 1670 1602 1525
2789 2 2 6 16 1527 1573 1526
2790 2 2 6 16 1571 1528 1529
2791 2 2 6 16 1571 1666 1528
2792 2 2 6 16 1644 1528 1645
2793 2 2 6 16 1666 1645 1528
2794 2 2 6 16 1567 1530 1568
2795 2 2 6 16 1665 1530 1567
2796 2 2 6 16 1597 1530 1665
2797 2 2 6 16 1564 1531 1566
2798 2 2 6 16 1564 1591 1531
2799 2 2 6 16 1619 1533 1532
2800 2 2 6 16 1618 1619 1532
2801 2 2 6 16 1619 1653 1533
2802 2 2 6 16 1654 1533 1653
2803 2 2 6 16 1594 1663 1534
2804 2 2 6 16 1535 1537 1536
2805 2 2 6 16 1536 1574 1535
2806 2 2 6 16 1535 1590 1537
2807 2 2 6 16 1535 1574 1575
2808 2 2 6 16 1620 1535 1575
2809 2 2 6 16 1578 1590 1535
2810 2 2 6 16 1620 1578 1535
2811 2 2 6 16 1536 1537 1542
2812 2 2 6 16 1542 1611 1536
2813 2 2 6 16 1609 1574 1536
2814 2 2 6 16 1609 1536 1611
2815 2 2 6 16 1642 1542 1537
2816 2 2 6 16 1537 1590 1562
2817 2 2 6 16 1646 1537 1562
2818 2 2 6 16 1642 1537 1646
2819 2 2 6 16 1538 1540 1539
2820 2 2 6 16 1557 1538 1539
2821 2 2 6 16 1647 1538 1557
2822 2 2 6 16 1596 1538 1647
2823 2 2 6 16 1596 1670 1538
2824 2 2 6 16 1539 1540 1541
2825 2 2 6 16 1541 1593 1539
2826 2 2 6 16 1557 1539 1587
2827 2 2 6 16 1539 1593 1587
2828 2 2 6 16 1541 1540 1643
2829 2 2 6 16 1540 1544 1643
2830 2 2 6 16 1593 1541 1643
2831 2 2 6 16 1542 1655 1611
2832 2 2 6 16 1642 1655 1542
2833 2 2 6 16 1543 1545 1544
2834 2 2 6 16 1638 1545 1543
2835 2 2 6 16 1543 1556 1638
2836 2 2 6 16 1544 1545 1643
2837 2 2 6 16 1638 1636 1545
2838 2 2 6 16 1546 1548 1547
2839 2 2 6 16 1547 1603 1546
2840 2 2 6 16 1665 1548 1546
2841 2 2 6 16 1546 1601 1597
2842 2 2 6 16 1665 1546 1597
2843 2 2 6 16 1601 1546 1603
2844 2 2 6 16 1547 1548 1552
2845 2 2 6 16 1547 1550 1603
2846 2 2 6 16 1550 1547 1659
2847 2 2 6 16 1547 1552 1659
2848 2 2 6 16 1548 1607 1552
2849 2 2 6 16 1567 1607 1548
2850 2 2 6 16 1548 1665 1567
2851 2 2 6 16 1549 1551 1550
2852 2 2 6 16 1549 1550 1639
2853 2 2 6 16 1549 1671 1551
2854 2 2 6 16 1639 1575 1549
2855 2 2 6 16 1575 1671 1549
2856 2 2 6 16 1615 1550 1551
2857 2 2 6 16 1615 1603 1550
2858 2 2 6 16 1639 1550 1659
2859 2 2 6 16 1572 1614 1551
2860 2 2 6 16 1572 1551 1674
2861 2 2 6 16 1614 1615 1551
2862 2 2 6 16 1671 1672 1551
2863 2 2 6 16 1672 1674 1551
2864 2 2 6 16 1552 1553 1659
2865 2 2 6 16 1669 1553 1554
2866 2 2 6 16 1553 1669 1659
2867 2 2 6 16 1578 1620 1554
2868 2 2 6 16 1669 1554 1620
2869 2 2 6 16 1555 1580 1556
2870 2 2 6 16 1555 1572 1674
2871 2 2 6 16 1580 1555 1674
2872 2 2 6 16 1641 1556 1580
2873 2 2 6 16 1652 1638 1556
2874 2 2 6 16 1641 1652 1556
2875 2 2 6 16 1558 1560 1559
2876 2 2 6 16 1558 1559 1565
2877 2 2 6 16 1616 1560 1558
2878 2 2 6 16 1565 1667 1558
2879 2 2 6 16 1635 1616 1558
2880 2 2 6 16 1558 1667 1635
2881 2 2 6 16 1560 1631 1559
2882 2 2 6 16 1626 1565 1559
2883 2 2 6 16 1625 1626 1559
2884 2 2 6 16 1627 1625 1559
2885 2 2 6 16 1616 1662 1560
2886 2 2 6 16 1560 1633 1631
2887 2 2 6 16 1662 1633 1560
2888 2 2 6 16 1588 1561 1587
2889 2 2 6 16 1562 1564 1563
2890 2 2 6 16 1563 1646 1562
2891 2 2 6 16 1591 1564 1562
2892 2 2 6 16 1562 1590 1579
2893 2 2 6 16 1562 1579 1591
2894 2 2 6 16 1564 1584 1563
2895 2 2 6 16 1584 1605 1563
2896 2 2 6 16 1605 1606 1563
2897 2 2 6 16 1606 1656 1563
2898 2 2 6 16 1646 1563 1656
2899 2 2 6 16 1564 1566 1584
2900 2 2 6 16 1626 1668 1565
2901 2 2 6 16 1667 1565 1668
2902 2 2 6 16 1568 1661 1567
2903 2 2 6 16 1657 1607 1567
2904 2 2 6 16 1657 1567 1661
2905 2 2 6 16 1569 1571 1570
2906 2 2 6 16 1569 1570 1594
2907 2 2 6 16 1666 1571 1569
2908 2 2 6 16 1569 1658 1666
2909 2 2 6 16 1571 1640 1570
2910 2 2 6 16 1570 1648 1594
2911 2 2 6 16 1664 1570 1640
2912 2 2 6 16 1648 1570 1664
2913 2 2 6 16 1575 1574 1671
2914 2 2 6 16 1608 1574 1609
2915 2 2 6 16 1608 1671 1574
2916 2 2 6 16 1639 1620 1575
2917 2 2 6 16 1589 1576 1577
2918 2 2 6 16 1576 1589 1586
2919 2 2 6 16 1604 1576 1586
2920 2 2 6 16 1578 1579 1590
2921 2 2 6 16 1580 1582 1581
2922 2 2 6 16 1641 1580 1581
2923 2 2 6 16 1674 1582 1580
2924 2 2 6 16 1581 1582 1626
2925 2 2 6 16 1581 1625 1624
2926 2 2 6 16 1641 1581 1624
2927 2 2 6 16 1625 1581 1626
2928 2 2 6 16 1582 1673 1626
2929 2 2 6 16 1673 1582 1674
2930 2 2 6 16 1583 1663 1648
2931 2 2 6 16 1664 1583 1648
2932 2 2 6 16 1585 1586 1589
2933 2 2 6 16 1589 1622 1585
2934 2 2 6 16 1585 1622 1600
2935 2 2 6 16 1606 1604 1586
2936 2 2 6 16 1593 1592 1587
2937 2 2 6 16 1663 1594 1648
2938 2 2 6 16 1595 1597 1596
2939 2 2 6 16 1596 1621 1595
2940 2 2 6 16 1596 1597 1601
2941 2 2 6 16 1670 1596 1601
2942 2 2 6 16 1621 1596 1647
2943 2 2 6 16 1598 1600 1599
2944 2 2 6 16 1599 1634 1598
2945 2 2 6 16 1598 1634 1650
2946 2 2 6 16 1598 1650 1649
2947 2 2 6 16 1634 1599 1628
2948 2 2 6 16 1601 1603 1602
2949 2 2 6 16 1602 1670 1601
2950 2 2 6 16 1603 1615 1602
2951 2 2 6 16 1614 1602 1615
2952 2 2 6 16 1604 1606 1605
2953 2 2 6 16 1612 1608 1609
2954 2 2 6 16 1668 1608 1612
2955 2 2 6 16 1673 1608 1668
2956 2 2 6 16 1608 1672 1671
2957 2 2 6 16 1608 1673 1672
2958 2 2 6 16 1612 1609 1611
2959 2 2 6 16 1610 1612 1611
2960 2 2 6 16 1610 1611 1613
2961 2 2 6 16 1612 1610 1668
2962 2 2 6 16 1610 1613 1635
2963 2 2 6 16 1667 1610 1635
2964 2 2 6 16 1610 1667 1668
2965 2 2 6 16 1655 1613 1611
2966 2 2 6 16 1613 1629 1635
2967 2 2 6 16 1613 1650 1629
2968 2 2 6 16 1613 1655 1650
2969 2 2 6 16 1629 1630 1616
2970 2 2 6 16 1629 1616 1635
2971 2 2 6 16 1662 1616 1630
2972 2 2 6 16 1617 1619 1618
2973 2 2 6 16 1618 1651 1617
2974 2 2 6 16 1619 1617 1623
2975 2 2 6 16 1617 1624 1623
2976 2 2 6 16 1624 1617 1641
2977 2 2 6 16 1617 1651 1641
2978 2 2 6 16 1651 1618 1637
2979 2 2 6 16 1619 1623 1653
2980 2 2 6 16 1620 1639 1669
2981 2 2 6 16 1623 1624 1627
2982 2 2 6 16 1625 1627 1624
2983 2 2 6 16 1668 1626 1673
2984 2 2 6 16 1628 1630 1629
2985 2 2 6 16 1628 1629 1634
2986 2 2 6 16 1634 1629 1650
2987 2 2 6 16 1631 1633 1632
2988 2 2 6 16 1636 1638 1637
2989 2 2 6 16 1652 1637 1638
2990 2 2 6 16 1651 1637 1652
2991 2 2 6 16 1669 1639 1659
2992 2 2 6 16 1652 1641 1651
2993 2 2 6 16 1656 1642 1646
2994 2 2 6 16 1642 1649 1655
2995 2 2 6 16 1644 1645 1661
2996 2 2 6 16 1645 1658 1657
2997 2 2 6 16 1661 1645 1657
2998 2 2 6 16 1658 1645 1666
2999 2 2 6 16 1655 1649 1650
3000 2 2 6 16 1673 1674 1672
3001 2 2 5 17 1685 68 5
3002 2 2 5 17 206 1685 5
3003 2 2 5 17 1693 8 67
3004 2 2 5 17 1692 143 8
3005 2 2 5 17 1692 8 1693
3006 2 2 5 17 9 237 212
3007 2 2 5 17 248 12 137
3008 2 2 5 17 68 1684 67
3009 2 2 5 17 1684 1693 67
3010 2 2 5 17 1684 68 1685
3011 2 2 5 17 1676 137 138
3012 2 2 5 17 248 137 1676
3013 2 2 5 17 1678 138 139
3014 2 2 5 17 1676 138 1678
3015 2 2 5 17 1704 139 140
3016 2 2 5 17 139 1704 1678
3017 2 2 5 17 141 1683 140
3018 2 2 5 17 1704 140 1683
3019 2 2 5 17 142 1682 141
3020 2 2 5 17 1682 1683 141
3021 2 2 5 17 1692 142 143
3022 2 2 5 17 1692 1682 142
3023 2 2 5 17 1697 206 207
3024 2 2 5 17 1685 206 1697
3025 2 2 5 17 1709 207 208
3026 2 2 5 17 1697 207 1709
3027 2 2 5 17 209 1686 208
3028 2 2 5 17 1686 1709 208
3029 2 2 5 17 210 1688 209
3030 2 2 5 17 1688 1686 209
3031 2 2 5 17 211 1677 210
3032 2 2 5 17 1688 210 1677
3033 2 2 5 17 212 1675 211
3034 2 2 5 17 211 1675 1677
3035 2 2 5 17 212 237 1675
3036 2 2 5 17 238 1675 237
3037 2 2 5 17 239 1677 238
3038 2 2 5 17 1675 238 1677
3039 2 2 5 17 240 1687 239
3040 2 2 5 17 1687 1677 239
3041 2 2 5 17 241 1690 240
3042 2 2 5 17 1687 240 1690
3043 2 2 5 17 242 1712 241
3044 2 2 5 17 1690 241 1712
3045 2 2 5 17 243 1701 242
3046 2 2 5 17 1701 1712 242
3047 2 2 5 17 244 1700 243
3048 2 2 5 17 1700 1701 243
3049 2 2 5 17 1711 244 245
3050 2 2 5 17 1700 244 1711
3051 2 2 5 17 1679 245 246
3052 2 2 5 17 245 1679 1711
3053 2 2 5 17 1678 246 247
3054 2 2 5 17 1678 1679 246
3055 2 2 5 17 1676 247 248
3056 2 2 5 17 247 1676 1678
3057 2 2 5 17 1688 1677 1687
3058 2 2 5 17 1678 1680 1679
3059 2 2 5 17 1704 1680 1678
3060 2 2 5 17 1705 1679 1680
3061 2 2 5 17 1679 1705 1711
3062 2 2 5 17 1704 1683 1680
3063 2 2 5 17 1680 1683 1705
3064 2 2 5 17 1681 1683 1682
3065 2 2 5 17 1681 1682 1695
3066 2 2 5 17 1683 1681 1705
3067 2 2 5 17 1681 1695 1707
3068 2 2 5 17 1705 1681 1707
3069 2 2 5 17 1692 1703 1682
3070 2 2 5 17 1703 1695 1682
3071 2 2 5 17 1685 1710 1684
3072 2 2 5 17 1710 1693 1684
3073 2 2 5 17 1685 1697 1698
3074 2 2 5 17 1698 1710 1685
3075 2 2 5 17 1686 1688 1687
3076 2 2 5 17 1691 1686 1687
3077 2 2 5 17 1691 1709 1686
3078 2 2 5 17 1690 1691 1687
3079 2 2 5 17 1689 1691 1690
3080 2 2 5 17 1690 1712 1689
3081 2 2 5 17 1709 1691 1689
3082 2 2 5 17 1689 1708 1699
3083 2 2 5 17 1709 1689 1699
3084 2 2 5 17 1706 1708 1689
3085 2 2 5 17 1712 1706 1689
3086 2 2 5 17 1692 1693 1703
3087 2 2 5 17 1703 1693 1694
3088 2 2 5 17 1710 1694 1693
3089 2 2 5 17 1694 1696 1695
3090 2 2 5 17 1695 1703 1694
3091 2 2 5 17 1694 1698 1696
3092 2 2 5 17 1694 1710 1698
3093 2 2 5 17 1696 1702 1695
3094 2 2 5 17 1695 1702 1707
3095 2 2 5 17 1708 1696 1698
3096 2 2 5 17 1706 1702 1696
3097 2 2 5 17 1696 1708 1706
3098 2 2 5 17 1697 1699 1698
3099 2 2 5 17 1697 1709 1699
3100 2 2 5 17 1708 1698 1699
3101 2 2 5 17 1700 1702 1701
3102 2 2 5 17 1702 1700 1707
3103 2 2 5 17 1711 1707 1700
3104 2 2 5 17 1701 1702 1706
3105 2 2 5 17 1712 1701 1706
3106 2 2 5 17 1707 1711 1705
3107 2 2 6 18 1737 60 1
3108 2 2 6 18 224 1737 1
3109 2 2 6 18 49 1795 4
3110 2 2 6 18 1795 125 4
3111 2 2 6 18 1725 213 9
3112 2 2 6 18 237 1725 9
3113 2 2 6 18 136 1731 12
3114 2 2 6 18 1731 248 12
3115 2 2 6 18 50 1828 49
3116 2 2 6 18 1828 1795 49
3117 2 2 6 18 51 1751 50
3118 2 2 6 18 1751 1824 50
3119 2 2 6 18 50 1824 1828
3120 2 2 6 18 1718 51 52
3121 2 2 6 18 1751 51 1718
3122 2 2 6 18 1817 52 53
3123 2 2 6 18 1718 52 1817
3124 2 2 6 18 1837 53 54
3125 2 2 6 18 1837 1817 53
3126 2 2 6 18 55 1715 54
3127 2 2 6 18 1715 1837 54
3128 2 2 6 18 1714 55 56
3129 2 2 6 18 1714 1715 55
3130 2 2 6 18 1881 56 57
3131 2 2 6 18 1714 56 1881
3132 2 2 6 18 58 1823 57
3133 2 2 6 18 1823 1881 57
3134 2 2 6 18 1821 58 59
3135 2 2 6 18 1821 1823 58
3136 2 2 6 18 60 1736 59
3137 2 2 6 18 1736 1821 59
3138 2 2 6 18 60 1737 1736
3139 2 2 6 18 1795 126 125
3140 2 2 6 18 126 1859 127
3141 2 2 6 18 1804 126 1795
3142 2 2 6 18 1859 126 1804
3143 2 2 6 18 1768 128 127
3144 2 2 6 18 1859 1768 127
3145 2 2 6 18 1767 129 128
3146 2 2 6 18 1767 128 1768
3147 2 2 6 18 129 1851 130
3148 2 2 6 18 1767 1851 129
3149 2 2 6 18 1831 131 130
3150 2 2 6 18 1851 1831 130
3151 2 2 6 18 131 1730 132
3152 2 2 6 18 1831 1730 131
3153 2 2 6 18 132 1729 133
3154 2 2 6 18 132 1730 1729
3155 2 2 6 18 1867 134 133
3156 2 2 6 18 1729 1867 133
3157 2 2 6 18 1822 135 134
3158 2 2 6 18 1822 134 1867
3159 2 2 6 18 1732 136 135
3160 2 2 6 18 135 1822 1732
3161 2 2 6 18 1731 136 1732
3162 2 2 6 18 213 1756 214
3163 2 2 6 18 213 1725 1756
3164 2 2 6 18 214 1755 215
3165 2 2 6 18 1755 214 1756
3166 2 2 6 18 215 1820 216
3167 2 2 6 18 1755 1820 215
3168 2 2 6 18 216 1835 217
3169 2 2 6 18 216 1820 1835
3170 2 2 6 18 217 1793 218
3171 2 2 6 18 217 1835 1793
3172 2 2 6 18 218 1791 219
3173 2 2 6 18 218 1793 1791
3174 2 2 6 18 1854 220 219
3175 2 2 6 18 1791 1854 219
3176 2 2 6 18 220 1798 221
3177 2 2 6 18 1798 220 1854
3178 2 2 6 18 1827 222 221
3179 2 2 6 18 1798 1778 221
3180 2 2 6 18 221 1778 1827
3181 2 2 6 18 1829 223 222
3182 2 2 6 18 1827 1829 222
3183 2 2 6 18 1810 224 223
3184 2 2 6 18 223 1829 1810
3185 2 2 6 18 1737 224 1810
3186 2 2 6 18 1726 237 238
3187 2 2 6 18 1725 237 1726
3188 2 2 6 18 239 1750 238
3189 2 2 6 18 1750 1726 238
3190 2 2 6 18 1842 239 240
3191 2 2 6 18 1750 239 1842
3192 2 2 6 18 1850 240 241
3193 2 2 6 18 1842 240 1849
3194 2 2 6 18 1849 240 1850
3195 2 2 6 18 242 1850 241
3196 2 2 6 18 1858 242 243
3197 2 2 6 18 1850 242 1786
3198 2 2 6 18 1786 242 1858
3199 2 2 6 18 244 1868 243
3200 2 2 6 18 1868 1858 243
3201 2 2 6 18 1848 244 245
3202 2 2 6 18 1848 1868 244
3203 2 2 6 18 1801 245 246
3204 2 2 6 18 1848 245 1801
3205 2 2 6 18 247 1733 246
3206 2 2 6 18 1733 1801 246
3207 2 2 6 18 1731 247 248
3208 2 2 6 18 1731 1869 247
3209 2 2 6 18 1733 247 1869
3210 2 2 6 18 1713 1715 1714
3211 2 2 6 18 1713 1714 1746
3212 2 2 6 18 1715 1713 1837
3213 2 2 6 18 1713 1746 1840
3214 2 2 6 18 1713 1781 1779
3215 2 2 6 18 1837 1713 1779
3216 2 2 6 18 1781 1713 1840
3217 2 2 6 18 1714 1881 1746
3218 2 2 6 18 1716 1718 1717
3219 2 2 6 18 1716 1717 1766
3220 2 2 6 18 1716 1751 1718
3221 2 2 6 18 1824 1751 1716
3222 2 2 6 18 1826 1716 1766
3223 2 2 6 18 1716 1826 1824
3224 2 2 6 18 1817 1717 1718
3225 2 2 6 18 1717 1796 1766
3226 2 2 6 18 1796 1717 1779
3227 2 2 6 18 1817 1779 1717
3228 2 2 6 18 1719 1721 1720
3229 2 2 6 18 1719 1720 1727
3230 2 2 6 18 1719 1739 1721
3231 2 2 6 18 1727 1864 1719
3232 2 2 6 18 1719 1886 1739
3233 2 2 6 18 1864 1865 1719
3234 2 2 6 18 1886 1719 1865
3235 2 2 6 18 1749 1720 1721
3236 2 2 6 18 1720 1860 1727
3237 2 2 6 18 1747 1720 1748
3238 2 2 6 18 1720 1747 1860
3239 2 2 6 18 1748 1720 1749
3240 2 2 6 18 1808 1721 1739
3241 2 2 6 18 1721 1840 1749
3242 2 2 6 18 1808 1840 1721
3243 2 2 6 18 1722 1724 1723
3244 2 2 6 18 1722 1723 1728
3245 2 2 6 18 1761 1724 1722
3246 2 2 6 18 1722 1728 1834
3247 2 2 6 18 1834 1752 1722
3248 2 2 6 18 1888 1722 1752
3249 2 2 6 18 1722 1888 1761
3250 2 2 6 18 1724 1756 1723
3251 2 2 6 18 1750 1723 1726
3252 2 2 6 18 1756 1726 1723
3253 2 2 6 18 1728 1723 1750
3254 2 2 6 18 1755 1756 1724
3255 2 2 6 18 1760 1755 1724
3256 2 2 6 18 1760 1724 1761
3257 2 2 6 18 1726 1756 1725
3258 2 2 6 18 1860 1871 1727
3259 2 2 6 18 1864 1727 1871
3260 2 2 6 18 1842 1728 1750
3261 2 2 6 18 1849 1834 1728
3262 2 2 6 18 1728 1842 1849
3263 2 2 6 18 1730 1745 1729
3264 2 2 6 18 1729 1745 1802
3265 2 2 6 18 1867 1729 1802
3266 2 2 6 18 1745 1730 1833
3267 2 2 6 18 1833 1730 1831
3268 2 2 6 18 1869 1731 1732
3269 2 2 6 18 1735 1732 1799
3270 2 2 6 18 1869 1732 1735
3271 2 2 6 18 1799 1732 1822
3272 2 2 6 18 1733 1735 1734
3273 2 2 6 18 1801 1733 1734
3274 2 2 6 18 1733 1869 1735
3275 2 2 6 18 1734 1735 1759
3276 2 2 6 18 1734 1759 1874
3277 2 2 6 18 1801 1734 1805
3278 2 2 6 18 1805 1734 1874
3279 2 2 6 18 1799 1759 1735
3280 2 2 6 18 1810 1736 1737
3281 2 2 6 18 1818 1736 1810
3282 2 2 6 18 1818 1821 1736
3283 2 2 6 18 1738 1740 1739
3284 2 2 6 18 1886 1738 1739
3285 2 2 6 18 1883 1740 1738
3286 2 2 6 18 1738 1878 1797
3287 2 2 6 18 1797 1883 1738
3288 2 2 6 18 1865 1877 1738
3289 2 2 6 18 1738 1886 1865
3290 2 2 6 18 1877 1878 1738
3291 2 2 6 18 1740 1808 1739
3292 2 2 6 18 1740 1782 1808
3293 2 2 6 18 1876 1782 1740
3294 2 2 6 18 1883 1876 1740
3295 2 2 6 18 1741 1743 1742
3296 2 2 6 18 1742 1806 1741
3297 2 2 6 18 1852 1743 1741
3298 2 2 6 18 1806 1845 1741
3299 2 2 6 18 1845 1853 1741
3300 2 2 6 18 1852 1741 1853
3301 2 2 6 18 1742 1743 1744
3302 2 2 6 18 1742 1744 1757
3303 2 2 6 18 1832 1742 1757
3304 2 2 6 18 1742 1832 1806
3305 2 2 6 18 1744 1743 1882
3306 2 2 6 18 1876 1743 1852
3307 2 2 6 18 1743 1876 1882
3308 2 2 6 18 1744 1758 1757
3309 2 2 6 18 1744 1882 1758
3310 2 2 6 18 1745 1803 1802
3311 2 2 6 18 1745 1844 1803
3312 2 2 6 18 1844 1745 1833
3313 2 2 6 18 1749 1746 1770
3314 2 2 6 18 1840 1746 1749
3315 2 2 6 18 1881 1770 1746
3316 2 2 6 18 1771 1747 1748
3317 2 2 6 18 1771 1776 1747
3318 2 2 6 18 1776 1866 1747
3319 2 2 6 18 1860 1747 1866
3320 2 2 6 18 1748 1749 1770
3321 2 2 6 18 1770 1771 1748
3322 2 2 6 18 1752 1754 1753
3323 2 2 6 18 1752 1753 1762
3324 2 2 6 18 1752 1834 1754
3325 2 2 6 18 1762 1888 1752
3326 2 2 6 18 1841 1753 1754
3327 2 2 6 18 1753 1784 1762
3328 2 2 6 18 1753 1764 1784
3329 2 2 6 18 1841 1764 1753
3330 2 2 6 18 1787 1814 1754
3331 2 2 6 18 1754 1834 1787
3332 2 2 6 18 1754 1814 1841
3333 2 2 6 18 1760 1820 1755
3334 2 2 6 18 1758 1879 1757
3335 2 2 6 18 1844 1832 1757
3336 2 2 6 18 1843 1844 1757
3337 2 2 6 18 1879 1843 1757
3338 2 2 6 18 1772 1758 1797
3339 2 2 6 18 1772 1879 1758
3340 2 2 6 18 1882 1797 1758
3341 2 2 6 18 1799 1800 1759
3342 2 2 6 18 1759 1800 1807
3343 2 2 6 18 1874 1759 1807
3344 2 2 6 18 1760 1761 1790
3345 2 2 6 18 1820 1760 1790
3346 2 2 6 18 1761 1762 1856
3347 2 2 6 18 1888 1762 1761
3348 2 2 6 18 1856 1790 1761
3349 2 2 6 18 1762 1784 1855
3350 2 2 6 18 1762 1855 1856
3351 2 2 6 18 1763 1765 1764
3352 2 2 6 18 1764 1841 1763
3353 2 2 6 18 1816 1765 1763
3354 2 2 6 18 1814 1815 1763
3355 2 2 6 18 1763 1841 1814
3356 2 2 6 18 1763 1815 1816
3357 2 2 6 18 1785 1764 1765
3358 2 2 6 18 1784 1764 1785
3359 2 2 6 18 1785 1765 1877
3360 2 2 6 18 1765 1816 1878
3361 2 2 6 18 1878 1877 1765
3362 2 2 6 18 1796 1812 1766
3363 2 2 6 18 1812 1813 1766
3364 2 2 6 18 1766 1813 1826
3365 2 2 6 18 1767 1768 1870
3366 2 2 6 18 1767 1845 1846
3367 2 2 6 18 1767 1870 1845
3368 2 2 6 18 1767 1846 1851
3369 2 2 6 18 1768 1859 1870
3370 2 2 6 18 1769 1771 1770
3371 2 2 6 18 1823 1769 1770
3372 2 2 6 18 1769 1819 1771
3373 2 2 6 18 1818 1819 1769
3374 2 2 6 18 1769 1821 1818
3375 2 2 6 18 1769 1823 1821
3376 2 2 6 18 1770 1881 1823
3377 2 2 6 18 1819 1776 1771
3378 2 2 6 18 1772 1774 1773
3379 2 2 6 18 1772 1773 1775
3380 2 2 6 18 1774 1772 1797
3381 2 2 6 18 1879 1772 1775
3382 2 2 6 18 1774 1816 1773
3383 2 2 6 18 1884 1775 1773
3384 2 2 6 18 1815 1773 1816
3385 2 2 6 18 1887 1773 1815
3386 2 2 6 18 1773 1887 1884
3387 2 2 6 18 1878 1774 1797
3388 2 2 6 18 1816 1774 1878
3389 2 2 6 18 1775 1880 1879
3390 2 2 6 18 1884 1880 1775
3391 2 2 6 18 1776 1778 1777
3392 2 2 6 18 1776 1777 1866
3393 2 2 6 18 1778 1776 1819
3394 2 2 6 18 1778 1798 1777
3395 2 2 6 18 1777 1798 1809
3396 2 2 6 18 1866 1777 1809
3397 2 2 6 18 1778 1819 1827
3398 2 2 6 18 1779 1781 1780
3399 2 2 6 18 1779 1780 1796
3400 2 2 6 18 1817 1837 1779
3401 2 2 6 18 1783 1780 1781
3402 2 2 6 18 1780 1783 1782
3403 2 2 6 18 1811 1780 1782
3404 2 2 6 18 1780 1812 1796
3405 2 2 6 18 1780 1811 1812
3406 2 2 6 18 1783 1781 1840
3407 2 2 6 18 1783 1808 1782
3408 2 2 6 18 1876 1811 1782
3409 2 2 6 18 1808 1783 1840
3410 2 2 6 18 1863 1784 1785
3411 2 2 6 18 1855 1784 1863
3412 2 2 6 18 1863 1785 1864
3413 2 2 6 18 1864 1785 1865
3414 2 2 6 18 1785 1877 1865
3415 2 2 6 18 1786 1788 1787
3416 2 2 6 18 1787 1873 1786
3417 2 2 6 18 1858 1788 1786
3418 2 2 6 18 1786 1873 1850
3419 2 2 6 18 1787 1788 1789
3420 2 2 6 18 1789 1814 1787
3421 2 2 6 18 1787 1834 1873
3422 2 2 6 18 1788 1839 1789
3423 2 2 6 18 1838 1839 1788
3424 2 2 6 18 1788 1858 1838
3425 2 2 6 18 1789 1815 1814
3426 2 2 6 18 1815 1789 1839
3427 2 2 6 18 1790 1835 1820
3428 2 2 6 18 1790 1861 1835
3429 2 2 6 18 1861 1790 1856
3430 2 2 6 18 1791 1793 1792
3431 2 2 6 18 1792 1854 1791
3432 2 2 6 18 1792 1793 1794
3433 2 2 6 18 1875 1792 1794
3434 2 2 6 18 1809 1854 1792
3435 2 2 6 18 1809 1792 1857
3436 2 2 6 18 1792 1875 1857
3437 2 2 6 18 1793 1861 1794
3438 2 2 6 18 1793 1835 1861
3439 2 2 6 18 1861 1862 1794
3440 2 2 6 18 1862 1875 1794
3441 2 2 6 18 1795 1828 1804
3442 2 2 6 18 1797 1882 1883
3443 2 2 6 18 1798 1854 1809
3444 2 2 6 18 1867 1800 1799
3445 2 2 6 18 1867 1799 1822
3446 2 2 6 18 1802 1803 1800
3447 2 2 6 18 1800 1867 1802
3448 2 2 6 18 1800 1803 1807
3449 2 2 6 18 1805 1848 1801
3450 2 2 6 18 1803 1843 1807
3451 2 2 6 18 1843 1803 1844
3452 2 2 6 18 1825 1804 1824
3453 2 2 6 18 1828 1824 1804
3454 2 2 6 18 1804 1825 1859
3455 2 2 6 18 1838 1805 1847
3456 2 2 6 18 1805 1838 1848
3457 2 2 6 18 1805 1874 1847
3458 2 2 6 18 1830 1806 1832
3459 2 2 6 18 1846 1806 1830
3460 2 2 6 18 1845 1806 1846
3461 2 2 6 18 1880 1807 1843
3462 2 2 6 18 1807 1880 1874
3463 2 2 6 18 1866 1809 1857
3464 2 2 6 18 1818 1810 1829
3465 2 2 6 18 1811 1852 1812
3466 2 2 6 18 1852 1811 1876
3467 2 2 6 18 1853 1813 1812
3468 2 2 6 18 1852 1853 1812
3469 2 2 6 18 1813 1836 1826
3470 2 2 6 18 1836 1813 1853
3471 2 2 6 18 1839 1887 1815
3472 2 2 6 18 1818 1829 1819
3473 2 2 6 18 1829 1827 1819
3474 2 2 6 18 1824 1826 1825
3475 2 2 6 18 1825 1826 1836
3476 2 2 6 18 1825 1836 1859
3477 2 2 6 18 1830 1832 1831
3478 2 2 6 18 1830 1831 1851
3479 2 2 6 18 1830 1851 1846
3480 2 2 6 18 1831 1832 1833
3481 2 2 6 18 1832 1844 1833
3482 2 2 6 18 1834 1849 1873
3483 2 2 6 18 1853 1870 1836
3484 2 2 6 18 1836 1870 1859
3485 2 2 6 18 1847 1839 1838
3486 2 2 6 18 1848 1838 1868
3487 2 2 6 18 1838 1858 1868
3488 2 2 6 18 1884 1839 1847
3489 2 2 6 18 1887 1839 1884
3490 2 2 6 18 1879 1880 1843
3491 2 2 6 18 1853 1845 1870
3492 2 2 6 18 1874 1884 1847
3493 2 2 6 18 1849 1850 1873
3494 2 2 6 18 1862 1856 1855
3495 2 2 6 18 1855 1885 1862
3496 2 2 6 18 1863 1885 1855
3497 2 2 6 18 1861 1856 1862
3498 2 2 6 18 1866 1857 1871
3499 2 2 6 18 1872 1871 1857
3500 2 2 6 18 1875 1872 1857
3501 2 2 6 18 1866 1871 1860
3502 2 2 6 18 1862 1885 1875
3503 2 2 6 18 1864 1872 1863
3504 2 2 6 18 1872 1885 1863
3505 2 2 6 18 1871 1872 1864
3506 2 2 6 18 1872 1875 1885
3507 2 2 6 18 1880 1884 1874
3508 2 2 6 18 1882 1876 1883
3509 4 2 1 1 514 815 510 2011
3510 4 2 1 1 625 513 492 2043
3511 4 2 1 1 1966 2113 2096 2090
3512 4 2 1 1 405 2095 2154 2197
3513 4 2 1 1 572 365 2143 2117
3514 4 2 1 1 2129 1953 2072 2180
3515 4 2 1 1 2113 1979 2033 2077
3516 4 2 1 1 1969 845 2188 2214
3517 4 2 1 1 1966 2096 2113 2033
3518 4 2 1 1 1950 2061 2153 1975
3519 4 2 1 1 2010 2138 2020 1891
3520 4 2 1 1 597 2118 357 2117
3521 4 2 1 1 2132 2145 2015 2203
3522 4 2 1 1 2156 2092 2081 2096
3523 4 2 1 1 2029 1890 1999 2142
3524 4 2 1 1 2109 2168 1967 1897
3525 4 2 1 1 847 1969 2181 2214
3526 4 2 1 1 2061 2028 2153 1975
3527 4 2 1 1 2096 2033 1966 1947
3528 4 2 1 1 746 2094 2160 2066
3529 4 2 1 1 1950 2028 2061 1975
3530 4 2 1 1 2072 2180 1953 1892
3531 4 2 1 1 597 357 2118 1918
3532 4 2 1 1 2115 2198 2180 2209
3533 4 2 1 1 2115 2158 2198 2209
3534 4 2 1 1 274 2138 1983 2110
3535 4 2 1 1 2064 2003 1950 2173
3536 4 2 1 1 1978 2179 2007 2170
3537 4 2 1 1 1966 1989 2049 2186
3538 4 2 1 1 1982 2037 678 2207
3539 4 2 1 1 589 2028 2061 2210
3540 4 2 1 1 1953 2180 2000 1892
3541 4 2 1 1 2054 2131 2115 2180
3542 4 2 1 1 1969 2188 847 2094
3543 4 2 1 1 2083 2175 1990 1925
3544 4 2 1 1 456 2149 522 2057
3545 4 2 1 1 843 833 834 1955
3546 4 2 1 1 1988 2015 800 2047
3547 4 2 1 1 678 2037 1982 2185
3548 4 2 1 1 2156 2124 1896 2111
3549 4 2 1 1 2132 2114 2145 2166
3550 4 2 1 1 2129 1970 2133 2180
3551 4 2 1 1 1955 2106 2144 1894
3552 4 2 1 1 2156 1896 2081 2111
3553 4 2 1 1 792 2038 2065 2217
3554 4 2 1 1 2153 1948 2037 1928
3555 4 2 1 1 2156 2081 2092 2111
3556 4 2 1 1 2129 2180 2133 2198
3557 4 2 1 1 2133 2180 1970 2198
3558 4 2 1 1 2156 2096 2113 2090
3559 4 2 1 1 2145 2114 2134 1984
3560 4 2 1 1 2096 1966 2090 2206
3561 4 2 1 1 349 2000 2117 2200
3562 4 2 1 1 589 590 1976 2215
3563 4 2 1 1 741 299 1972 2007
3564 4 2 1 1 511 1955 843 2204
3565 4 2 1 1 274 1983 2120 2110
3566 4 2 1 1 1955 2152 2116 2220
3567 4 2 1 1 664 2219 1973 2104
3568 4 2 1 1 847 1969 845 2188
3569 4 2 1 1 2145 2166 463 1913
3570 4 2 1 1 847 2181 1969 2094
3571 4 2 1 1 2137 2080 2031 2039
3572 4 2 1 1 2156 1961 1996 1896
3573 4 2 1 1 2156 1996 2081 1896
3574 4 2 1 1 2132 2145 2114 2196
3575 4 2 1 1 2134 2114 2145 2196
3576 4 2 1 1 2124 2073 2156 2131
3577 4 2 1 1 847 845 1969 2214
3578 4 2 1 1 596 2118 597 2117
3579 4 2 1 1 678 1982 2184 2185
3580 4 2 1 1 1977 2111 2035 1995
3581 4 2 1 1 1989 2049 2106 1894
3582 4 2 1 1 2081 2096 2092 1977
3583 4 2 1 1 1951 2072 2074 2004
3584 4 2 1 1 2106 2049 1989 2186
3585 4 2 1 1 2134 2151 2220 1901
3586 4 2 1 1 2141 2131 2115 2016
3587 4 2 1 1 2061 2028 1950 2210
3588 4 2 1 1 2074 2072 1951 2056
3589 4 2 1 1 834 1955 833 2199
3590 4 2 1 1 678 2184 1982 2202
3591 4 2 1 1 2115 2131 2141 2180
3592 4 2 1 1 589 1976 2210 2215
3593 4 2 1 1 2083 2175 1974 1990
3594 4 2 1 1 293 1990 2175 1925
3595 4 2 1 1 596 597 2118 1918
3596 4 2 1 1 2029 2155 1999 2078
3597 4 2 1 1 2168 2179 2109 2170
3598 4 2 1 1 2106 2049 2144 1894
3599 4 2 1 1 2145 2132 2166 2203
3600 4 2 1 1 640 2028 717 2029
3601 4 2 1 1 1989 303 2041 2095
3602 4 2 1 1 2087 2073 2031 1936
3603 4 2 1 1 589 2210 2061 2215
3604 4 2 1 1 300 1972 299 2007
3605 4 2 1 1 2074 2052 2072 2056
3606 4 2 1 1 464 2166 2149 1913
3607 4 2 1 1 2054 1970 2198 2002
3608 4 2 1 1 2133 2198 1970 2002
3609 4 2 1 1 2124 2156 2176 2111
3610 4 2 1 1 2045 2032 2066 1956
3611 4 2 1 1 2153 2213 1948 1928
3612 4 2 1 1 615 512 2081 2111
3613 4 2 1 1 2106 1968 2049 2186
3614 4 2 1 1 853 2051 352 1949
3615 4 2 1 1 834 843 1955 2204
3616 4 2 1 1 2156 2124 1961 1896
3617 4 2 1 1 2073 2087 2031 2208
3618 4 2 1 1 2153 2037 1948 1975
3619 4 2 1 1 1989 303 2095 2082
3620 4 2 1 1 2145 2132 2015 1923
3621 4 2 1 1 622 2081 516 2048
3622 4 2 1 1 2144 2106 1955 2220
3623 4 2 1 1 322 2000 349 1892
3624 4 2 1 1 2145 2196 2132 1923
3625 4 2 1 1 2081 1896 582 2147
3626 4 2 1 1 2092 2176 2156 2111
3627 4 2 1 1 2137 2031 2073 2039
3628 4 2 1 1 2141 2131 1961 1974
3629 4 2 1 1 478 522 456 2149
3630 4 2 1 1 2160 2032 2157 2003
3631 4 2 1 1 863 2065 779 2015
3632 4 2 1 1 2134 2220 2152 1901
3633 4 2 1 1 2083 1905 2118 1919
3634 4 2 1 1 2054 1970 2180 2198
3635 4 2 1 1 2141 1961 2083 1974
3636 4 2 1 1 2154 2095 303 2082
3637 4 2 1 1 2123 2003 2064 2173
3638 4 2 1 1 562 2178 2083 1905
3639 4 2 1 1 2033 1979 280 2077
3640 4 2 1 1 512 1977 2081 2111
3641 4 2 1 1 2134 2220 2151 2093
3642 4 2 1 1 2153 2061 1950 2024
3643 4 2 1 1 2054 2115 2131 2016
3644 4 2 1 1 2149 2015 2145 2203
3645 4 2 1 1 463 2166 464 1913
3646 4 2 1 1 678 1982 2207 2202
3647 4 2 1 1 2018 1906 484 1985
3648 4 2 1 1 2124 2156 2073 2176
3649 4 2 1 1 2129 2133 1970 2056
3650 4 2 1 1 2100 2049 2106 1968
3651 4 2 1 1 349 2000 350 2117
3652 4 2 1 1 1997 2063 1900 1940
3653 4 2 1 1 289 2072 2026 2044
3654 4 2 1 1 2049 1968 1966 2186
3655 4 2 1 1 2087 2031 2039 1936
3656 4 2 1 1 1967 2168 2109 2170
3657 4 2 1 1 2137 2080 2039 2076
3658 4 2 1 1 2083 2191 338 1990
3659 4 2 1 1 338 2191 2083 1919
3660 4 2 1 1 1960 2195 2191 1990
3661 4 2 1 1 2134 2152 2220 2093
3662 4 2 1 1 2144 2021 1955 1894
3663 4 2 1 1 2061 2028 647 2102
3664 4 2 1 1 2073 2039 2031 1936
3665 4 2 1 1 2156 2096 2090 2206
3666 4 2 1 1 2060 2044 2067 2192
3667 4 2 1 1 615 2111 2081 2147
3668 4 2 1 1 1966 1989 2041 2049
3669 4 2 1 1 2156 2096 2081 1996
3670 4 2 1 1 2151 2085 2137 2193
3671 4 2 1 1 680 2032 2160 2003
3672 4 2 1 1 853 305 2051 1927
3673 4 2 1 1 413 1906 2018 1985
3674 4 2 1 1 814 2042 2216 1931
3675 4 2 1 1 1948 2160 697 2207
3676 4 2 1 1 697 2160 1948 2003
3677 4 2 1 1 2153 2037 1889 1928
3678 4 2 1 1 1950 2064 693 2003
3679 4 2 1 1 322 1899 2000 1892
3680 4 2 1 1 2054 1970 2131 2180
3681 4 2 1 1 2116 2152 1955 2199
3682 4 2 1 1 598 1999 2155 2142
3683 4 2 1 1 589 1976 590 2058
3684 4 2 1 1 339 2191 2195 1990
3685 4 2 1 1 2031 2039 2080 2150
3686 4 2 1 1 1955 2220 2116 2068
3687 4 2 1 1 2067 2044 1970 2192
3688 4 2 1 1 269 2020 2138 1891
3689 4 2 1 1 564 1958 1890 1907
3690 4 2 1 1 2032 2123 2157 2003
3691 4 2 1 1 2007 2179 308 2170
3692 4 2 1 1 741 299 742 1972
3693 4 2 1 1 2132 2015 1988 2203
3694 4 2 1 1 1959 2181 2182 2214
3695 4 2 1 1 2151 2137 2076 2193
3696 4 2 1 1 2045 2182 1959 2181
3697 4 2 1 1 611 1890 2107 1907
3698 4 2 1 1 1999 1889 1890 1929
3699 4 2 1 1 814 2216 2013 1931
3700 4 2 1 1 2028 1975 1950 2210
3701 4 2 1 1 615 2081 582 2147
3702 4 2 1 1 289 2072 2044 1930
3703 4 2 1 1 2060 1970 2044 2192
3704 4 2 1 1 2157 2160 1948 1962
3705 4 2 1 1 1955 2079 2106 1894
3706 4 2 1 1 2153 1890 1889 1929
3707 4 2 1 1 1989 2041 303 1944
3708 4 2 1 1 2139 2030 1988 2203
3709 4 2 1 1 522 2057 2149 2163
3710 4 2 1 1 2087 2114 2025 2039
3711 4 2 1 1 2156 1961 2124 2131
3712 4 2 1 1 557 572 2143 2117
3713 4 2 1 1 589 2210 1976 2058
3714 4 2 1 1 2000 2143 350 2117
3715 4 2 1 1 2144 1955 2021 2068
3716 4 2 1 1 279 1979 2033 2027
3717 4 2 1 1 2109 2168 662 2179
3718 4 2 1 1 2141 2131 1974 1942
3719 4 2 1 1 466 2162 2096 1947
3720 4 2 1 1 2152 1992 533 2199
3721 4 2 1 1 697 1948 2207 2040
3722 4 2 1 1 742 1972 299 2071
3723 4 2 1 1 2092 2073 2156 2176
3724 4 2 1 1 693 2064 1950 1912
3725 4 2 1 1 325 1978 1953 2001
3726 4 2 1 1 838 256 815 2011
3727 4 2 1 1 1988 2015 2132 1923
3728 4 2 1 1 1962 2076 2137 2193
3729 4 2 1 1 1958 1907 2087 1938
3730 4 2 1 1 2083 1960 1990 1996
3731 4 2 1 1 589 647 2061 2028
3732 4 2 1 1 779 2065 780 2015
3733 4 2 1 1 2153 1950 2213 2024
3734 4 2 1 1 380 621 2043 2191
3735 4 2 1 1 339 2191 2043 2195
3736 4 2 1 1 2016 2194 2141 1905
3737 4 2 1 1 2072 2074 2004 2052
3738 4 2 1 1 600 1973 872 2091
3739 4 2 1 1 2156 2131 2067 1974
3740 4 2 1 1 680 2123 2032 2003
3741 4 2 1 1 2124 2054 2131 2016
3742 4 2 1 1 800 2184 1988 1934
3743 4 2 1 1 348 2121 702 2071
3744 4 2 1 1 1999 1890 2029 1929
3745 4 2 1 1 2153 1950 1975 2213
3746 4 2 1 1 2083 1990 1974 1996
3747 4 2 1 1 792 824 2038 2217
3748 4 2 1 1 303 2154 405 2095
3749 4 2 1 1 467 1968 1977 2034
3750 4 2 1 1 2085 1962 2137 2193
3751 4 2 1 1 1988 2203 2030 2165
3752 4 2 1 1 2064 2123 693 2003
3753 4 2 1 1 776 2149 456 2057
3754 4 2 1 1 2025 1909 2014 1939
3755 4 2 1 1 847 748 2181 2094
3756 4 2 1 1 2073 2131 2124 2208
3757 4 2 1 1 1975 2213 1950 1924
3758 4 2 1 1 325 1953 1978 2170
3759 4 2 1 1 2106 2186 474 2023
3760 4 2 1 1 2113 2033 2096 2162
3761 4 2 1 1 815 514 510 496
3762 4 2 1 1 2067 1974 2131 1942
3763 4 2 1 1 1967 2143 2000 2158
3764 4 2 1 1 2114 2087 2172 1981
3765 4 2 1 1 1989 1966 2018 2186
3766 4 2 1 1 2030 2203 1957 1998
3767 4 2 1 1 2087 2039 2025 1936
3768 4 2 1 1 349 322 350 2000
3769 4 2 1 1 2083 2178 1960 1996
3770 4 2 1 1 2158 2119 1967 2122
3771 4 2 1 1 2114 2014 2025 1909
3772 4 2 1 1 1989 2018 1966 2027
3773 4 2 1 1 275 2120 1983 2216
3774 4 2 1 1 2114 1981 2172 2014
3775 4 2 1 1 555 2158 1976 2215
3776 4 2 1 1 510 815 388 2011
3777 4 2 1 1 2153 1889 2213 1928
3778 4 2 1 1 562 1905 2083 1919
3779 4 2 1 1 2145 2174 778 1904
3780 4 2 1 1 2139 1957 2030 2203
3781 4 2 1 1 370 1953 2072 2001
3782 4 2 1 1 572 579 365 2117
3783 4 2 1 1 2074 1951 2036 2056
3784 4 2 1 1 2144 2220 1955 2068
3785 4 2 1 1 2107 2087 1907 1938
3786 4 2 1 1 866 800 2015 2047
3787 4 2 1 1 2069 2090 2049 2206
3788 4 2 1 1 1967 2000 2143 1899
3789 4 2 1 1 662 2168 2109 1897
3790 4 2 1 1 572 365 342 2143
3791 4 2 1 1 2145 2166 2149 2203
3792 4 2 1 1 457 2057 522 2163
3793 4 2 1 1 611 2107 1890 2142
3794 4 2 1 1 2145 1984 2134 2174
3795 4 2 1 1 2087 2114 2039 2150
3796 4 2 1 1 2087 2039 2031 2150
3797 4 2 1 1 702 2121 348 2059
3798 4 2 1 1 463 2166 2145 1909
3799 4 2 1 1 2156 2073 2092 2206
3800 4 2 1 1 2100 2151 2039 1901
3801 4 2 1 1 275 1983 2013 2216
3802 4 2 1 1 1961 2016 2141 1905
3803 4 2 1 1 2134 2152 2116 1992
3804 4 2 1 1 2039 2196 2080 2150
3805 4 2 1 1 2100 2220 2151 1901
3806 4 2 1 1 2001 2004 2074 2052
3807 4 2 1 1 2083 1990 338 1925
3808 4 2 1 1 1969 2182 2181 2214
3809 4 2 1 1 2087 2099 2159 1907
3810 4 2 1 1 2141 2016 2115 2194
3811 4 2 1 1 634 2194 2016 1905
3812 4 2 1 1 352 853 305 2051
3813 4 2 1 1 2146 2130 2084 2182
3814 4 2 1 1 2152 2220 1955 2177
3815 4 2 1 1 750 739 2028 2210
3816 4 2 1 1 650 665 546 1973
3817 4 2 1 1 2074 1972 2135 2012
3818 4 2 1 1 2054 2124 2131 2208
3819 4 2 1 1 2030 1954 653 2155
3820 4 2 1 1 832 838 815 2011
3821 4 2 1 1 741 1972 742 2071
3822 4 2 1 1 2109 2209 2064 2075
3823 4 2 1 1 2084 2130 1969 2182
3824 4 2 1 1 2157 1962 1948 1924
3825 4 2 1 1 2146 2182 2084 2125
3826 4 2 1 1 2141 2180 2000 2194
3827 4 2 1 1 2092 1977 1968 2034
3828 4 2 1 1 365 342 2143 2117
3829 4 2 1 1 467 1968 2096 1977
3830 4 2 1 1 388 815 256 2011
3831 4 2 1 1 322 350 2000 1899
3832 4 2 1 1 792 784 2065 2038
3833 4 2 1 1 2137 2073 2031 2002
3834 4 2 1 1 465 2096 1968 1947
3835 4 2 1 1 678 714 2184 2202
3836 4 2 1 1 2149 2166 464 2163
3837 4 2 1 1 2072 2004 2001 2052
3838 4 2 1 1 2153 2037 1975 1929
3839 4 2 1 1 350 2143 2000 1899
3840 4 2 1 1 2025 2114 1909 1939
3841 4 2 1 1 565 2099 1958 1907
3842 4 2 1 1 1973 1954 664 2104
3843 4 2 1 1 325 309 1978 2001
3844 4 2 1 1 2134 2116 2152 2093
3845 4 2 1 1 875 600 872 2091
3846 4 2 1 1 2074 2036 2052 2056
3847 4 2 1 1 578 2115 634 2194
3848 4 2 1 1 370 321 1953 2001
3849 4 2 1 1 555 1976 590 2215
3850 4 2 1 1 325 1978 309 2170
3851 4 2 1 1 2134 2039 2151 1901
3852 4 2 1 1 2064 2209 2109 2052
3853 4 2 1 1 2074 2001 1994 2012
3854 4 2 1 1 349 2000 2200 1892
3855 4 2 1 1 1970 2212 2192 1915
3856 4 2 1 1 362 1974 2175 1990
3857 4 2 1 1 2115 2016 634 2194
3858 4 2 1 1 381 2043 339 2191
3859 4 2 1 1 651 664 1954 2104
3860 4 2 1 1 615 481 512 2111
3861 4 2 1 1 2049 2069 2060 2090
3862 4 2 1 1 2083 1961 2141 1905
3863 4 2 1 1 1960 2178 2083 2191
3864 4 2 1 1 1961 2131 2156 1974
3865 4 2 1 1 833 1955 504 2199
3866 4 2 1 1 2039 2076 2080 2196
3867 4 2 1 1 1988 2203 2015 2047
3868 4 2 1 1 1955 1894 2021 1945
3869 4 2 1 1 1967 2158 2000 2209
3870 4 2 1 1 2054 2198 2133 2002
3871 4 2 1 1 471 2199 1955 2177
3872 4 2 1 1 1966 1968 2049 2206
3873 4 2 1 1 362 2175 1974 1893
3874 4 2 1 1 2115 2215 576 2218
3875 4 2 1 1 678 2207 2037 2040
3876 4 2 1 1 1983 2138 1959 2110
3877 4 2 1 1 2115 2158 577 2215
3878 4 2 1 1 1989 1966 2041 2027
3879 4 2 1 1 586 2118 1905 1919
3880 4 2 1 1 2087 2099 2035 2159
3881 4 2 1 1 838 354 256 2011
3882 4 2 1 1 426 1979 2113 2077
3883 4 2 1 1 516 622 615 2081
3884 4 2 1 1 2087 2159 1997 1907
3885 4 2 1 1 2013 1910 1983 2205
3886 4 2 1 1 1974 1990 362 1893
3887 4 2 1 1 2129 1970 2180 2056
3888 4 2 1 1 2124 1895 2016 1896
3889 4 2 1 1 2137 1962 2085 1921
3890 4 2 1 1 543 2043 621 2191
3891 4 2 1 1 725 2219 664 2104
3892 4 2 1 1 1976 2158 555 2119
3893 4 2 1 1 603 1999 2029 2155
3894 4 2 1 1 1983 1959 2120 2110
3895 4 2 1 1 2137 2085 2151 2069
3896 4 2 1 1 650 664 665 1973
3897 4 2 1 1 2146 2085 1963 2201
3898 4 2 1 1 510 2011 420 1908
3899 4 2 1 1 2181 2094 748 2066
3900 4 2 1 1 1950 2133 2024 2075
3901 4 2 1 1 1983 1910 1914 2205
3902 4 2 1 1 518 2145 463 1913
3903 4 2 1 1 478 456 776 2149
3904 4 2 1 1 620 625 608 2043
3905 4 2 1 1 834 2204 1955 1945
3906 4 2 1 1 504 843 511 1955
3907 4 2 1 1 665 664 730 1973
3908 4 2 1 1 1972 2074 1994 2012
3909 4 2 1 1 465 2096 467 1968
3910 4 2 1 1 1969 2160 2094 2066
3911 4 2 1 1 2069 2212 2085 1915
3912 4 2 1 1 309 2007 1978 2001
3913 4 2 1 1 275 2013 1983 2205
3914 4 2 1 1 2060 2044 1970 1915
3915 4 2 1 1 618 367 351 2164
3916 4 2 1 1 2153 2029 1890 1929
3917 4 2 1 1 2180 2198 2129 2209
3918 4 2 1 1 2064 2209 2129 2075
3919 4 2 1 1 2135 1972 2074 2140
3920 4 2 1 1 730 1973 664 2219
3921 4 2 1 1 2213 2002 2031 2024
3922 4 2 1 1 2141 1961 2131 2016
3923 4 2 1 1 1950 2024 2061 2075
3924 4 2 1 1 492 506 390 2043
3925 4 2 1 1 538 2119 2158 2122
3926 4 2 1 1 2000 2200 2141 2194
3927 4 2 1 1 1969 2182 2045 2181
3928 4 2 1 1 2092 2081 1977 2111
3929 4 2 1 1 279 280 2033 1979
3930 4 2 1 1 293 338 1990 1925
3931 4 2 1 1 2069 2212 2192 2002
3932 4 2 1 1 2114 2087 2025 2172
3933 4 2 1 1 2203 1998 2030 2165
3934 4 2 1 1 1948 1962 2160 1987
3935 4 2 1 1 796 2042 2084 2214
3936 4 2 1 1 272 2095 405 2197
3937 4 2 1 1 1948 2160 2157 2003
3938 4 2 1 1 2033 2027 2018 1985
3939 4 2 1 1 2137 2031 2213 2002
3940 4 2 1 1 1955 2199 2152 2177
3941 4 2 1 1 2085 1962 2193 1921
3942 4 2 1 1 802 800 1988 2015
3943 4 2 1 1 1963 2085 2146 2112
3944 4 2 1 1 380 620 390 2043
3945 4 2 1 1 843 504 833 1955
3946 4 2 1 1 608 625 492 2043
3947 4 2 1 1 586 1918 2118 1919
3948 4 2 1 1 1983 1910 1980 1914
3949 4 2 1 1 2028 2029 612 2102
3950 4 2 1 1 2054 2180 2115 2198
3951 4 2 1 1 2069 2192 2090 2206
3952 4 2 1 1 2054 2131 2073 2208
3953 4 2 1 1 1989 2095 2154 2082
3954 4 2 1 1 2157 2009 2032 2130
3955 4 2 1 1 2141 1974 2083 2175
3956 4 2 1 1 370 368 321 2001
3957 4 2 1 1 2096 1968 1966 2206
3958 4 2 1 1 2032 2009 2157 2140
3959 4 2 1 1 1965 2022 2139 1957
3960 4 2 1 1 2154 2021 1971 2088
3961 4 2 1 1 2081 2111 1896 2147
3962 4 2 1 1 274 346 1983 2138
3963 4 2 1 1 693 1950 2003 1943
3964 4 2 1 1 780 2015 2065 2174
3965 4 2 1 1 2096 1968 2092 1977
3966 4 2 1 1 2160 1962 2157 2130
3967 4 2 1 1 2065 2008 863 2148
3968 4 2 1 1 2015 2203 2149 2047
3969 4 2 1 1 518 2145 1904 1909
3970 4 2 1 1 718 2155 2029 2078
3971 4 2 1 1 274 1983 275 2120
3972 4 2 1 1 650 1973 547 1954
3973 4 2 1 1 2100 1968 2106 2023
3974 4 2 1 1 2115 2198 2158 2215
3975 4 2 1 1 2183 1911 805 1920
3976 4 2 1 1 2116 2220 2152 2093
3977 4 2 1 1 2149 2166 2145 1913
3978 4 2 1 1 279 2027 2033 1985
3979 4 2 1 1 2178 1996 1961 1896
3980 4 2 1 1 2084 2182 1969 2125
3981 4 2 1 1 802 1988 800 2008
3982 4 2 1 1 603 2029 1999 2142
3983 4 2 1 1 2074 2135 2010 2012
3984 4 2 1 1 603 1890 2029 2142
3985 4 2 1 1 492 513 506 2043
3986 4 2 1 1 2097 2038 2193 1898
3987 4 2 1 1 2073 2131 2054 2002
3988 4 2 1 1 2032 2130 2009 2182
3989 4 2 1 1 515 770 2189 2005
3990 4 2 1 1 2124 2131 1961 2016
3991 4 2 1 1 1983 2013 1980 1910
3992 4 2 1 1 356 348 702 2071
3993 4 2 1 1 770 520 2189 2005
3994 4 2 1 1 1967 2209 2000 1899
3995 4 2 1 1 282 303 2041 1944
3996 4 2 1 1 1988 1991 800 1934
3997 4 2 1 1 390 608 492 2043
3998 4 2 1 1 665 730 872 1973
3999 4 2 1 1 2149 2057 777 2047
4000 4 2 1 1 747 748 2094 2066
4001 4 2 1 1 2107 2142 611 1907
4002 4 2 1 1 547 650 546 1973
4003 4 2 1 1 524 2186 1968 2023
4004 4 2 1 1 564 1890 611 1907
4005 4 2 1 1 1978 2109 2209 2052
4006 4 2 1 1 779 863 780 2065
4007 4 2 1 1 402 2126 2044 2105
4008 4 2 1 1 402 2044 2169 2105
4009 4 2 1 1 2157 2032 2160 2130
4010 4 2 1 1 2160 2032 1969 2130
4011 4 2 1 1 2139 1965 1957 2203
4012 4 2 1 1 2156 2067 2131 2192
4013 4 2 1 1 362 2175 293 1990
4014 4 2 1 1 448 2079 1955 2204
4015 4 2 1 1 2081 1996 2178 1896
4016 4 2 1 1 1988 2030 2139 2104
4017 4 2 1 1 2157 1948 2003 1924
4018 4 2 1 1 778 2145 1904 1913
4019 4 2 1 1 747 2181 748 2066
4020 4 2 1 1 2151 2069 2085 2190
4021 4 2 1 1 1955 2199 834 1911
4022 4 2 1 1 2160 1987 1962 1935
4023 4 2 1 1 481 1977 2035 1995
4024 4 2 1 1 671 2045 2066 1956
4025 4 2 1 1 1978 2007 1994 2001
4026 4 2 1 1 1955 2079 448 2177
4027 4 2 1 1 783 2149 777 2047
4028 4 2 1 1 1970 2192 2060 1915
4029 4 2 1 1 2124 2054 2016 1895
4030 4 2 1 1 2129 2209 2064 2052
4031 4 2 1 1 390 620 608 2043
4032 4 2 1 1 872 1973 730 2219
4033 4 2 1 1 457 2108 2057 2163
4034 4 2 1 1 1951 2074 2010 2004
4035 4 2 1 1 1980 2021 2154 2051
4036 4 2 1 1 2145 1984 2174 1904
4037 4 2 1 1 872 600 546 1973
4038 4 2 1 1 2000 2180 2115 2194
4039 4 2 1 1 1958 2099 2087 1907
4040 4 2 1 1 642 750 2028 2210
4041 4 2 1 1 2043 2191 1960 2195
4042 4 2 1 1 2145 778 2015 1913
4043 4 2 1 1 1978 2064 2109 2052
4044 4 2 1 1 2054 2208 2073 2002
4045 4 2 1 1 2156 2092 2096 2206
4046 4 2 1 1 557 579 572 2117
4047 4 2 1 1 518 463 2145 1909
4048 4 2 1 1 1971 2079 1955 1894
4049 4 2 1 1 693 1912 1950 1943
4050 4 2 1 1 388 256 354 2011
4051 4 2 1 1 2198 2024 2133 2075
4052 4 2 1 1 2060 2090 2069 2192
4053 4 2 1 1 380 621 620 2043
4054 4 2 1 1 2156 2113 2096 1996
4055 4 2 1 1 1964 2193 2038 1898
4056 4 2 1 1 380 2043 381 2191
4057 4 2 1 1 1969 2032 2160 2066
4058 4 2 1 1 1965 2139 2022 2203
4059 4 2 1 1 599 2158 555 2215
4060 4 2 1 1 1958 2087 2208 1938
4061 4 2 1 1 346 1983 2138 2205
4062 4 2 1 1 650 664 1973 1954
4063 4 2 1 1 1989 2154 2095 1894
4064 4 2 1 1 316 1902 468 1985
4065 4 2 1 1 2065 2038 784 2174
4066 4 2 1 1 783 2015 2149 2047
4067 4 2 1 1 2154 2088 1971 2136
4068 4 2 1 1 481 2035 1977 2111
4069 4 2 1 1 2070 2055 772 2089
4070 4 2 1 1 2018 2033 1966 2027
4071 4 2 1 1 1960 2191 2083 1990
4072 4 2 1 1 2100 2049 1968 2206
4073 4 2 1 1 1989 2082 2154 1894
4074 4 2 1 1 792 824 784 2038
4075 4 2 1 1 802 2015 1988 2008
4076 4 2 1 1 800 1991 1988 2047
4077 4 2 1 1 698 2019 2207 2094
4078 4 2 1 1 2154 2051 2088 2136
4079 4 2 1 1 1962 2130 2160 1935
4080 4 2 1 1 370 2072 1953 1892
4081 4 2 1 1 2073 2208 2031 2002
4082 4 2 1 1 2061 2024 2198 2075
4083 4 2 1 1 367 2164 618 1941
4084 4 2 1 1 483 484 1906 1985
4085 4 2 1 1 483 1906 413 1985
4086 4 2 1 1 2141 2000 2180 2200
4087 4 2 1 1 1971 2021 2154 1894
4088 4 2 1 1 2107 2150 2087 1938
4089 4 2 1 1 776 777 2149 2057
4090 4 2 1 1 2134 2065 2038 2017
4091 4 2 1 1 2154 2051 2021 2088
4092 4 2 1 1 697 2207 689 2040
4093 4 2 1 1 577 2158 2115 2050
4094 4 2 1 1 1895 1896 2124 2147
4095 4 2 1 1 589 2061 591 2215
4096 4 2 1 1 2025 2172 453 2014
4097 4 2 1 1 2031 2002 2208 2024
4098 4 2 1 1 1955 2079 1971 2204
4099 4 2 1 1 2134 2038 2076 2017
4100 4 2 1 1 2160 2207 2019 2094
4101 4 2 1 1 2085 2190 2069 1915
4102 4 2 1 1 613 640 717 2029
4103 4 2 1 1 2087 2172 1997 2159
4104 4 2 1 1 2025 2014 453 1939
4105 4 2 1 1 2146 2085 2130 1921
4106 4 2 1 1 712 693 2123 2003
4107 4 2 1 1 1966 2033 2018 1947
4108 4 2 1 1 2018 488 1947 1985
4109 4 2 1 1 575 1997 1900 1940
4110 4 2 1 1 2133 2002 2213 2024
4111 4 2 1 1 621 543 620 2043
4112 4 2 1 1 2146 2201 1963 1914
4113 4 2 1 1 2109 2179 1978 2170
4114 4 2 1 1 2100 2039 2151 2069
4115 4 2 1 1 674 2109 662 2179
4116 4 2 1 1 2134 2145 2174 2196
4117 4 2 1 1 792 2217 2065 2148
4118 4 2 1 1 2033 1979 1966 2027
4119 4 2 1 1 2069 2220 2049 2190
4120 4 2 1 1 2137 2133 1962 1921
4121 4 2 1 1 1965 2203 2022 2163
4122 4 2 1 1 864 803 1911 1920
4123 4 2 1 1 779 780 778 2015
4124 4 2 1 1 738 717 640 2028
4125 4 2 1 1 632 2159 2099 1907
4126 4 2 1 1 2151 2220 2069 2190
4127 4 2 1 1 2146 2171 2201 1914
4128 4 2 1 1 2083 2141 2118 1905
4129 4 2 1 1 621 380 648 2191
4130 4 2 1 1 2146 2085 1921 2112
4131 4 2 1 1 2022 2203 2139 2163
4132 4 2 1 1 2146 2130 2009 1921
4133 4 2 1 1 1964 2038 2193 2093
4134 4 2 1 1 1966 2033 2113 1979
4135 4 2 1 1 604 2029 1890 2102
4136 4 2 1 1 614 1958 2218 2102
4137 4 2 1 1 1955 1971 1894 1945
4138 4 2 1 1 333 338 2083 1919
4139 4 2 1 1 1972 2071 2062 2012
4140 4 2 1 1 2137 2085 2069 2212
4141 4 2 1 1 547 1954 1973 2098
4142 4 2 1 1 289 2026 2072 1892
4143 4 2 1 1 2146 1921 2009 2112
4144 4 2 1 1 711 710 2164 2168
4145 4 2 1 1 2031 2208 2087 1938
4146 4 2 1 1 482 2186 2018 1947
4147 4 2 1 1 2132 2114 2166 1981
4148 4 2 1 1 1948 1975 2037 2040
4149 4 2 1 1 303 405 2154 2082
4150 4 2 1 1 521 1992 1984 1904
4151 4 2 1 1 315 1902 316 1985
4152 4 2 1 1 2076 2193 2038 2093
4153 4 2 1 1 2137 2039 2073 2069
4154 4 2 1 1 2087 2035 2172 2159
4155 4 2 1 1 698 2207 2160 2094
4156 4 2 1 1 2031 1889 2080 2213
4157 4 2 1 1 621 648 543 2191
4158 4 2 1 1 797 796 2084 2214
4159 4 2 1 1 1978 2209 2109 2170
4160 4 2 1 1 590 1976 555 2058
4161 4 2 1 1 581 1896 1895 2147
4162 4 2 1 1 2083 333 1919 1925
4163 4 2 1 1 815 510 388 496
4164 4 2 1 1 2083 2118 2141 1925
4165 4 2 1 1 2114 2172 2025 2014
4166 4 2 1 1 2214 2055 844 2101
4167 4 2 1 1 2096 2162 2033 1947
4168 4 2 1 1 2087 2150 2031 1938
4169 4 2 1 1 464 522 2149 2163
4170 4 2 1 1 2156 1961 1974 1996
4171 4 2 1 1 342 572 2143 1941
4172 4 2 1 1 562 586 1905 1919
4173 4 2 1 1 624 707 727 2164
4174 4 2 1 1 416 348 702 356
4175 4 2 1 1 2018 1947 2033 1985
4176 4 2 1 1 401 390 506 2043
4177 4 2 1 1 2183 2068 2171 1916
4178 4 2 1 1 450 2079 2106 2177
4179 4 2 1 1 803 805 1911 1920
4180 4 2 1 1 385 2043 507 2195
4181 4 2 1 1 776 777 775 2149
4182 4 2 1 1 381 339 2043 2195
4183 4 2 1 1 261 2062 2071 2012
4184 4 2 1 1 512 481 1977 2111
4185 4 2 1 1 829 1992 2116 2199
4186 4 2 1 1 1976 2209 2109 2075
4187 4 2 1 1 1970 2054 2131 2002
4188 4 2 1 1 718 637 2029 2155
4189 4 2 1 1 2084 2188 845 2214
4190 4 2 1 1 803 2183 805 1920
4191 4 2 1 1 847 2188 846 2094
4192 4 2 1 1 2068 1911 2183 1920
4193 4 2 1 1 2129 2072 1953 2052
4194 4 2 1 1 629 1997 2159 1907
4195 4 2 1 1 515 2204 770 2005
4196 4 2 1 1 1967 2109 2209 2170
4197 4 2 1 1 739 642 750 2028
4198 4 2 1 1 2114 1984 2145 1909
4199 4 2 1 1 2137 2039 2151 2076
4200 4 2 1 1 1982 1988 2185 1923
4201 4 2 1 1 516 2081 442 2048
4202 4 2 1 1 2116 1992 829 2127
4203 4 2 1 1 2083 2178 1961 1905
4204 4 2 1 1 2080 2213 1889 1928
4205 4 2 1 1 846 2188 2019 2094
4206 4 2 1 1 2154 2021 1980 1916
4207 4 2 1 1 2074 2009 1951 2010
4208 4 2 1 1 546 665 872 1973
4209 4 2 1 1 598 1999 603 2155
4210 4 2 1 1 796 2042 2214 2103
4211 4 2 1 1 1968 2186 2106 2023
4212 4 2 1 1 576 2115 577 2215
4213 4 2 1 1 2067 1970 2044 1942
4214 4 2 1 1 1959 2138 1983 2125
4215 4 2 1 1 2045 2181 1959 2055
4216 4 2 1 1 845 2084 797 2188
4217 4 2 1 1 642 2028 589 2210
4218 4 2 1 1 2124 2016 1961 1896
4219 4 2 1 1 2153 1975 1948 2213
4220 4 2 1 1 603 1999 598 2142
4221 4 2 1 1 725 2187 2219 2104
4222 4 2 1 1 518 1904 2145 1913
4223 4 2 1 1 2137 2213 2133 2002
4224 4 2 1 1 597 357 365 2117
4225 4 2 1 1 380 390 381 2043
4226 4 2 1 1 1983 2125 2138 1932
4227 4 2 1 1 462 463 464 1913
4228 4 2 1 1 474 2186 524 2023
4229 4 2 1 1 872 869 1973 2219
4230 4 2 1 1 2097 2193 2084 1898
4231 4 2 1 1 647 2218 2061 2102
4232 4 2 1 1 2106 1955 2220 2177
4233 4 2 1 1 2087 1981 2107 1907
4234 4 2 1 1 2070 291 1986 1937
4235 4 2 1 1 2060 2069 2190 1915
4236 4 2 1 1 2132 2203 1988 2165
4237 4 2 1 1 1970 2044 2026 2056
4238 4 2 1 1 599 555 590 2215
4239 4 2 1 1 2151 2085 2201 2190
4240 4 2 1 1 2137 1962 2080 2076
4241 4 2 1 1 2137 2212 2069 2002
4242 4 2 1 1 799 815 514 2011
4243 4 2 1 1 2134 2196 2065 2017
4244 4 2 1 1 2032 1969 2130 2182
4245 4 2 1 1 634 593 2194 1905
4246 4 2 1 1 1988 2139 2203 2047
4247 4 2 1 1 1976 2158 2119 2209
4248 4 2 1 1 2097 2038 2076 2193
4249 4 2 1 1 1997 2172 2087 1981
4250 4 2 1 1 421 385 408 2195
4251 4 2 1 1 653 2030 735 1954
4252 4 2 1 1 2113 2156 2090 1974
4253 4 2 1 1 2026 2044 2072 2056
4254 4 2 1 1 1989 2041 2049 2095
4255 4 2 1 1 2171 2068 2201 1916
4256 4 2 1 1 556 2158 2143 2122
4257 4 2 1 1 2097 2084 2188 1898
4258 4 2 1 1 2137 2031 2080 2213
4259 4 2 1 1 712 2123 680 2003
4260 4 2 1 1 1973 2219 2187 2104
4261 4 2 1 1 309 2007 2001 2012
4262 4 2 1 1 466 2096 2162 2046
4263 4 2 1 1 2096 1966 1968 1947
4264 4 2 1 1 564 1890 1958 2102
4265 4 2 1 1 2137 1962 2133 2213
4266 4 2 1 1 2084 2042 796 2086
4267 4 2 1 1 1988 1991 2030 2104
4268 4 2 1 1 2135 2211 1972 2140
4269 4 2 1 1 510 388 420 2011
4270 4 2 1 1 2087 1997 1981 1907
4271 4 2 1 1 420 2011 312 1908
4272 4 2 1 1 1966 2049 2090 2206
4273 4 2 1 1 466 467 465 2096
4274 4 2 1 1 648 2191 382 1919
4275 4 2 1 1 511 448 1955 2204
4276 4 2 1 1 2070 1986 2110 1937
4277 4 2 1 1 604 612 2029 2102
4278 4 2 1 1 1974 2175 2141 1942
4279 4 2 1 1 1982 2185 2165 1923
4280 4 2 1 1 527 433 1908 1906
4281 4 2 1 1 2129 2209 2198 2075
4282 4 2 1 1 370 1953 321 1892
4283 4 2 1 1 465 466 2096 1947
4284 4 2 1 1 1976 2119 2109 2209
4285 4 2 1 1 2067 2044 2060 2169
4286 4 2 1 1 2109 2064 1912 2075
4287 4 2 1 1 2146 2130 2085 2193
4288 4 2 1 1 547 1973 548 2098
4289 4 2 1 1 750 2210 589 2058
4290 4 2 1 1 547 546 548 1973
4291 4 2 1 1 450 2186 2106 1917
4292 4 2 1 1 450 2106 2079 1917
4293 4 2 1 1 784 2174 2038 2127
4294 4 2 1 1 426 280 1979 2077
4295 4 2 1 1 1951 2009 2074 2036
4296 4 2 1 1 741 2007 1972 1994
4297 4 2 1 1 287 1983 346 2205
4298 4 2 1 1 864 803 805 1911
4299 4 2 1 1 339 338 2191 1990
4300 4 2 1 1 614 569 1958 2102
4301 4 2 1 1 272 2095 2197 1946
4302 4 2 1 1 287 275 1983 2205
4303 4 2 1 1 2220 2068 2151 2093
4304 4 2 1 1 2065 2015 2145 2174
4305 4 2 1 1 2134 2076 2196 2017
4306 4 2 1 1 746 2160 680 2032
4307 4 2 1 1 1948 2207 2037 1928
4308 4 2 1 1 2152 2199 470 2177
4309 4 2 1 1 477 448 2079 2177
4310 4 2 1 1 634 2115 576 2016
4311 4 2 1 1 814 2042 817 2216
4312 4 2 1 1 286 2197 2154 1910
4313 4 2 1 1 358 2117 2118 2200
4314 4 2 1 1 2141 2115 2180 2194
4315 4 2 1 1 814 817 2042 1931
4316 4 2 1 1 678 2184 714 2185
4317 4 2 1 1 2083 2141 2175 1925
4318 4 2 1 1 562 559 2178 1905
4319 4 2 1 1 303 2082 1989 1944
4320 4 2 1 1 860 250 855 2120
4321 4 2 1 1 845 797 2084 2214
4322 4 2 1 1 2124 2208 2054 1895
4323 4 2 1 1 2153 2029 2028 1890
4324 4 2 1 1 869 1952 1973 2219
4325 4 2 1 1 2070 774 2055 2101
4326 4 2 1 1 2084 1969 2214 2125
4327 4 2 1 1 357 2118 358 2117
4328 4 2 1 1 649 653 1954 2155
4329 4 2 1 1 2097 2188 2217 1898
4330 4 2 1 1 399 1908 2053 1906
4331 4 2 1 1 325 309 308 2170
4332 4 2 1 1 1958 2099 565 1895
4333 4 2 1 1 2016 1895 585 1896
4334 4 2 1 1 2010 2138 345 2062
4335 4 2 1 1 2080 1948 2213 1928
4336 4 2 1 1 2116 2068 2220 2093
4337 4 2 1 1 351 710 707 2164
4338 4 2 1 1 688 2179 2007 2128
4339 4 2 1 1 2134 1984 1992 2174
4340 4 2 1 1 1988 2165 2185 1923
4341 4 2 1 1 386 737 759 2168
4342 4 2 1 1 2079 2204 448 2189
4343 4 2 1 1 2026 2180 2000 2200
4344 4 2 1 1 289 2044 2026 1933
4345 4 2 1 1 776 775 478 2149
4346 4 2 1 1 277 2018 2027 1985
4347 4 2 1 1 354 392 388 2011
4348 4 2 1 1 634 2016 584 1905
4349 4 2 1 1 615 512 516 2081
4350 4 2 1 1 2134 2114 2039 1901
4351 4 2 1 1 1999 2037 1889 1929
4352 4 2 1 1 2054 2198 2115 2218
4353 4 2 1 1 1982 1988 2184 2185
4354 4 2 1 1 661 2164 710 2168
4355 4 2 1 1 834 1955 1911 1945
4356 4 2 1 1 2134 2038 2065 2174
4357 4 2 1 1 2020 2138 2010 1932
4358 4 2 1 1 786 777 2057 2047
4359 4 2 1 1 338 333 2083 1925
4360 4 2 1 1 2137 2212 2133 1921
4361 4 2 1 1 2153 1889 2031 2213
4362 4 2 1 1 777 2149 783 1913
4363 4 2 1 1 783 2149 2015 1913
4364 4 2 1 1 1976 2119 555 2058
4365 4 2 1 1 2197 1914 1910 2205
4366 4 2 1 1 315 316 314 1985
4367 4 2 1 1 1971 1955 2204 1945
4368 4 2 1 1 869 1973 1952 2091
4369 4 2 1 1 800 801 2184 1934
4370 4 2 1 1 865 1992 534 1904
4371 4 2 1 1 2041 2095 271 2105
4372 4 2 1 1 2049 2069 2100 2220
4373 4 2 1 1 346 287 274 1983
4374 4 2 1 1 2135 2045 2032 2182
4375 4 2 1 1 2141 2180 2026 2200
4376 4 2 1 1 2138 1922 2110 1937
4377 4 2 1 1 2135 2138 2010 2062
4378 4 2 1 1 306 305 853 1927
4379 4 2 1 1 1966 2049 2041 2090
4380 4 2 1 1 470 2152 533 2199
4381 4 2 1 1 1992 2174 1984 1904
4382 4 2 1 1 2208 2002 2054 2024
4383 4 2 1 1 2131 2192 2067 1942
4384 4 2 1 1 597 365 579 2117
4385 4 2 1 1 2057 2108 2139 2163
4386 4 2 1 1 450 477 2079 2177
4387 4 2 1 1 2121 1956 2045 2089
4388 4 2 1 1 1959 2138 2125 1932
4389 4 2 1 1 2151 2100 2069 2220
4390 4 2 1 1 770 2011 520 2005
4391 4 2 1 1 473 2106 474 2023
4392 4 2 1 1 578 577 2115 2050
4393 4 2 1 1 569 614 1958 2218
4394 4 2 1 1 2037 2153 1889 1929
4395 4 2 1 1 482 2018 488 1947
4396 4 2 1 1 520 515 770 2189
4397 4 2 1 1 533 1992 2152 1984
4398 4 2 1 1 2134 2039 2114 2196
4399 4 2 1 1 2072 2180 2026 2056
4400 4 2 1 1 2026 2180 2072 1892
4401 4 2 1 1 792 2065 863 2148
4402 4 2 1 1 2151 2039 2137 2069
4403 4 2 1 1 872 1973 869 2091
4404 4 2 1 1 565 1958 564 1907
4405 4 2 1 1 2172 2176 2025 1995
4406 4 2 1 1 2143 2158 1967 2122
4407 4 2 1 1 584 2016 1961 1905
4408 4 2 1 1 697 680 2160 2003
4409 4 2 1 1 504 1955 471 2199
4410 4 2 1 1 1948 2213 1975 1924
4411 4 2 1 1 780 778 2174 1904
4412 4 2 1 1 2025 2172 2087 2176
4413 4 2 1 1 625 631 513 2043
4414 4 2 1 1 1972 2211 2074 2140
4415 4 2 1 1 2019 1987 2217 2148
4416 4 2 1 1 2032 2182 2009 2140
4417 4 2 1 1 2087 2176 2073 1936
4418 4 2 1 1 2135 2074 2010 2140
4419 4 2 1 1 603 602 1890 2142
4420 4 2 1 1 457 439 2108 2163
4421 4 2 1 1 762 761 797 1898
4422 4 2 1 1 2065 2174 2145 2196
4423 4 2 1 1 2087 2099 1958 2208
4424 4 2 1 1 319 711 2164 2168
4425 4 2 1 1 2061 2210 1976 2215
4426 4 2 1 1 2107 1900 2142 1907
4427 4 2 1 1 2133 2173 2129 2075
4428 4 2 1 1 2116 1992 2152 2199
4429 4 2 1 1 436 567 2091 2108
4430 4 2 1 1 690 1975 2003 2040
4431 4 2 1 1 2217 2148 1987 2017
4432 4 2 1 1 2178 2191 1960 2167
4433 4 2 1 1 406 2169 2067 1893
4434 4 2 1 1 2087 2208 2073 2176
4435 4 2 1 1 346 2138 2020 2205
4436 4 2 1 1 2070 1986 291 2161
4437 4 2 1 1 360 1949 2051 2136
4438 4 2 1 1 2044 2060 2105 1915
4439 4 2 1 1 2037 2207 1982 1928
4440 4 2 1 1 2113 1974 2090 1893
4441 4 2 1 1 2154 1910 2051 2136
4442 4 2 1 1 417 350 2143 2117
4443 4 2 1 1 2097 2130 2084 2193
4444 4 2 1 1 384 507 385 2043
4445 4 2 1 1 1969 2094 2181 2066
4446 4 2 1 1 767 2051 2088 1931
4447 4 2 1 1 2107 1981 2087 2150
4448 4 2 1 1 2054 2115 2016 2218
4449 4 2 1 1 2151 2220 2144 2068
4450 4 2 1 1 1976 2109 1912 2075
4451 4 2 1 1 2019 2207 2160 1987
4452 4 2 1 1 1958 2218 2061 2024
4453 4 2 1 1 515 2189 2204 2005
4454 4 2 1 1 2028 1975 716 1929
4455 4 2 1 1 600 872 66 875
4456 4 2 1 1 2041 2049 2060 2090
4457 4 2 1 1 2181 2214 1959 2055
4458 4 2 1 1 2021 2068 2183 1916
4459 4 2 1 1 2106 2079 1989 1894
4460 4 2 1 1 386 759 711 2168
4461 4 2 1 1 603 2029 637 2155
4462 4 2 1 1 306 352 853 305
4463 4 2 1 1 352 2051 360 1949
4464 4 2 1 1 428 507 2043 2195
4465 4 2 1 1 717 2028 716 2029
4466 4 2 1 1 289 2044 403 1930
4467 4 2 1 1 2019 1987 2160 1935
4468 4 2 1 1 351 367 618 366
4469 4 2 1 1 2061 2218 1958 2102
4470 4 2 1 1 2092 1968 2096 2206
4471 4 2 1 1 722 1991 2187 2104
4472 4 2 1 1 282 2041 2027 1944
4473 4 2 1 1 1948 1962 2080 2213
4474 4 2 1 1 322 1953 1899 1892
4475 4 2 1 1 1978 1994 2074 2001
4476 4 2 1 1 2214 844 2103 2101
4477 4 2 1 1 549 1954 1957 2155
4478 4 2 1 1 2061 2102 1958 2024
4479 4 2 1 1 2035 2099 644 2159
4480 4 2 1 1 599 577 2158 2215
4481 4 2 1 1 2158 1967 2119 2209
4482 4 2 1 1 1969 2045 2182 2066
4483 4 2 1 1 647 591 2061 2218
4484 4 2 1 1 289 2072 323 1892
4485 4 2 1 1 634 576 635 2016
4486 4 2 1 1 2134 2151 2039 2076
4487 4 2 1 1 734 702 348 2059
4488 4 2 1 1 349 350 417 2117
4489 4 2 1 1 2154 1894 2021 1916
4490 4 2 1 1 2021 1894 2144 1916
4491 4 2 1 1 2153 1890 2028 2102
4492 4 2 1 1 2106 2079 1955 2177
4493 4 2 1 1 469 2163 2166 2063
4494 4 2 1 1 324 707 351 710
4495 4 2 1 1 722 2187 781 2219
4496 4 2 1 1 285 1910 2013 2205
4497 4 2 1 1 576 578 577 2115
4498 4 2 1 1 771 770 2204 2005
4499 4 2 1 1 2065 2217 2038 2017
4500 4 2 1 1 2134 1984 2114 1901
4501 4 2 1 1 274 276 2138 2110
4502 4 2 1 1 598 2155 1957 2142
4503 4 2 1 1 2115 2000 2194 2050
4504 4 2 1 1 2044 2105 2126 1915
4505 4 2 1 1 2152 1992 2134 1984
4506 4 2 1 1 1969 2181 2045 2066
4507 4 2 1 1 591 2215 2061 2218
4508 4 2 1 1 2133 1962 1921 1924
4509 4 2 1 1 2091 2108 567 2098
4510 4 2 1 1 688 687 2179 2128
4511 4 2 1 1 1970 2067 2192 1942
4512 4 2 1 1 2026 2180 1970 2056
4513 4 2 1 1 346 2020 267 2205
4514 4 2 1 1 351 707 605 2164
4515 4 2 1 1 1983 1980 2013 2216
4516 4 2 1 1 392 2011 354 1993
4517 4 2 1 1 1983 2042 1980 2216
4518 4 2 1 1 694 2123 1994 2211
4519 4 2 1 1 731 2019 828 2202
4520 4 2 1 1 759 737 660 2168
4521 4 2 1 1 2142 1900 1998 1926
4522 4 2 1 1 272 2105 2095 1946
4523 4 2 1 1 271 2041 303 2095
4524 4 2 1 1 849 844 2214 2055
4525 4 2 1 1 1978 2001 2074 2052
4526 4 2 1 1 2142 1900 611 1907
4527 4 2 1 1 1982 2165 2185 1928
4528 4 2 1 1 2134 2076 2039 2196
4529 4 2 1 1 2044 2060 2169 2105
4530 4 2 1 1 2106 2144 2049 2220
4531 4 2 1 1 340 2118 357 1918
4532 4 2 1 1 272 303 405 2095
4533 4 2 1 1 2146 2193 2085 2201
4534 4 2 1 1 609 1958 569 2102
4535 4 2 1 1 1978 2007 2179 2128
4536 4 2 1 1 249 855 250 2120
4537 4 2 1 1 2100 2069 2049 2206
4538 4 2 1 1 2160 2130 1969 1935
4539 4 2 1 1 2146 2084 2130 2193
4540 4 2 1 1 774 772 2070 2055
4541 4 2 1 1 2113 1979 426 1893
4542 4 2 1 1 2070 2161 396 2059
4543 4 2 1 1 578 2115 2194 2050
4544 4 2 1 1 1978 2179 2109 2128
4545 4 2 1 1 802 866 800 2015
4546 4 2 1 1 506 401 492 390
4547 4 2 1 1 1957 2142 1998 1926
4548 4 2 1 1 2037 2207 1948 2040
4549 4 2 1 1 659 2161 729 2089
4550 4 2 1 1 2080 1962 1948 1987
4551 4 2 1 1 647 591 589 2061
4552 4 2 1 1 2198 2215 2115 2218
4553 4 2 1 1 772 2055 721 2089
4554 4 2 1 1 2153 2028 2029 1929
4555 4 2 1 1 499 453 2025 2172
4556 4 2 1 1 541 553 2122 1897
4557 4 2 1 1 2067 2090 2156 1974
4558 4 2 1 1 711 661 710 2168
4559 4 2 1 1 2172 1981 1997 2014
4560 4 2 1 1 410 2169 2041 2105
4561 4 2 1 1 1965 1998 1900 1926
4562 4 2 1 1 2074 1994 1978 2052
4563 4 2 1 1 355 2026 2200 1933
4564 4 2 1 1 2133 2036 2129 2173
4565 4 2 1 1 2129 2180 2072 2056
4566 4 2 1 1 827 748 847 2094
4567 4 2 1 1 692 755 2064 2123
4568 4 2 1 1 421 2195 427 1902
4569 4 2 1 1 722 725 2187 2219
4570 4 2 1 1 349 2200 292 1892
4571 4 2 1 1 2115 2158 2000 2050
4572 4 2 1 1 675 2109 1912 2058
4573 4 2 1 1 2080 1889 2031 2150
4574 4 2 1 1 2118 2117 596 2194
4575 4 2 1 1 2022 2139 2108 2163
4576 4 2 1 1 2084 2130 2097 1935
4577 4 2 1 1 557 2117 2143 2050
4578 4 2 1 1 2146 2084 2193 2171
4579 4 2 1 1 569 1958 565 1895
4580 4 2 1 1 1950 2210 1975 1943
4581 4 2 1 1 2144 2201 2151 2068
4582 4 2 1 1 2151 2201 1964 2068
4583 4 2 1 1 2156 2131 2073 2192
4584 4 2 1 1 2113 2090 1966 1979
4585 4 2 1 1 407 527 525 1908
4586 4 2 1 1 478 2149 775 1913
4587 4 2 1 1 674 2109 2179 2128
4588 4 2 1 1 2146 1914 1963 2112
4589 4 2 1 1 2100 2106 2049 2220
4590 4 2 1 1 583 615 582 2147
4591 4 2 1 1 2073 2069 2100 2206
4592 4 2 1 1 1980 2021 2183 1916
4593 4 2 1 1 424 811 2013 1927
4594 4 2 1 1 696 689 2207 2040
4595 4 2 1 1 2141 2180 2131 1942
4596 4 2 1 1 1970 1915 2044 2056
4597 4 2 1 1 633 2022 566 1940
4598 4 2 1 1 1975 2037 2040 1929
4599 4 2 1 1 579 596 597 2117
4600 4 2 1 1 2151 2068 1964 2093
4601 4 2 1 1 688 2007 1994 2128
4602 4 2 1 1 1988 1982 2184 2008
4603 4 2 1 1 526 2063 639 1940
4604 4 2 1 1 370 2001 2072 2004
4605 4 2 1 1 2137 2080 1962 2213
4606 4 2 1 1 2097 2217 2019 1987
4607 4 2 1 1 2109 2119 1967 2209
4608 4 2 1 1 2020 2138 1983 2205
4609 4 2 1 1 417 2143 342 2117
4610 4 2 1 1 2133 2212 1970 2056
4611 4 2 1 1 291 396 2070 2161
4612 4 2 1 1 2032 2182 2045 2066
4613 4 2 1 1 698 2160 746 2094
4614 4 2 1 1 805 2183 2021 1911
4615 4 2 1 1 357 340 331 2118
4616 4 2 1 1 1984 1904 2145 1909
4617 4 2 1 1 2119 2122 553 1897
4618 4 2 1 1 1999 2030 1957 1998
4619 4 2 1 1 276 2110 2120 1986
4620 4 2 1 1 659 657 2161 2089
4621 4 2 1 1 855 2013 822 2216
4622 4 2 1 1 2116 2134 1992 2127
4623 4 2 1 1 544 2191 2178 2167
4624 4 2 1 1 2030 2155 653 2078
4625 4 2 1 1 846 847 845 2188
4626 4 2 1 1 567 628 436 2091
4627 4 2 1 1 1955 2021 2068 1911
4628 4 2 1 1 755 693 2064 2123
4629 4 2 1 1 721 862 2181 2055
4630 4 2 1 1 2014 1909 453 1939
4631 4 2 1 1 2060 2049 2041 2190
4632 4 2 1 1 1961 2016 585 1896
4633 4 2 1 1 498 486 873 1952
4634 4 2 1 1 589 642 647 2028
4635 4 2 1 1 1982 2008 1988 1923
4636 4 2 1 1 2030 1957 2139 1954
4637 4 2 1 1 567 2108 2022 2098
4638 4 2 1 1 692 2123 2064 1994
4639 4 2 1 1 2073 2069 2039 1936
4640 4 2 1 1 2132 1889 2080 2150
4641 4 2 1 1 2035 2176 2172 1995
4642 4 2 1 1 2092 2111 1977 1995
4643 4 2 1 1 346 269 2020 2138
4644 4 2 1 1 521 534 1992 1904
4645 4 2 1 1 401 384 390 2043
4646 4 2 1 1 576 634 578 2115
4647 4 2 1 1 2139 2149 2057 2163
4648 4 2 1 1 1980 2183 2171 1916
4649 4 2 1 1 1959 1983 2120 2103
4650 4 2 1 1 2132 2165 1988 1923
4651 4 2 1 1 2028 1890 2029 2102
4652 4 2 1 1 2114 2087 1981 2150
4653 4 2 1 1 2080 2076 1962 2017
4654 4 2 1 1 1962 2076 2097 2017
4655 4 2 1 1 2033 1947 488 1985
4656 4 2 1 1 436 2022 567 2108
4657 4 2 1 1 481 583 531 2035
4658 4 2 1 1 2060 2041 2105 2190
4659 4 2 1 1 490 457 522 2163
4660 4 2 1 1 2090 1974 2067 1893
4661 4 2 1 1 425 295 355 2200
4662 4 2 1 1 2000 2117 2200 2194
4663 4 2 1 1 600 548 1973 2091
4664 4 2 1 1 694 1994 1972 2211
4665 4 2 1 1 546 600 548 1973
4666 4 2 1 1 406 2169 2044 1933
4667 4 2 1 1 2033 1902 315 1985
4668 4 2 1 1 650 651 664 1954
4669 4 2 1 1 299 300 262 1972
4670 4 2 1 1 690 2003 689 2040
4671 4 2 1 1 622 561 2081 2048
4672 4 2 1 1 772 862 721 2055
4673 4 2 1 1 533 1984 2152 1939
4674 4 2 1 1 2182 2214 1969 2125
4675 4 2 1 1 2138 2110 398 1937
4676 4 2 1 1 351 605 618 2164
4677 4 2 1 1 2217 1987 2097 2017
4678 4 2 1 1 846 2019 828 2094
4679 4 2 1 1 1953 2209 2129 2052
4680 4 2 1 1 285 2013 275 2205
4681 4 2 1 1 1972 1994 2074 2211
4682 4 2 1 1 875 872 869 2091
4683 4 2 1 1 263 2072 289 1930
4684 4 2 1 1 2166 2203 2132 1981
4685 4 2 1 1 876 508 498 1952
4686 4 2 1 1 2097 2076 1962 2193
4687 4 2 1 1 578 634 593 2194
4688 4 2 1 1 509 510 420 1908
4689 4 2 1 1 2135 1972 2062 2012
4690 4 2 1 1 854 853 352 1949
4691 4 2 1 1 2109 1976 1912 2058
4692 4 2 1 1 684 741 742 2071
4693 4 2 1 1 2085 2193 2130 1921
4694 4 2 1 1 325 368 309 2001
4695 4 2 1 1 471 1955 448 2177
4696 4 2 1 1 1964 2193 2084 2171
4697 4 2 1 1 2095 2105 2041 2190
4698 4 2 1 1 552 2142 1957 1926
4699 4 2 1 1 826 800 1991 1934
4700 4 2 1 1 425 2175 295 2200
4701 4 2 1 1 413 2018 391 1985
4702 4 2 1 1 694 741 1972 1994
4703 4 2 1 1 735 1954 2030 2104
4704 4 2 1 1 2031 1889 2153 1938
4705 4 2 1 1 357 331 358 2118
4706 4 2 1 1 678 2207 699 2202
4707 4 2 1 1 2011 2189 520 2005
4708 4 2 1 1 816 815 388 496
4709 4 2 1 1 2021 1894 1971 1945
4710 4 2 1 1 2070 1986 774 2101
4711 4 2 1 1 351 319 710 2164
4712 4 2 1 1 722 1991 781 2187
4713 4 2 1 1 299 1972 262 2071
4714 4 2 1 1 2065 2015 863 2008
4715 4 2 1 1 1965 1957 1998 1926
4716 4 2 1 1 498 873 871 1952
4717 4 2 1 1 343 2143 1903 1941
4718 4 2 1 1 2000 1899 1953 1892
4719 4 2 1 1 433 2053 1908 1906
4720 4 2 1 1 589 591 590 2215
4721 4 2 1 1 472 2152 470 2177
4722 4 2 1 1 2084 2193 1964 1898
4723 4 2 1 1 354 838 353 1949
4724 4 2 1 1 2129 2036 2133 2056
4725 4 2 1 1 2061 2153 2028 2102
4726 4 2 1 1 2100 2220 2152 2023
4727 4 2 1 1 334 2062 398 1937
4728 4 2 1 1 2114 2145 2166 1909
4729 4 2 1 1 2021 2183 805 1931
4730 4 2 1 1 374 409 1910 2136
4731 4 2 1 1 1980 2042 1983 1914
4732 4 2 1 1 1980 2051 2154 1910
4733 4 2 1 1 2021 2051 1980 1931
4734 4 2 1 1 829 2116 864 1911
4735 4 2 1 1 467 1977 479 2034
4736 4 2 1 1 300 262 1972 2007
4737 4 2 1 1 450 474 2106 2186
4738 4 2 1 1 2151 2144 2220 2190
4739 4 2 1 1 871 876 498 1952
4740 4 2 1 1 469 464 2166 2163
4741 4 2 1 1 614 609 569 2102
4742 4 2 1 1 303 378 405 2082
4743 4 2 1 1 767 2088 2021 1931
4744 4 2 1 1 2201 2171 1964 2068
4745 4 2 1 1 2132 2080 1889 1928
4746 4 2 1 1 2156 2090 2067 2192
4747 4 2 1 1 858 847 748 2181
4748 4 2 1 1 546 872 66 600
4749 4 2 1 1 355 295 290 1933
4750 4 2 1 1 2113 2162 1960 2077
4751 4 2 1 1 2135 2010 2138 1932
4752 4 2 1 1 335 2121 348 2071
4753 4 2 1 1 337 339 338 2191
4754 4 2 1 1 2192 2212 1970 2002
4755 4 2 1 1 1953 2209 1978 2170
4756 4 2 1 1 628 2091 567 2098
4757 4 2 1 1 2073 2192 2069 2206
4758 4 2 1 1 472 2023 2152 2177
4759 4 2 1 1 1982 1923 2165 1928
4760 4 2 1 1 2085 2193 2151 2201
4761 4 2 1 1 2087 2172 2035 2176
4762 4 2 1 1 1999 1889 2107 1890
4763 4 2 1 1 675 1912 756 2058
4764 4 2 1 1 593 2118 2194 1905
4765 4 2 1 1 292 2200 2026 1892
4766 4 2 1 1 442 2048 2081 2046
4767 4 2 1 1 1982 2185 2037 1928
4768 4 2 1 1 464 490 522 2163
4769 4 2 1 1 700 678 2037 2040
4770 4 2 1 1 515 771 770 2204
4771 4 2 1 1 1967 2122 2119 1897
4772 4 2 1 1 437 436 628 2091
4773 4 2 1 1 271 2095 272 2105
4774 4 2 1 1 353 838 854 1949
4775 4 2 1 1 389 815 388 816
4776 4 2 1 1 298 2161 255 2059
4777 4 2 1 1 669 2181 2045 2089
4778 4 2 1 1 642 589 750 2210
4779 4 2 1 1 2074 2001 2010 2004
4780 4 2 1 1 2049 2095 2041 2190
4781 4 2 1 1 550 1957 549 1954
4782 4 2 1 1 343 2143 359 1903
4783 4 2 1 1 2083 1919 2118 1925
4784 4 2 1 1 1964 2193 2151 2093
4785 4 2 1 1 2000 2158 2143 2050
4786 4 2 1 1 2018 1989 2186 1917
4787 4 2 1 1 2097 1962 1987 1935
4788 4 2 1 1 2133 2213 1962 1924
4789 4 2 1 1 479 1977 2092 2034
4790 4 2 1 1 575 1997 629 1900
4791 4 2 1 1 521 1992 533 1984
4792 4 2 1 1 2009 2036 2157 2140
4793 4 2 1 1 2030 1954 2139 2104
4794 4 2 1 1 2073 2206 2100 1936
4795 4 2 1 1 312 2011 392 1993
4796 4 2 1 1 1970 2131 2180 1942
4797 4 2 1 1 312 420 388 2011
4798 4 2 1 1 2133 1921 2036 1924
4799 4 2 1 1 2146 1983 1914 1932
4800 4 2 1 1 2100 2069 2073 1936
4801 4 2 1 1 2114 2196 2039 2150
4802 4 2 1 1 262 2071 1972 2012
4803 4 2 1 1 749 307 724 376
4804 4 2 1 1 1978 1994 2007 2128
4805 4 2 1 1 682 694 1972 2211
4806 4 2 1 1 774 2070 772 2161
4807 4 2 1 1 467 2096 485 1977
4808 4 2 1 1 2113 1960 1990 2077
4809 4 2 1 1 2118 1919 1918 1925
4810 4 2 1 1 2067 2175 1974 1942
4811 4 2 1 1 479 2034 2092 1995
4812 4 2 1 1 1955 2068 2116 1911
4813 4 2 1 1 661 711 759 2168
4814 4 2 1 1 2169 1979 2090 1893
4815 4 2 1 1 274 287 275 1983
4816 4 2 1 1 556 2143 2158 2050
4817 4 2 1 1 405 2154 286 2197
4818 4 2 1 1 2183 1964 2171 2068
4819 4 2 1 1 647 614 2218 2102
4820 4 2 1 1 732 2019 698 2094
4821 4 2 1 1 2021 2088 2051 1931
4822 4 2 1 1 453 499 2025 1939
4823 4 2 1 1 797 795 796 2214
4824 4 2 1 1 2023 1901 2034 1939
4825 4 2 1 1 1982 2148 2065 2017
4826 4 2 1 1 1950 2173 2133 2075
4827 4 2 1 1 278 1979 279 2027
4828 4 2 1 1 498 873 63 871
4829 4 2 1 1 1989 2027 2041 1944
4830 4 2 1 1 284 291 1986 2161
4831 4 2 1 1 2132 2107 1889 2150
4832 4 2 1 1 2100 2092 2206 2034
4833 4 2 1 1 1969 2130 2084 1935
4834 4 2 1 1 2067 2090 2060 2192
4835 4 2 1 1 333 336 338 1919
4836 4 2 1 1 1962 1987 2080 2017
4837 4 2 1 1 2152 2100 2023 1901
4838 4 2 1 1 2097 1987 1962 2017
4839 4 2 1 1 1972 2135 2062 1956
4840 4 2 1 1 1948 1987 2207 1928
4841 4 2 1 1 277 2027 279 1985
4842 4 2 1 1 2217 2065 2148 2017
4843 4 2 1 1 2025 2039 2114 1901
4844 4 2 1 1 2100 2152 2220 1901
4845 4 2 1 1 775 2149 777 1913
4846 4 2 1 1 2074 2036 2009 2140
4847 4 2 1 1 2067 2169 2090 1893
4848 4 2 1 1 1969 2182 2032 2066
4849 4 2 1 1 2185 2165 2037 1928
4850 4 2 1 1 516 512 442 2081
4851 4 2 1 1 2028 716 2029 1929
4852 4 2 1 1 849 2214 2181 2055
4853 4 2 1 1 581 585 1895 1896
4854 4 2 1 1 2137 2069 2073 2002
4855 4 2 1 1 696 2207 678 2040
4856 4 2 1 1 634 584 593 1905
4857 4 2 1 1 1983 2216 2120 2103
4858 4 2 1 1 275 383 249 2120
4859 4 2 1 1 2072 2056 2044 1930
4860 4 2 1 1 1966 2018 2186 1947
4861 4 2 1 1 799 2011 770 2005
4862 4 2 1 1 381 2043 385 2195
4863 4 2 1 1 2143 1899 359 1903
4864 4 2 1 1 609 1890 564 2102
4865 4 2 1 1 732 698 2019 2207
4866 4 2 1 1 864 829 789 2116
4867 4 2 1 1 751 2210 750 2058
4868 4 2 1 1 832 1949 2011 2005
4869 4 2 1 1 355 2026 292 2200
4870 4 2 1 1 475 2018 482 2186
4871 4 2 1 1 355 290 2026 1933
4872 4 2 1 1 479 2092 1977 1995
4873 4 2 1 1 559 1961 2178 1905
4874 4 2 1 1 279 278 280 1979
4875 4 2 1 1 629 2159 632 1907
4876 4 2 1 1 2109 2119 662 1897
4877 4 2 1 1 1975 2210 2028 1943
4878 4 2 1 1 585 1961 584 2016
4879 4 2 1 1 855 249 383 2120
4880 4 2 1 1 2157 2074 2173 2140
4881 4 2 1 1 623 589 590 2058
4882 4 2 1 1 390 380 621 620
4883 4 2 1 1 566 2022 438 1940
4884 4 2 1 1 835 2199 2116 1911
4885 4 2 1 1 741 688 2007 1994
4886 4 2 1 1 829 2116 835 2199
4887 4 2 1 1 2020 1914 1983 1932
4888 4 2 1 1 352 305 360 2051
4889 4 2 1 1 2100 2106 2220 2023
4890 4 2 1 1 2116 2093 2134 2127
4891 4 2 1 1 370 265 2001 2004
4892 4 2 1 1 829 835 2116 1911
4893 4 2 1 1 783 866 2015 2047
4894 4 2 1 1 2026 2044 1970 1942
4895 4 2 1 1 2157 2074 2036 2173
4896 4 2 1 1 767 768 2051 1931
4897 4 2 1 1 2132 1981 2203 1998
4898 4 2 1 1 2100 2034 2023 1901
4899 4 2 1 1 2107 1889 1999 1998
4900 4 2 1 1 2132 1889 2107 1998
4901 4 2 1 1 2152 2023 535 1939
4902 4 2 1 1 797 2084 796 2086
4903 4 2 1 1 2025 2034 1901 1939
4904 4 2 1 1 319 324 351 710
4905 4 2 1 1 262 261 2071 2012
4906 4 2 1 1 538 554 2158 2119
4907 4 2 1 1 793 2008 2184 2148
4908 4 2 1 1 296 816 388 496
4909 4 2 1 1 783 777 866 2047
4910 4 2 1 1 319 2168 2164 1903
4911 4 2 1 1 1948 2003 1975 2040
4912 4 2 1 1 1968 2186 524 1947
4913 4 2 1 1 850 828 2019 2202
4914 4 2 1 1 767 2051 768 2088
4915 4 2 1 1 307 2007 686 2179
4916 4 2 1 1 2028 2210 739 1943
4917 4 2 1 1 1955 2021 1911 1945
4918 4 2 1 1 299 262 270 2071
4919 4 2 1 1 455 1952 2057 2108
4920 4 2 1 1 2134 2174 2065 2196
4921 4 2 1 1 636 648 382 1919
4922 4 2 1 1 464 522 478 2149
4923 4 2 1 1 388 389 816 296
4924 4 2 1 1 2151 2193 2076 2093
4925 4 2 1 1 367 379 351 2164
4926 4 2 1 1 722 2187 725 2104
4927 4 2 1 1 828 2019 732 2094
4928 4 2 1 1 725 664 651 2104
4929 4 2 1 1 485 2096 466 2046
4930 4 2 1 1 367 618 366 1941
4931 4 2 1 1 1958 2102 2153 2024
4932 4 2 1 1 417 349 2117 2200
4933 4 2 1 1 796 2214 795 2103
4934 4 2 1 1 262 1972 2007 2012
4935 4 2 1 1 284 1986 839 2161
4936 4 2 1 1 494 1997 639 2063
4937 4 2 1 1 2132 1923 2080 1928
4938 4 2 1 1 2074 2157 2036 2140
4939 4 2 1 1 2065 1982 2008 2148
4940 4 2 1 1 805 2021 807 1911
4941 4 2 1 1 697 696 689 2207
4942 4 2 1 1 2042 2183 1980 1931
4943 4 2 1 1 761 845 797 2188
4944 4 2 1 1 724 307 686 2179
4945 4 2 1 1 835 834 2199 1911
4946 4 2 1 1 538 2158 556 2122
4947 4 2 1 1 2146 2193 2201 2171
4948 4 2 1 1 468 1902 2033 1985
4949 4 2 1 1 763 2019 846 2188
4950 4 2 1 1 467 466 485 2096
4951 4 2 1 1 1999 1957 2030 2155
4952 4 2 1 1 711 710 319 2164
4953 4 2 1 1 2132 2196 2080 1923
4954 4 2 1 1 597 595 357 1918
4955 4 2 1 1 702 2121 683 2071
4956 4 2 1 1 647 2028 612 2102
4957 4 2 1 1 2146 2171 1914 2125
4958 4 2 1 1 1959 2055 2214 2101
4959 4 2 1 1 2100 2092 2034 1936
4960 4 2 1 1 725 713 664 2219
4961 4 2 1 1 2084 2097 2188 1935
4962 4 2 1 1 406 2067 2169 1933
4963 4 2 1 1 805 767 2021 1931
4964 4 2 1 1 567 436 566 2022
4965 4 2 1 1 2070 2161 657 2089
4966 4 2 1 1 563 632 2099 1907
4967 4 2 1 1 633 566 592 1940
4968 4 2 1 1 397 2110 1986 1937
4969 4 2 1 1 255 2161 708 2059
4970 4 2 1 1 365 342 364 572
4971 4 2 1 1 582 2081 561 1896
4972 4 2 1 1 2113 1960 2162 1996
4973 4 2 1 1 480 512 481 1977
4974 4 2 1 1 2054 2218 1958 2024
4975 4 2 1 1 824 2038 2217 1898
4976 4 2 1 1 2145 2015 2149 1913
4977 4 2 1 1 2092 2100 2206 1936
4978 4 2 1 1 811 822 855 2013
4979 4 2 1 1 2139 1973 1954 2098
4980 4 2 1 1 1999 2030 1998 2165
4981 4 2 1 1 402 2169 410 2105
4982 4 2 1 1 1958 2054 2208 1895
4983 4 2 1 1 648 380 382 2191
4984 4 2 1 1 2123 2173 2074 2140
4985 4 2 1 1 2139 1954 1973 2104
4986 4 2 1 1 1965 2203 1981 1998
4987 4 2 1 1 2139 1954 1957 2098
4988 4 2 1 1 753 2210 751 2058
4989 4 2 1 1 448 504 511 1955
4990 4 2 1 1 401 506 384 2043
4991 4 2 1 1 2156 2192 2073 2206
4992 4 2 1 1 1967 2119 2109 1897
4993 4 2 1 1 745 746 680 2032
4994 4 2 1 1 641 531 583 2035
4995 4 2 1 1 2134 2152 1984 1901
4996 4 2 1 1 2053 2079 449 2189
4997 4 2 1 1 327 1979 2169 1893
4998 4 2 1 1 1958 2218 2054 1895
4999 4 2 1 1 789 2116 829 2127
5000 4 2 1 1 322 1953 330 1899
5001 4 2 1 1 2135 2062 2010 2012
5002 4 2 1 1 596 2117 558 2194
5003 4 2 1 1 385 507 408 2195
5004 4 2 1 1 2020 2112 2010 1891
5005 4 2 1 1 1978 2109 2064 2128
5006 4 2 1 1 250 251 2120 1986
5007 4 2 1 1 649 653 735 1954
5008 4 2 1 1 2067 2060 2090 2169
5009 4 2 1 1 383 811 855 2013
5010 4 2 1 1 632 644 2099 2159
5011 4 2 1 1 831 2174 1992 1904
5012 4 2 1 1 716 2028 695 1975
5013 4 2 1 1 438 566 436 2022
5014 4 2 1 1 328 2041 410 2169
5015 4 2 1 1 2139 1957 2022 2098
5016 4 2 1 1 662 663 2168 1897
5017 4 2 1 1 780 2065 784 2174
5018 4 2 1 1 2000 2180 2026 1892
5019 4 2 1 1 2064 2129 2052 2173
5020 4 2 1 1 479 1977 481 1995
5021 4 2 1 1 569 2218 1958 1895
5022 4 2 1 1 2183 1920 803 2086
5023 4 2 1 1 1949 2088 2051 2136
5024 4 2 1 1 1959 2125 1983 2103
5025 4 2 1 1 1971 2053 2079 2082
5026 4 2 1 1 1989 2079 2053 2082
5027 4 2 1 1 433 1908 2053 2189
5028 4 2 1 1 2132 2080 2196 2150
5029 4 2 1 1 377 2168 387 2179
5030 4 2 1 1 850 731 828 2202
5031 4 2 1 1 2030 1991 1988 1934
5032 4 2 1 1 1957 2098 601 1926
5033 4 2 1 1 830 1992 829 2199
5034 4 2 1 1 464 463 469 2166
5035 4 2 1 1 792 784 863 2065
5036 4 2 1 1 2036 2052 2129 2173
5037 4 2 1 1 462 518 463 1913
5038 4 2 1 1 2025 2034 2100 1901
5039 4 2 1 1 397 1986 291 1937
5040 4 2 1 1 2070 1959 2055 1922
5041 4 2 1 1 2074 1994 2123 2211
5042 4 2 1 1 2070 2110 1959 1922
5043 4 2 1 1 2092 2206 2073 1936
5044 4 2 1 1 1980 1910 2197 1914
5045 4 2 1 1 2044 2056 1951 1930
5046 4 2 1 1 2010 2112 2020 1932
5047 4 2 1 1 776 786 777 2057
5048 4 2 1 1 2132 1981 2107 2150
5049 4 2 1 1 2109 2119 1976 2058
5050 4 2 1 1 2157 2173 2123 2140
5051 4 2 1 1 417 350 342 2143
5052 4 2 1 1 586 587 1918 1919
5053 4 2 1 1 1963 2105 2190 1915
5054 4 2 1 1 753 1912 2210 2058
5055 4 2 1 1 2156 1974 2113 1996
5056 4 2 1 1 2132 2107 1981 1998
5057 4 2 1 1 510 297 420 388
5058 4 2 1 1 1983 2138 2020 1932
5059 4 2 1 1 2153 1975 2028 1929
5060 4 2 1 1 1983 2146 2125 1932
5061 4 2 1 1 2070 1959 2110 2101
5062 4 2 1 1 2072 1951 2056 1930
5063 4 2 1 1 532 413 483 1906
5064 4 2 1 1 1965 2203 2166 1981
5065 4 2 1 1 724 307 749 686
5066 4 2 1 1 1960 2113 1990 1996
5067 4 2 1 1 2070 2055 1959 2101
5068 4 2 1 1 2011 1949 354 1993
5069 4 2 1 1 2044 1915 1951 2056
5070 4 2 1 1 682 1972 2071 1956
5071 4 2 1 1 598 552 1957 2155
5072 4 2 1 1 468 316 460 1902
5073 4 2 1 1 2184 2202 851 2148
5074 4 2 1 1 358 2118 331 1925
5075 4 2 1 1 2053 1917 1989 1944
5076 4 2 1 1 458 2025 499 1939
5077 4 2 1 1 535 533 2152 1939
5078 4 2 1 1 2010 2062 345 2012
5079 4 2 1 1 801 802 800 2008
5080 4 2 1 1 2021 807 1911 1945
5081 4 2 1 1 721 2055 2181 2089
5082 4 2 1 1 471 504 448 1955
5083 4 2 1 1 1951 2010 2112 1891
5084 4 2 1 1 2207 1987 1982 1928
5085 4 2 1 1 660 2168 377 2179
5086 4 2 1 1 2049 2220 2144 2190
5087 4 2 1 1 472 535 2152 2023
5088 4 2 1 1 289 288 2044 1933
5089 4 2 1 1 1967 2209 1953 2170
5090 4 2 1 1 439 2022 2108 2163
5091 4 2 1 1 2160 2207 1948 1987
5092 4 2 1 1 2151 2193 1964 2201
5093 4 2 1 1 2074 2064 2052 2173
5094 4 2 1 1 1972 2211 2135 1956
5095 4 2 1 1 1999 1890 2107 2142
5096 4 2 1 1 841 2120 855 2216
5097 4 2 1 1 485 1977 2096 2046
5098 4 2 1 1 644 2099 2035 2147
5099 4 2 1 1 520 434 515 2189
5100 4 2 1 1 2146 1914 1983 2125
5101 4 2 1 1 499 2025 503 1995
5102 4 2 1 1 2013 1927 814 1931
5103 4 2 1 1 576 577 599 2215
5104 4 2 1 1 454 1904 1984 1909
5105 4 2 1 1 2074 2052 2036 2173
5106 4 2 1 1 1963 2190 2085 1915
5107 4 2 1 1 358 2200 2118 1925
5108 4 2 1 1 2035 2099 2087 2176
5109 4 2 1 1 2124 2099 2035 2176
5110 4 2 1 1 2025 458 2034 1939
5111 4 2 1 1 680 746 697 2160
5112 4 2 1 1 367 379 2164 1941
5113 4 2 1 1 365 417 342 2117
5114 4 2 1 1 2009 2010 2074 2140
5115 4 2 1 1 552 598 1957 2142
5116 4 2 1 1 551 549 719 2155
5117 4 2 1 1 1970 2212 1915 2056
5118 4 2 1 1 2081 1977 442 2046
5119 4 2 1 1 624 605 707 2164
5120 4 2 1 1 560 2178 544 2191
5121 4 2 1 1 2121 670 1956 2089
5122 4 2 1 1 457 456 522 2057
5123 4 2 1 1 724 377 307 2179
5124 4 2 1 1 304 282 2041 2027
5125 4 2 1 1 2069 2192 2073 2002
5126 4 2 1 1 2041 2090 2060 2169
5127 4 2 1 1 2053 1908 1993 2189
5128 4 2 1 1 679 2037 678 2185
5129 4 2 1 1 675 2119 2109 2058
5130 4 2 1 1 429 2006 2048 2046
5131 4 2 1 1 732 2207 2019 2202
5132 4 2 1 1 455 1952 808 2057
5133 4 2 1 1 1978 2209 1953 2052
5134 4 2 1 1 858 748 757 2181
5135 4 2 1 1 1959 2214 2103 2101
5136 4 2 1 1 381 385 339 2195
5137 4 2 1 1 2149 2139 2203 2163
5138 4 2 1 1 328 2041 2169 1979
5139 4 2 1 1 738 642 739 2028
5140 4 2 1 1 486 873 63 498
5141 4 2 1 1 327 2169 406 1893
5142 4 2 1 1 2045 1922 2135 1956
5143 4 2 1 1 1971 2204 2079 2189
5144 4 2 1 1 289 263 323 2072
5145 4 2 1 1 559 2178 1961 1896
5146 4 2 1 1 2132 2114 1981 2150
5147 4 2 1 1 346 269 267 2020
5148 4 2 1 1 541 553 538 2122
5149 4 2 1 1 2025 1901 2114 1939
5150 4 2 1 1 2051 1910 409 2136
5151 4 2 1 1 611 1890 602 2142
5152 4 2 1 1 542 2191 648 1919
5153 4 2 1 1 1948 2080 1987 1928
5154 4 2 1 1 2044 2169 2067 1933
5155 4 2 1 1 1957 2203 1965 1998
5156 4 2 1 1 2144 2151 2201 2190
5157 4 2 1 1 406 2044 288 1933
5158 4 2 1 1 1980 2171 2042 1914
5159 4 2 1 1 2084 2214 2042 2125
5160 4 2 1 1 2130 2193 1962 1921
5161 4 2 1 1 1976 2061 2215 2075
5162 4 2 1 1 1969 2188 2084 2214
5163 4 2 1 1 2152 2220 2106 2023
5164 4 2 1 1 1982 2065 1923 2017
5165 4 2 1 1 774 1986 2070 2161
5166 4 2 1 1 797 1898 2084 2086
5167 4 2 1 1 594 2118 586 1918
5168 4 2 1 1 741 754 740 2007
5169 4 2 1 1 413 532 412 1906
5170 4 2 1 1 658 2121 2059 2089
5171 4 2 1 1 433 525 527 1908
5172 4 2 1 1 2117 2194 2000 2050
5173 4 2 1 1 274 276 346 2138
5174 4 2 1 1 804 2183 803 2086
5175 4 2 1 1 864 2116 789 1920
5176 4 2 1 1 2022 1957 1965 1926
5177 4 2 1 1 2054 1958 2208 2024
5178 4 2 1 1 454 518 1904 1909
5179 4 2 1 1 755 2123 694 2211
5180 4 2 1 1 426 2113 1893 2077
5181 4 2 1 1 262 2007 309 2012
5182 4 2 1 1 829 864 835 1911
5183 4 2 1 1 553 2119 538 2122
5184 4 2 1 1 1957 2155 1999 2142
5185 4 2 1 1 824 784 2038 2127
5186 4 2 1 1 499 2172 2025 1995
5187 4 2 1 1 560 562 559 2178
5188 4 2 1 1 669 721 2181 2089
5189 4 2 1 1 832 854 838 1949
5190 4 2 1 1 1957 1954 550 2098
5191 4 2 1 1 822 2013 811 1927
5192 4 2 1 1 1982 2065 2008 1923
5193 4 2 1 1 702 348 416 734
5194 4 2 1 1 785 2174 831 1904
5195 4 2 1 1 1971 2088 1949 2136
5196 4 2 1 1 2166 2014 495 2063
5197 4 2 1 1 318 820 703 2161
5198 4 2 1 1 1966 2090 2041 1979
5199 4 2 1 1 651 1954 735 2104
5200 4 2 1 1 1971 2082 2079 1894
5201 4 2 1 1 2079 2082 1989 1894
5202 4 2 1 1 744 747 2094 2066
5203 4 2 1 1 323 2072 370 1892
5204 4 2 1 1 753 756 1912 2058
5205 4 2 1 1 557 579 2117 2050
5206 4 2 1 1 2067 1893 2175 1933
5207 4 2 1 1 2097 2217 2038 1898
5208 4 2 1 1 551 719 649 2155
5209 4 2 1 1 332 1918 1919 1925
5210 4 2 1 1 501 2172 2035 2159
5211 4 2 1 1 772 721 729 2089
5212 4 2 1 1 455 435 1952 2108
5213 4 2 1 1 1999 2107 1998 2142
5214 4 2 1 1 1982 1987 2019 2148
5215 4 2 1 1 596 595 597 1918
5216 4 2 1 1 421 427 461 1902
5217 4 2 1 1 437 436 2091 2108
5218 4 2 1 1 349 355 292 2200
5219 4 2 1 1 778 783 779 2015
5220 4 2 1 1 1970 2212 2133 2002
5221 4 2 1 1 596 2118 593 1905
5222 4 2 1 1 2060 2190 2105 1915
5223 4 2 1 1 2183 2068 2021 1911
5224 4 2 1 1 593 2118 596 2194
5225 4 2 1 1 774 848 2055 2101
5226 4 2 1 1 2041 1979 304 2027
5227 4 2 1 1 488 2033 445 1947
5228 4 2 1 1 2100 2039 2069 1936
5229 4 2 1 1 549 550 552 1957
5230 4 2 1 1 2038 2174 2134 2127
5231 4 2 1 1 386 377 737 2168
5232 4 2 1 1 2081 2178 561 1896
5233 4 2 1 1 682 694 741 1972
5234 4 2 1 1 1982 1987 2148 2017
5235 4 2 1 1 861 1904 868 1913
5236 4 2 1 1 1963 2197 2095 1946
5237 4 2 1 1 738 716 717 2028
5238 4 2 1 1 597 365 357 400
5239 4 2 1 1 2149 2203 2166 2163
5240 4 2 1 1 781 812 713 2219
5241 4 2 1 1 2054 2061 2198 2218
5242 4 2 1 1 2097 2130 1962 1935
5243 4 2 1 1 817 2183 2042 1931
5244 4 2 1 1 428 2195 2043 2006
5245 4 2 1 1 63 876 498 871
5246 4 2 1 1 1980 2154 2197 1910
5247 4 2 1 1 1951 2010 2009 2112
5248 4 2 1 1 487 316 468 1985
5249 4 2 1 1 2146 1914 2020 1932
5250 4 2 1 1 442 2081 512 1977
5251 4 2 1 1 2045 1956 670 2089
5252 4 2 1 1 298 255 395 2059
5253 4 2 1 1 2026 2200 2000 1892
5254 4 2 1 1 1959 2125 2182 1932
5255 4 2 1 1 2135 2010 2009 2140
5256 4 2 1 1 466 2162 447 2046
5257 4 2 1 1 467 479 523 2034
5258 4 2 1 1 304 2041 328 1979
5259 4 2 1 1 860 852 859 1986
5260 4 2 1 1 560 2191 542 1919
5261 4 2 1 1 647 614 591 2218
5262 4 2 1 1 503 499 458 2025
5263 4 2 1 1 824 2217 760 1898
5264 4 2 1 1 770 799 520 2011
5265 4 2 1 1 690 2003 1975 1943
5266 4 2 1 1 860 855 852 2120
5267 4 2 1 1 2053 1993 1971 2189
5268 4 2 1 1 678 699 714 2202
5269 4 2 1 1 1965 1998 1981 1900
5270 4 2 1 1 2036 1921 2157 1924
5271 4 2 1 1 1959 2182 2138 1932
5272 4 2 1 1 362 293 338 1990
5273 4 2 1 1 1981 1998 2107 1900
5274 4 2 1 1 2132 2196 2114 2150
5275 4 2 1 1 514 520 799 2011
5276 4 2 1 1 2009 2036 1951 1921
5277 4 2 1 1 536 2035 2172 1995
5278 4 2 1 1 259 811 424 1927
5279 4 2 1 1 1967 2170 1953 1899
5280 4 2 1 1 2100 2206 1968 2034
5281 4 2 1 1 646 581 1895 2147
5282 4 2 1 1 783 2015 778 1913
5283 4 2 1 1 499 453 2172 2014
5284 4 2 1 1 286 374 409 1910
5285 4 2 1 1 609 564 1958 2102
5286 4 2 1 1 1997 2172 493 2159
5287 4 2 1 1 482 475 488 2018
5288 4 2 1 1 2144 2068 2021 1916
5289 4 2 1 1 2020 2126 1963 2112
5290 4 2 1 1 1963 2020 1914 1946
5291 4 2 1 1 552 580 2142 1926
5292 4 2 1 1 722 725 1991 2104
5293 4 2 1 1 789 1920 2116 2127
5294 4 2 1 1 356 335 348 2071
5295 4 2 1 1 2198 2215 2061 2075
5296 4 2 1 1 449 2079 2053 1917
5297 4 2 1 1 2114 1901 1984 1939
5298 4 2 1 1 346 345 269 2138
5299 4 2 1 1 531 645 529 2159
5300 4 2 1 1 629 1997 639 2159
5301 4 2 1 1 561 2178 2081 2048
5302 4 2 1 1 2020 2205 1914 1946
5303 4 2 1 1 510 497 297 496
5304 4 2 1 1 612 647 642 2028
5305 4 2 1 1 766 2051 853 1949
5306 4 2 1 1 741 688 754 2007
5307 4 2 1 1 1962 2130 2097 2193
5308 4 2 1 1 281 2018 413 1906
5309 4 2 1 1 1967 1953 2209 1899
5310 4 2 1 1 503 2025 458 2034
5311 4 2 1 1 348 335 347 2121
5312 4 2 1 1 328 2169 327 1979
5313 4 2 1 1 775 777 783 1913
5314 4 2 1 1 2061 2153 2102 2024
5315 4 2 1 1 2044 2126 402 1930
5316 4 2 1 1 451 1917 2053 1906
5317 4 2 1 1 661 2168 663 1897
5318 4 2 1 1 787 2057 1952 2187
5319 4 2 1 1 649 1954 551 2155
5320 4 2 1 1 2009 2112 2010 1932
5321 4 2 1 1 2070 2121 1922 2089
5322 4 2 1 1 657 2161 2070 2059
5323 4 2 1 1 507 384 506 2043
5324 4 2 1 1 355 290 292 2026
5325 4 2 1 1 464 2149 478 1913
5326 4 2 1 1 2070 2059 396 1937
5327 4 2 1 1 287 285 275 2205
5328 4 2 1 1 2195 1902 2162 2006
5329 4 2 1 1 381 339 337 2191
5330 4 2 1 1 486 2091 1952 2108
5331 4 2 1 1 1973 2139 2187 2108
5332 4 2 1 1 2000 2143 2117 2050
5333 4 2 1 1 387 2179 2168 2170
5334 4 2 1 1 2011 1993 1908 2189
5335 4 2 1 1 828 731 732 2019
5336 4 2 1 1 722 713 725 2219
5337 4 2 1 1 2134 2151 2076 2093
5338 4 2 1 1 309 2001 369 2012
5339 4 2 1 1 2138 2182 1959 1922
5340 4 2 1 1 633 1926 2022 1940
5341 4 2 1 1 291 2070 396 1937
5342 4 2 1 1 2135 2182 2138 1922
5343 4 2 1 1 755 712 693 2123
5344 4 2 1 1 698 697 2160 2207
5345 4 2 1 1 2135 2009 2010 1932
5346 4 2 1 1 794 850 2019 2202
5347 4 2 1 1 1984 1909 2114 1939
5348 4 2 1 1 2074 2211 2123 2140
5349 4 2 1 1 2053 1906 1917 1944
5350 4 2 1 1 347 334 398 1937
5351 4 2 1 1 1982 2207 2019 1987
5352 4 2 1 1 332 1919 333 1925
5353 4 2 1 1 427 2162 1902 2006
5354 4 2 1 1 1910 1927 2013 1931
5355 4 2 1 1 406 402 2044 2169
5356 4 2 1 1 271 303 272 2095
5357 4 2 1 1 2090 2169 2041 1979
5358 4 2 1 1 686 749 740 2007
5359 4 2 1 1 1989 2082 2053 1944
5360 4 2 1 1 660 662 2168 2179
5361 4 2 1 1 2033 2162 2113 2077
5362 4 2 1 1 467 523 1968 2034
5363 4 2 1 1 2061 2215 2198 2218
5364 4 2 1 1 2146 2084 2171 2125
5365 4 2 1 1 1968 2206 2092 2034
5366 4 2 1 1 2106 2023 473 2177
5367 4 2 1 1 2113 2162 2096 1996
5368 4 2 1 1 764 306 853 1927
5369 4 2 1 1 586 562 587 1919
5370 4 2 1 1 444 2006 430 2167
5371 4 2 1 1 2129 2198 2133 2075
5372 4 2 1 1 659 657 729 2161
5373 4 2 1 1 555 2158 554 2119
5374 4 2 1 1 274 2120 276 2110
5375 4 2 1 1 767 807 805 2021
5376 4 2 1 1 694 2123 755 1994
5377 4 2 1 1 250 383 855 249
5378 4 2 1 1 784 780 863 2065
5379 4 2 1 1 639 1997 502 2159
5380 4 2 1 1 693 692 755 2064
5381 4 2 1 1 339 1990 2195 2077
5382 4 2 1 1 558 2194 2117 2050
5383 4 2 1 1 450 477 448 2079
5384 4 2 1 1 2097 1987 2019 1935
5385 4 2 1 1 568 601 2098 1926
5386 4 2 1 1 331 2118 340 1918
5387 4 2 1 1 1958 2153 2102 1938
5388 4 2 1 1 1957 1954 2030 2155
5389 4 2 1 1 2057 2187 786 2047
5390 4 2 1 1 1951 2072 2004 1930
5391 4 2 1 1 586 2118 596 1905
5392 4 2 1 1 666 677 826 1934
5393 4 2 1 1 766 2088 1949 2005
5394 4 2 1 1 2035 2099 2124 2147
5395 4 2 1 1 2175 2200 2026 1933
5396 4 2 1 1 2152 2023 2106 2177
5397 4 2 1 1 450 474 473 2106
5398 4 2 1 1 424 811 383 2013
5399 4 2 1 1 2000 2209 1953 1899
5400 4 2 1 1 618 605 624 2164
5401 4 2 1 1 727 707 710 2164
5402 4 2 1 1 2139 2057 2149 2047
5403 4 2 1 1 2092 2025 2176 1995
5404 4 2 1 1 778 1904 861 1913
5405 4 2 1 1 780 861 778 1904
5406 4 2 1 1 1963 2201 2085 2190
5407 4 2 1 1 707 324 706 710
5408 4 2 1 1 622 561 615 2081
5409 4 2 1 1 582 615 561 2081
5410 4 2 1 1 379 319 2164 1903
5411 4 2 1 1 800 826 801 1934
5412 4 2 1 1 1969 2084 2188 1935
5413 4 2 1 1 276 2120 251 1986
5414 4 2 1 1 2010 2001 2074 2012
5415 4 2 1 1 767 807 2021 1945
5416 4 2 1 1 1978 1994 2064 2052
5417 4 2 1 1 2074 2064 1994 2052
5418 4 2 1 1 604 612 613 2029
5419 4 2 1 1 2175 2200 425 1925
5420 4 2 1 1 1992 2174 831 2127
5421 4 2 1 1 1975 2003 1948 1924
5422 4 2 1 1 536 2035 501 2172
5423 4 2 1 1 2030 2185 655 1934
5424 4 2 1 1 530 1992 830 2199
5425 4 2 1 1 2163 2063 441 1940
5426 4 2 1 1 2121 1922 2045 1956
5427 4 2 1 1 260 345 2062 2012
5428 4 2 1 1 371 2168 319 1903
5429 4 2 1 1 260 2010 345 2012
5430 4 2 1 1 831 829 1992 2127
5431 4 2 1 1 435 517 455 1952
5432 4 2 1 1 277 391 2018 1985
5433 4 2 1 1 685 2078 2029 1929
5434 4 2 1 1 2064 2123 2074 1994
5435 4 2 1 1 658 2121 702 2059
5436 4 2 1 1 524 2023 1968 2034
5437 4 2 1 1 585 559 1961 1896
5438 4 2 1 1 426 280 278 1979
5439 4 2 1 1 2074 2123 2064 2173
5440 4 2 1 1 2121 2135 1922 1956
5441 4 2 1 1 2073 2208 2124 2176
5442 4 2 1 1 283 2053 2082 1944
5443 4 2 1 1 2133 2036 2212 2056
5444 4 2 1 1 283 1906 2053 1944
5445 4 2 1 1 533 470 472 2152
5446 4 2 1 1 709 255 298 2161
5447 4 2 1 1 735 2030 655 1934
5448 4 2 1 1 324 319 706 710
5449 4 2 1 1 1990 1893 2113 2077
5450 4 2 1 1 639 629 575 1997
5451 4 2 1 1 2153 1958 2024 1938
5452 4 2 1 1 2138 2182 2135 1932
5453 4 2 1 1 718 652 2155 2078
5454 4 2 1 1 294 327 406 1893
5455 4 2 1 1 455 517 808 1952
5456 4 2 1 1 2126 1915 1963 2112
5457 4 2 1 1 398 2138 276 2110
5458 4 2 1 1 551 1954 549 2155
5459 4 2 1 1 682 2211 1972 1956
5460 4 2 1 1 2061 1976 2210 2075
5461 4 2 1 1 1950 2061 2210 2075
5462 4 2 1 1 2062 2071 1972 1956
5463 4 2 1 1 1963 2126 2020 1946
5464 4 2 1 1 550 601 1957 2098
5465 4 2 1 1 2073 2192 2131 2002
5466 4 2 1 1 2139 2108 1973 2098
5467 4 2 1 1 618 351 606 605
5468 4 2 1 1 604 1890 609 2102
5469 4 2 1 1 695 1975 2028 1943
5470 4 2 1 1 430 2006 519 2167
5471 4 2 1 1 657 2059 2070 2089
5472 4 2 1 1 410 2041 271 2105
5473 4 2 1 1 2073 2176 2092 1936
5474 4 2 1 1 691 716 1975 1929
5475 4 2 1 1 2037 1999 2078 1929
5476 4 2 1 1 1950 2003 1975 1924
5477 4 2 1 1 722 781 713 2219
5478 4 2 1 1 549 1957 552 2155
5479 4 2 1 1 2141 2118 2200 1925
5480 4 2 1 1 2129 2173 2064 2075
5481 4 2 1 1 683 2071 2121 1956
5482 4 2 1 1 841 2120 2103 2101
5483 4 2 1 1 514 510 520 2011
5484 4 2 1 1 2166 2163 1965 2063
5485 4 2 1 1 629 1900 1997 1907
5486 4 2 1 1 2022 2163 440 1940
5487 4 2 1 1 1974 1990 2113 1996
5488 4 2 1 1 828 846 763 2019
5489 4 2 1 1 2042 2171 2084 2125
5490 4 2 1 1 427 507 428 2195
5491 4 2 1 1 870 730 68 2219
5492 4 2 1 1 832 815 799 2011
5493 4 2 1 1 692 1994 2064 2128
5494 4 2 1 1 1971 2079 2053 2189
5495 4 2 1 1 2154 1971 2082 2136
5496 4 2 1 1 488 468 2033 1985
5497 4 2 1 1 2032 2135 2182 2140
5498 4 2 1 1 732 2019 731 2202
5499 4 2 1 1 2152 1901 2023 1939
5500 4 2 1 1 289 288 403 2044
5501 4 2 1 1 848 844 2055 2101
5502 4 2 1 1 805 806 767 1931
5503 4 2 1 1 766 2051 1949 2088
5504 4 2 1 1 808 1952 787 2057
5505 4 2 1 1 737 377 660 2168
5506 4 2 1 1 572 571 365 579
5507 4 2 1 1 2144 2095 2049 2190
5508 4 2 1 1 2009 2130 2146 2182
5509 4 2 1 1 2090 1979 2113 1893
5510 4 2 1 1 2085 1951 2212 1921
5511 4 2 1 1 484 488 475 2018
5512 4 2 1 1 781 722 782 1991
5513 4 2 1 1 2025 2034 503 1995
5514 4 2 1 1 618 351 366 606
5515 4 2 1 1 1963 1914 2020 2112
5516 4 2 1 1 2162 2195 1960 2077
5517 4 2 1 1 2054 2061 2218 2024
5518 4 2 1 1 565 569 564 1958
5519 4 2 1 1 387 377 386 2168
5520 4 2 1 1 2026 2175 2141 2200
5521 4 2 1 1 329 390 621 620
5522 4 2 1 1 2175 1893 294 1933
5523 4 2 1 1 631 519 513 2043
5524 4 2 1 1 289 292 2026 1892
5525 4 2 1 1 270 262 261 2071
5526 4 2 1 1 841 2120 2216 2103
5527 4 2 1 1 2021 1971 2088 1945
5528 4 2 1 1 282 303 271 2041
5529 4 2 1 1 379 1903 2164 1941
5530 4 2 1 1 2149 2203 2139 2047
5531 4 2 1 1 2072 2001 1953 2052
5532 4 2 1 1 442 512 480 1977
5533 4 2 1 1 1980 1910 2013 1931
5534 4 2 1 1 2106 2220 2152 2177
5535 4 2 1 1 1951 1915 2044 1930
5536 4 2 1 1 281 391 413 2018
5537 4 2 1 1 2201 1914 2171 1916
5538 4 2 1 1 670 2045 671 1956
5539 4 2 1 1 371 2170 2168 1903
5540 4 2 1 1 793 863 2008 2148
5541 4 2 1 1 642 640 612 2028
5542 4 2 1 1 388 392 312 2011
5543 4 2 1 1 2116 2199 1955 1911
5544 4 2 1 1 774 848 772 2055
5545 4 2 1 1 661 2164 2168 1897
5546 4 2 1 1 1980 2197 2154 1916
5547 4 2 1 1 1963 1914 2201 1916
5548 4 2 1 1 488 2018 484 1985
5549 4 2 1 1 839 1986 774 2161
5550 4 2 1 1 408 385 384 507
5551 4 2 1 1 2085 1963 1915 2112
5552 4 2 1 1 864 1911 2116 1920
5553 4 2 1 1 566 438 592 1940
5554 4 2 1 1 727 728 624 2164
5555 4 2 1 1 405 378 374 2136
5556 4 2 1 1 2053 2079 1989 1917
5557 4 2 1 1 708 255 709 2161
5558 4 2 1 1 548 1973 2091 2098
5559 4 2 1 1 2157 2036 2009 1921
5560 4 2 1 1 344 570 364 1941
5561 4 2 1 1 603 598 602 2142
5562 4 2 1 1 2019 2217 763 2148
5563 4 2 1 1 311 2053 1908 1993
5564 4 2 1 1 409 360 2051 2136
5565 4 2 1 1 791 2038 1920 2127
5566 4 2 1 1 2154 2082 1971 1894
5567 4 2 1 1 482 524 2186 1947
5568 4 2 1 1 396 2161 298 2059
5569 4 2 1 1 2133 2198 2054 2024
5570 4 2 1 1 1959 2182 2045 1922
5571 4 2 1 1 357 417 365 2117
5572 4 2 1 1 2045 2182 2135 1922
5573 4 2 1 1 452 1984 533 1939
5574 4 2 1 1 2070 1922 2055 2089
5575 4 2 1 1 2137 2085 2212 1921
5576 4 2 1 1 2022 2098 1957 1926
5577 4 2 1 1 800 788 1991 2047
5578 4 2 1 1 273 2126 402 2105
5579 4 2 1 1 698 746 744 2094
5580 4 2 1 1 2018 2027 1989 1944
5581 4 2 1 1 2133 1950 1924 2173
5582 4 2 1 1 671 2045 669 2066
5583 4 2 1 1 431 433 2053 2189
5584 4 2 1 1 2087 2025 2176 1936
5585 4 2 1 1 655 2030 653 2078
5586 4 2 1 1 469 2166 495 2063
5587 4 2 1 1 249 274 275 2120
5588 4 2 1 1 386 711 319 2168
5589 4 2 1 1 673 2064 1912 2128
5590 4 2 1 1 2092 2176 2025 1936
5591 4 2 1 1 359 2143 350 1899
5592 4 2 1 1 2085 1951 1921 2112
5593 4 2 1 1 2178 1996 2081 2048
5594 4 2 1 1 1960 1996 2178 2048
5595 4 2 1 1 827 847 846 2094
5596 4 2 1 1 407 404 399 1908
5597 4 2 1 1 348 2121 347 1937
5598 4 2 1 1 694 688 741 1994
5599 4 2 1 1 2061 2054 2198 2024
5600 4 2 1 1 693 2003 690 1943
5601 4 2 1 1 439 440 2022 2163
5602 4 2 1 1 2057 2187 2139 2108
5603 4 2 1 1 700 678 679 2037
5604 4 2 1 1 735 651 649 1954
5605 4 2 1 1 2029 2078 1999 1929
5606 4 2 1 1 721 862 757 2181
5607 4 2 1 1 2043 2191 543 2167
5608 4 2 1 1 2181 2055 2045 2089
5609 4 2 1 1 473 474 524 2023
5610 4 2 1 1 2084 1964 2171 2086
5611 4 2 1 1 481 2035 536 1995
5612 4 2 1 1 814 2013 822 1927
5613 4 2 1 1 329 390 380 621
5614 4 2 1 1 733 748 827 2094
5615 4 2 1 1 540 2143 572 1941
5616 4 2 1 1 390 329 607 620
5617 4 2 1 1 814 817 818 2216
5618 4 2 1 1 603 718 637 2029
5619 4 2 1 1 636 542 648 1919
5620 4 2 1 1 263 289 403 1930
5621 4 2 1 1 521 534 530 1992
5622 4 2 1 1 564 569 609 1958
5623 4 2 1 1 662 2109 675 2119
5624 4 2 1 1 594 586 587 1918
5625 4 2 1 1 782 722 723 1991
5626 4 2 1 1 568 2098 2022 1926
5627 4 2 1 1 388 510 297 496
5628 4 2 1 1 693 673 2064 1912
5629 4 2 1 1 723 826 782 1991
5630 4 2 1 1 868 1904 528 1913
5631 4 2 1 1 2038 2217 2097 2017
5632 4 2 1 1 465 1968 524 1947
5633 4 2 1 1 687 674 2179 2128
5634 4 2 1 1 773 772 729 2161
5635 4 2 1 1 685 2029 701 1929
5636 4 2 1 1 580 1900 2142 1926
5637 4 2 1 1 673 1912 2109 2128
5638 4 2 1 1 793 2184 851 2148
5639 4 2 1 1 382 2191 337 1919
5640 4 2 1 1 747 748 744 2094
5641 4 2 1 1 2009 1921 1951 2112
5642 4 2 1 1 526 494 639 2063
5643 4 2 1 1 1953 2001 1978 2052
5644 4 2 1 1 315 279 280 2033
5645 4 2 1 1 2037 2185 679 2078
5646 4 2 1 1 370 323 263 2072
5647 4 2 1 1 2133 1924 2036 2173
5648 4 2 1 1 834 836 2204 1945
5649 4 2 1 1 750 751 753 2210
5650 4 2 1 1 2092 2176 2035 1995
5651 4 2 1 1 641 2035 644 2159
5652 4 2 1 1 291 298 396 2161
5653 4 2 1 1 778 861 868 1913
5654 4 2 1 1 2121 1922 2062 1937
5655 4 2 1 1 2070 2059 2121 2089
5656 4 2 1 1 849 848 844 2055
5657 4 2 1 1 2031 2150 1889 1938
5658 4 2 1 1 603 604 2029 1890
5659 4 2 1 1 344 364 342 1941
5660 4 2 1 1 700 696 678 2040
5661 4 2 1 1 2030 1988 2185 1934
5662 4 2 1 1 766 768 2051 2088
5663 4 2 1 1 312 1908 2011 1993
5664 4 2 1 1 2055 1922 2045 2089
5665 4 2 1 1 830 831 829 1992
5666 4 2 1 1 1953 2170 330 1899
5667 4 2 1 1 502 1997 493 2159
5668 4 2 1 1 471 470 2199 2177
5669 4 2 1 1 1970 2180 2026 1942
5670 4 2 1 1 558 2117 579 2050
5671 4 2 1 1 785 831 2174 2127
5672 4 2 1 1 824 2038 791 2127
5673 4 2 1 1 1951 2126 1915 1930
5674 4 2 1 1 2019 794 2202 2148
5675 4 2 1 1 688 676 687 2128
5676 4 2 1 1 2125 2216 1983 2103
5677 4 2 1 1 603 602 604 1890
5678 4 2 1 1 669 2045 2181 2066
5679 4 2 1 1 2045 1922 2121 2089
5680 4 2 1 1 289 292 290 2026
5681 4 2 1 1 322 330 350 1899
5682 4 2 1 1 701 2029 716 1929
5683 4 2 1 1 2141 2200 2175 1925
5684 4 2 1 1 1975 2003 1950 1943
5685 4 2 1 1 338 293 333 1925
5686 4 2 1 1 2146 2020 1914 2112
5687 4 2 1 1 689 705 697 2003
5688 4 2 1 1 399 2053 283 1906
5689 4 2 1 1 495 2166 469 2014
5690 4 2 1 1 2019 2207 1982 2202
5691 4 2 1 1 2139 1973 2187 2104
5692 4 2 1 1 615 481 103 512
5693 4 2 1 1 2044 1915 2126 1930
5694 4 2 1 1 321 1953 322 1892
5695 4 2 1 1 695 2028 739 1943
5696 4 2 1 1 339 2195 394 2077
5697 4 2 1 1 1951 2112 2126 1891
5698 4 2 1 1 1963 2126 2105 1915
5699 4 2 1 1 671 2211 672 1956
5700 4 2 1 1 335 2062 2121 2071
5701 4 2 1 1 832 2011 799 2005
5702 4 2 1 1 1965 1981 1997 1900
5703 4 2 1 1 486 435 2091 2108
5704 4 2 1 1 383 855 857 860
5705 4 2 1 1 808 517 809 1952
5706 4 2 1 1 493 2172 1997 2014
5707 4 2 1 1 348 2059 2121 1937
5708 4 2 1 1 284 823 318 2161
5709 4 2 1 1 584 1961 559 1905
5710 4 2 1 1 872 730 870 2219
5711 4 2 1 1 345 2138 398 2062
5712 4 2 1 1 658 656 2121 2089
5713 4 2 1 1 2033 1902 2162 2077
5714 4 2 1 1 2141 2175 2026 1942
5715 4 2 1 1 849 2181 862 2055
5716 4 2 1 1 308 2179 387 2170
5717 4 2 1 1 521 1984 454 1904
5718 4 2 1 1 642 738 640 2028
5719 4 2 1 1 2141 2200 2118 2194
5720 4 2 1 1 757 862 858 2181
5721 4 2 1 1 383 275 424 2013
5722 4 2 1 1 518 528 1904 1913
5723 4 2 1 1 362 294 2175 1893
5724 4 2 1 1 342 2143 343 1941
5725 4 2 1 1 675 2109 673 1912
5726 4 2 1 1 1965 2063 2163 1940
5727 4 2 1 1 558 596 579 2117
5728 4 2 1 1 1952 2187 2057 2108
5729 4 2 1 1 483 413 391 1985
5730 4 2 1 1 646 1895 2099 2147
5731 4 2 1 1 352 853 854 306
5732 4 2 1 1 2042 2125 2214 2103
5733 4 2 1 1 709 708 2161 2059
5734 4 2 1 1 869 1952 873 2091
5735 4 2 1 1 2097 2019 2217 1935
5736 4 2 1 1 2019 2160 2094 1935
5737 4 2 1 1 625 620 631 2043
5738 4 2 1 1 2109 1912 2064 2128
5739 4 2 1 1 1965 1997 1981 2063
5740 4 2 1 1 505 2023 2034 1939
5741 4 2 1 1 707 351 605 324
5742 4 2 1 1 599 554 555 2158
5743 4 2 1 1 635 616 2016 2218
5744 4 2 1 1 475 2018 2186 1917
5745 4 2 1 1 444 430 519 2167
5746 4 2 1 1 2144 1894 2095 1916
5747 4 2 1 1 2095 1894 2154 1916
5748 4 2 1 1 406 402 288 2044
5749 4 2 1 1 311 2082 2053 1993
5750 4 2 1 1 1999 1998 1957 2142
5751 4 2 1 1 709 704 298 255
5752 4 2 1 1 2080 1923 2196 2017
5753 4 2 1 1 285 2197 1910 2205
5754 4 2 1 1 2095 2197 1963 1916
5755 4 2 1 1 2154 2197 2095 1916
5756 4 2 1 1 1982 2017 1923 1928
5757 4 2 1 1 732 699 2207 2202
5758 4 2 1 1 718 2029 685 2078
5759 4 2 1 1 315 279 2033 1985
5760 4 2 1 1 432 1908 433 2189
5761 4 2 1 1 2070 1922 2121 1937
5762 4 2 1 1 588 2178 559 1896
5763 4 2 1 1 307 308 2007 2179
5764 4 2 1 1 609 604 564 1890
5765 4 2 1 1 371 387 2168 2170
5766 4 2 1 1 526 639 575 1940
5767 4 2 1 1 781 2187 812 2219
5768 4 2 1 1 1914 2205 2197 1946
5769 4 2 1 1 544 2178 2048 2167
5770 4 2 1 1 817 2042 2183 2086
5771 4 2 1 1 1889 2150 2107 1938
5772 4 2 1 1 1967 1897 2168 1903
5773 4 2 1 1 750 589 623 2058
5774 4 2 1 1 481 103 583 615
5775 4 2 1 1 633 568 566 2022
5776 4 2 1 1 873 1952 486 2091
5777 4 2 1 1 101 622 516 2048
5778 4 2 1 1 290 289 2026 1933
5779 4 2 1 1 584 585 559 1961
5780 4 2 1 1 370 2072 263 2004
5781 4 2 1 1 2143 2122 1967 1899
5782 4 2 1 1 661 662 663 2168
5783 4 2 1 1 380 381 337 2191
5784 4 2 1 1 1964 2068 2183 1920
5785 4 2 1 1 1978 2064 1994 2128
5786 4 2 1 1 740 754 686 2007
5787 4 2 1 1 481 583 103 531
5788 4 2 1 1 390 607 608 620
5789 4 2 1 1 1967 1899 2122 1903
5790 4 2 1 1 2122 1899 2143 1903
5791 4 2 1 1 739 2210 753 1943
5792 4 2 1 1 2116 1964 2068 2093
5793 4 2 1 1 2018 1989 1917 1944
5794 4 2 1 1 444 2048 2006 2167
5795 4 2 1 1 417 357 358 2117
5796 4 2 1 1 384 381 390 2043
5797 4 2 1 1 567 566 568 2022
5798 4 2 1 1 2133 2054 2002 2024
5799 4 2 1 1 730 664 713 2219
5800 4 2 1 1 509 510 297 420
5801 4 2 1 1 831 1992 865 1904
5802 4 2 1 1 870 871 869 1952
5803 4 2 1 1 432 2011 510 1908
5804 4 2 1 1 431 2053 449 2189
5805 4 2 1 1 718 654 652 2078
5806 4 2 1 1 494 502 639 1997
5807 4 2 1 1 2121 2062 2135 1956
5808 4 2 1 1 611 1900 574 1907
5809 4 2 1 1 2116 1911 2068 1920
5810 4 2 1 1 1980 2183 2042 2171
5811 4 2 1 1 2133 2212 2036 1921
5812 4 2 1 1 437 486 435 2091
5813 4 2 1 1 520 2011 434 2189
5814 4 2 1 1 2137 2133 2212 2002
5815 4 2 1 1 661 663 2164 1897
5816 4 2 1 1 2107 1890 1889 1938
5817 4 2 1 1 557 558 579 2050
5818 4 2 1 1 2168 1897 2164 1903
5819 4 2 1 1 305 409 360 2051
5820 4 2 1 1 563 632 644 2099
5821 4 2 1 1 1964 2116 1920 2093
5822 4 2 1 1 370 265 368 2001
5823 4 2 1 1 2021 1980 2183 1931
5824 4 2 1 1 870 1952 869 2219
5825 4 2 1 1 2129 2072 2052 2056
5826 4 2 1 1 656 670 2121 2089
5827 4 2 1 1 2025 2034 2092 1936
5828 4 2 1 1 303 283 2082 1944
5829 4 2 1 1 1962 2213 1948 1924
5830 4 2 1 1 683 2121 670 1956
5831 4 2 1 1 379 371 319 1903
5832 4 2 1 1 2141 2194 2118 1905
5833 4 2 1 1 2118 2200 2117 2194
5834 4 2 1 1 734 348 415 2059
5835 4 2 1 1 2032 2157 2123 2140
5836 4 2 1 1 487 314 316 1985
5837 4 2 1 1 1965 1900 1997 2063
5838 4 2 1 1 2051 1927 1910 1931
5839 4 2 1 1 2129 2052 2036 2056
5840 4 2 1 1 422 399 283 1906
5841 4 2 1 1 2060 2069 2049 2190
5842 4 2 1 1 692 755 2123 1994
5843 4 2 1 1 850 828 794 2019
5844 4 2 1 1 451 2053 433 1906
5845 4 2 1 1 2210 1912 1976 2058
5846 4 2 1 1 815 256 819 389
5847 4 2 1 1 2126 2112 2020 1891
5848 4 2 1 1 493 2014 1997 2063
5849 4 2 1 1 2116 2068 1964 1920
5850 4 2 1 1 2156 2090 2192 2206
5851 4 2 1 1 685 718 701 2029
5852 4 2 1 1 524 1968 523 2034
5853 4 2 1 1 813 871 870 1952
5854 4 2 1 1 271 304 282 2041
5855 4 2 1 1 2157 2036 1924 2173
5856 4 2 1 1 1923 2017 2080 1928
5857 4 2 1 1 763 2019 2188 2217
5858 4 2 1 1 631 100 519 2167
5859 4 2 1 1 2030 2185 1988 2165
5860 4 2 1 1 2195 1990 1960 2077
5861 4 2 1 1 1965 2166 2203 2163
5862 4 2 1 1 412 414 399 1906
5863 4 2 1 1 436 439 2022 2108
5864 4 2 1 1 82 812 713 781
5865 4 2 1 1 667 714 2184 2185
5866 4 2 1 1 441 2063 489 1940
5867 4 2 1 1 427 429 2162 2006
5868 4 2 1 1 417 2117 358 2200
5869 4 2 1 1 256 815 388 389
5870 4 2 1 1 268 2126 2020 1891
5871 4 2 1 1 1968 2023 2100 2034
5872 4 2 1 1 1960 2191 2043 2167
5873 4 2 1 1 1900 2063 1965 1940
5874 4 2 1 1 1999 1889 2037 2165
5875 4 2 1 1 2201 2068 2144 1916
5876 4 2 1 1 646 581 585 1895
5877 4 2 1 1 326 1899 2170 1903
5878 4 2 1 1 322 321 330 1953
5879 4 2 1 1 1952 1973 2187 2108
5880 4 2 1 1 751 750 623 2058
5881 4 2 1 1 748 74 847 858
5882 4 2 1 1 2183 1964 1920 2086
5883 4 2 1 1 328 271 410 2041
5884 4 2 1 1 2141 2026 2180 1942
5885 4 2 1 1 427 1902 2195 2006
5886 4 2 1 1 307 377 724 376
5887 4 2 1 1 326 2170 371 1903
5888 4 2 1 1 712 680 705 2003
5889 4 2 1 1 611 604 602 1890
5890 4 2 1 1 2020 2126 268 1946
5891 4 2 1 1 2053 2082 1971 1993
5892 4 2 1 1 828 732 733 2094
5893 4 2 1 1 351 379 319 2164
5894 4 2 1 1 2036 2212 1951 1921
5895 4 2 1 1 586 596 593 1905
5896 4 2 1 1 2139 2022 2108 2098
5897 4 2 1 1 768 1927 2051 1931
5898 4 2 1 1 357 253 340 1918
5899 4 2 1 1 315 314 279 1985
5900 4 2 1 1 869 871 873 1952
5901 4 2 1 1 535 452 533 1939
5902 4 2 1 1 501 2035 531 2159
5903 4 2 1 1 2138 2062 2135 1922
5904 4 2 1 1 813 1952 870 2219
5905 4 2 1 1 120 613 717 2029
5906 4 2 1 1 872 870 869 2219
5907 4 2 1 1 359 342 350 2143
5908 4 2 1 1 449 2053 451 1917
5909 4 2 1 1 358 425 2200 1925
5910 4 2 1 1 550 568 601 2098
5911 4 2 1 1 750 753 739 2210
5912 4 2 1 1 2084 2171 2042 2086
5913 4 2 1 1 1999 2155 2030 2078
5914 4 2 1 1 429 2048 444 2046
5915 4 2 1 1 692 2064 673 2128
5916 4 2 1 1 444 2048 429 2006
5917 4 2 1 1 755 694 681 2211
5918 4 2 1 1 345 2010 264 1891
5919 4 2 1 1 1951 2085 2212 1915
5920 4 2 1 1 2009 2130 2157 1921
5921 4 2 1 1 259 765 811 1927
5922 4 2 1 1 702 736 356 2071
5923 4 2 1 1 786 2187 788 2047
5924 4 2 1 1 686 688 687 2179
5925 4 2 1 1 831 830 865 1992
5926 4 2 1 1 698 697 746 2160
5927 4 2 1 1 703 298 318 2161
5928 4 2 1 1 693 752 1912 1943
5929 4 2 1 1 686 2007 688 2179
5930 4 2 1 1 660 674 662 2179
5931 4 2 1 1 808 456 455 2057
5932 4 2 1 1 2124 2208 2099 2176
5933 4 2 1 1 2087 2099 2208 2176
5934 4 2 1 1 832 769 1949 2005
5935 4 2 1 1 567 2022 568 2098
5936 4 2 1 1 835 834 833 2199
5937 4 2 1 1 773 774 772 2161
5938 4 2 1 1 2204 836 2005 1945
5939 4 2 1 1 628 110 567 436
5940 4 2 1 1 1890 2102 2153 1938
5941 4 2 1 1 361 362 1990 1893
5942 4 2 1 1 483 484 476 1906
5943 4 2 1 1 623 590 555 2058
5944 4 2 1 1 841 855 818 2216
5945 4 2 1 1 2188 2217 2019 1935
5946 4 2 1 1 655 2185 2030 2078
5947 4 2 1 1 704 709 298 2161
5948 4 2 1 1 716 695 691 1975
5949 4 2 1 1 2016 2054 2218 1895
5950 4 2 1 1 1949 1993 1971 2136
5951 4 2 1 1 468 445 488 2033
5952 4 2 1 1 361 426 362 1893
5953 4 2 1 1 2134 2174 1992 2127
5954 4 2 1 1 2132 1998 2203 2165
5955 4 2 1 1 468 460 459 1902
5956 4 2 1 1 1963 2095 2105 1946
5957 4 2 1 1 1959 2214 2182 2125
5958 4 2 1 1 794 2019 763 2148
5959 4 2 1 1 389 819 815 816
5960 4 2 1 1 586 594 596 2118
5961 4 2 1 1 2124 2176 2035 2111
5962 4 2 1 1 2035 2176 2092 2111
5963 4 2 1 1 808 776 456 2057
5964 4 2 1 1 444 519 100 2167
5965 4 2 1 1 585 588 559 1896
5966 4 2 1 1 284 821 823 2161
5967 4 2 1 1 767 2021 2088 1945
5968 4 2 1 1 786 2057 787 2187
5969 4 2 1 1 507 506 428 2043
5970 4 2 1 1 2081 2048 1996 2046
5971 4 2 1 1 2100 2034 2025 1936
5972 4 2 1 1 1966 2186 1968 1947
5973 4 2 1 1 467 523 524 1968
5974 4 2 1 1 1970 2192 2131 1942
5975 4 2 1 1 2122 1903 2143 1941
5976 4 2 1 1 258 257 764 1927
5977 4 2 1 1 276 398 346 2138
5978 4 2 1 1 533 472 535 2152
5979 4 2 1 1 827 846 828 2094
5980 4 2 1 1 1960 1996 2048 2046
5981 4 2 1 1 359 343 342 2143
5982 4 2 1 1 596 2118 594 1918
5983 4 2 1 1 444 626 2048 2167
5984 4 2 1 1 417 358 349 2200
5985 4 2 1 1 2153 2213 2031 2024
5986 4 2 1 1 2009 2182 2135 2140
5987 4 2 1 1 1982 2019 2202 2148
5988 4 2 1 1 283 2053 311 2082
5989 4 2 1 1 1982 1987 2017 1928
5990 4 2 1 1 2131 2192 1970 2002
5991 4 2 1 1 718 120 717 2029
5992 4 2 1 1 419 736 742 2071
5993 4 2 1 1 110 628 437 436
5994 4 2 1 1 1950 1912 2064 2075
5995 4 2 1 1 752 753 1912 1943
5996 4 2 1 1 249 250 251 2120
5997 4 2 1 1 2092 2035 2111 1995
5998 4 2 1 1 409 1910 2051 1927
5999 4 2 1 1 343 359 372 1903
6000 4 2 1 1 1988 2008 2015 1923
6001 4 2 1 1 838 354 353 256
6002 4 2 1 1 359 1899 372 1903
6003 4 2 1 1 808 455 96 517
6004 4 2 1 1 675 743 756 1912
6005 4 2 1 1 537 525 433 1908
6006 4 2 1 1 1958 2102 1890 1938
6007 4 2 1 1 788 781 1991 2187
6008 4 2 1 1 486 1952 435 2108
6009 4 2 1 1 855 383 250 860
6010 4 2 1 1 446 2033 468 1902
6011 4 2 1 1 783 866 802 2015
6012 4 2 1 1 822 811 810 1927
6013 4 2 1 1 742 299 419 2071
6014 4 2 1 1 633 568 2022 1926
6015 4 2 1 1 434 2011 432 2189
6016 4 2 1 1 277 2027 2018 1944
6017 4 2 1 1 853 2051 768 1927
6018 4 2 1 1 2157 2130 1962 1921
6019 4 2 1 1 700 2040 2037 1929
6020 4 2 1 1 1951 1915 2212 2056
6021 4 2 1 1 556 557 2143 2050
6022 4 2 1 1 377 724 660 2179
6023 4 2 1 1 817 2183 804 2086
6024 4 2 1 1 519 2006 2043 2167
6025 4 2 1 1 422 1906 283 1944
6026 4 2 1 1 2097 2076 2038 2017
6027 4 2 1 1 578 2194 558 2050
6028 4 2 1 1 679 685 2037 2078
6029 4 2 1 1 2210 1912 753 1943
6030 4 2 1 1 2096 2081 1996 2046
6031 4 2 1 1 369 2001 2004 2012
6032 4 2 1 1 2132 2165 1923 1928
6033 4 2 1 1 771 2204 836 2005
6034 4 2 1 1 1964 2201 2193 2171
6035 4 2 1 1 1969 2094 2160 1935
6036 4 2 1 1 1963 1914 2197 1946
6037 4 2 1 1 440 438 2022 1940
6038 4 2 1 1 688 686 754 2007
6039 4 2 1 1 439 441 440 2163
6040 4 2 1 1 419 356 736 2071
6041 4 2 1 1 562 560 542 1919
6042 4 2 1 1 824 790 784 2127
6043 4 2 1 1 326 330 1953 2170
6044 4 2 1 1 627 115 758 2119
6045 4 2 1 1 2018 1917 1906 1944
6046 4 2 1 1 1960 2048 2178 2167
6047 4 2 1 1 536 531 501 2035
6048 4 2 1 1 273 402 410 2105
6049 4 2 1 1 805 803 804 2183
6050 4 2 1 1 2070 2110 1986 2101
6051 4 2 1 1 825 870 840 2219
6052 4 2 1 1 802 863 779 2015
6053 4 2 1 1 532 483 476 1906
6054 4 2 1 1 817 2042 818 2216
6055 4 2 1 1 393 1902 315 2077
6056 4 2 1 1 327 426 1979 1893
6057 4 2 1 1 336 382 337 1919
6058 4 2 1 1 399 311 2053 1908
6059 4 2 1 1 2157 2003 2123 2173
6060 4 2 1 1 729 721 659 2089
6061 4 2 1 1 523 503 2034 1995
6062 4 2 1 1 720 662 2119 1897
6063 4 2 1 1 444 2048 442 2046
6064 4 2 1 1 791 2038 1898 1920
6065 4 2 1 1 541 2122 630 1897
6066 4 2 1 1 2064 2173 1950 2075
6067 4 2 1 1 524 465 467 1968
6068 4 2 1 1 598 603 637 2155
6069 4 2 1 1 1958 2208 2099 1895
6070 4 2 1 1 681 671 2032 2211
6071 4 2 1 1 564 604 611 1890
6072 4 2 1 1 1966 1979 2041 2027
6073 4 2 1 1 2045 2055 1959 1922
6074 4 2 1 1 768 814 1927 1931
6075 4 2 1 1 326 1953 325 2170
6076 4 2 1 1 444 100 626 2167
6077 4 2 1 1 531 2035 641 2159
6078 4 2 1 1 519 2043 631 2167
6079 4 2 1 1 277 391 281 2018
6080 4 2 1 1 301 307 300 2007
6081 4 2 1 1 2067 2044 1933 1942
6082 4 2 1 1 2026 1933 2044 1942
6083 4 2 1 1 461 341 421 1902
6084 4 2 1 1 718 603 120 2029
6085 4 2 1 1 323 370 321 1892
6086 4 2 1 1 2153 2024 2031 1938
6087 4 2 1 1 500 2014 2166 1909
6088 4 2 1 1 863 2015 802 2008
6089 4 2 1 1 631 626 100 2167
6090 4 2 1 1 436 439 438 2022
6091 4 2 1 1 728 2164 663 1897
6092 4 2 1 1 263 2004 2072 1930
6093 4 2 1 1 556 2143 540 2122
6094 4 2 1 1 824 760 762 1898
6095 4 2 1 1 2132 1889 2165 1928
6096 4 2 1 1 2070 2121 2059 1937
6097 4 2 1 1 2010 2004 2001 2012
6098 4 2 1 1 644 2035 641 2147
6099 4 2 1 1 2099 1895 2124 2147
6100 4 2 1 1 278 279 277 2027
6101 4 2 1 1 2134 2076 2038 2093
6102 4 2 1 1 788 2187 1991 2047
6103 4 2 1 1 682 2071 684 1956
6104 4 2 1 1 479 480 481 1977
6105 4 2 1 1 419 299 356 2071
6106 4 2 1 1 515 448 2204 2189
6107 4 2 1 1 485 466 443 2046
6108 4 2 1 1 2096 1977 2081 2046
6109 4 2 1 1 250 254 251 1986
6110 4 2 1 1 362 294 293 2175
6111 4 2 1 1 524 505 2023 2034
6112 4 2 1 1 763 2188 760 2217
6113 4 2 1 1 62 876 871 1952
6114 4 2 1 1 2060 2041 2169 2105
6115 4 2 1 1 730 870 68 872
6116 4 2 1 1 629 639 632 2159
6117 4 2 1 1 690 705 689 2003
6118 4 2 1 1 763 761 760 2188
6119 4 2 1 1 2097 2217 2188 1935
6120 4 2 1 1 766 1949 769 2005
6121 4 2 1 1 588 561 2178 1896
6122 4 2 1 1 358 331 425 1925
6123 4 2 1 1 264 2004 2010 2012
6124 4 2 1 1 551 550 549 1954
6125 4 2 1 1 697 705 680 2003
6126 4 2 1 1 845 795 797 2214
6127 4 2 1 1 326 330 2170 1899
6128 4 2 1 1 2016 2218 616 1895
6129 4 2 1 1 2152 1984 1901 1939
6130 4 2 1 1 702 658 683 2121
6131 4 2 1 1 793 792 863 2148
6132 4 2 1 1 631 2043 543 2167
6133 4 2 1 1 841 852 2120 2101
6134 4 2 1 1 834 836 843 2204
6135 4 2 1 1 429 2162 2006 2046
6136 4 2 1 1 548 2091 628 2098
6137 4 2 1 1 268 2205 2020 1946
6138 4 2 1 1 501 493 2172 2159
6139 4 2 1 1 861 785 831 1904
6140 4 2 1 1 543 544 545 2167
6141 4 2 1 1 765 257 258 1927
6142 4 2 1 1 2139 2187 2047 2104
6143 4 2 1 1 1991 2047 2187 2104
6144 4 2 1 1 447 427 2162 1902
6145 4 2 1 1 308 377 387 2179
6146 4 2 1 1 527 414 412 1906
6147 4 2 1 1 312 392 310 1993
6148 4 2 1 1 1965 1981 2166 2063
6149 4 2 1 1 382 380 337 2191
6150 4 2 1 1 469 490 464 2163
6151 4 2 1 1 1999 2030 2165 2078
6152 4 2 1 1 2121 2135 2062 1922
6153 4 2 1 1 369 2001 265 2004
6154 4 2 1 1 2124 2111 2035 2147
6155 4 2 1 1 734 658 702 2059
6156 4 2 1 1 791 2038 824 1898
6157 4 2 1 1 506 513 519 2043
6158 4 2 1 1 2010 1951 2004 1891
6159 4 2 1 1 693 673 692 2064
6160 4 2 1 1 322 349 292 1892
6161 4 2 1 1 667 678 714 2185
6162 4 2 1 1 617 366 618 1941
6163 4 2 1 1 316 315 341 1902
6164 4 2 1 1 809 808 96 517
6165 4 2 1 1 739 695 716 2028
6166 4 2 1 1 2153 1889 1890 1938
6167 4 2 1 1 736 416 702 356
6168 4 2 1 1 813 870 825 2219
6169 4 2 1 1 300 309 262 2007
6170 4 2 1 1 482 465 524 1947
6171 4 2 1 1 874 619 610 2091
6172 4 2 1 1 804 2183 817 1931
6173 4 2 1 1 876 809 508 1952
6174 4 2 1 1 1965 2163 2022 1940
6175 4 2 1 1 704 703 709 2161
6176 4 2 1 1 530 533 521 1992
6177 4 2 1 1 326 372 1899 1903
6178 4 2 1 1 1999 2165 2037 2078
6179 4 2 1 1 2038 2134 2093 2127
6180 4 2 1 1 409 2051 305 1927
6181 4 2 1 1 2157 1921 1962 1924
6182 4 2 1 1 827 828 733 2094
6183 4 2 1 1 500 495 469 2014
6184 4 2 1 1 766 767 768 2088
6185 4 2 1 1 251 276 249 2120
6186 4 2 1 1 260 264 2010 2012
6187 4 2 1 1 543 631 620 2043
6188 4 2 1 1 500 469 2166 2014
6189 4 2 1 1 787 1952 813 2219
6190 4 2 1 1 858 748 74 757
6191 4 2 1 1 654 655 653 2078
6192 4 2 1 1 685 700 679 2037
6193 4 2 1 1 2011 1971 1993 2189
6194 4 2 1 1 671 745 2032 2066
6195 4 2 1 1 2114 2166 1981 2014
6196 4 2 1 1 603 613 120 2029
6197 4 2 1 1 2168 2170 1967 1903
6198 4 2 1 1 553 115 627 2119
6199 4 2 1 1 345 398 334 2062
6200 4 2 1 1 440 2163 441 1940
6201 4 2 1 1 371 326 387 2170
6202 4 2 1 1 468 446 445 2033
6203 4 2 1 1 437 2091 435 2108
6204 4 2 1 1 485 442 1977 2046
6205 4 2 1 1 641 103 583 531
6206 4 2 1 1 621 607 329 620
6207 4 2 1 1 505 2034 458 1939
6208 4 2 1 1 307 377 308 2179
6209 4 2 1 1 2099 2208 2124 1895
6210 4 2 1 1 715 2184 714 2202
6211 4 2 1 1 1965 1926 1900 1940
6212 4 2 1 1 521 533 454 1984
6213 4 2 1 1 755 680 712 2123
6214 4 2 1 1 794 828 763 2019
6215 4 2 1 1 851 2184 715 2202
6216 4 2 1 1 669 721 757 2181
6217 4 2 1 1 718 652 637 2155
6218 4 2 1 1 798 2042 796 2103
6219 4 2 1 1 472 473 2023 2177
6220 4 2 1 1 2080 2196 2076 2017
6221 4 2 1 1 2120 2110 1959 2101
6222 4 2 1 1 484 475 476 1906
6223 4 2 1 1 357 597 400 595
6224 4 2 1 1 771 511 843 2204
6225 4 2 1 1 691 1975 690 2040
6226 4 2 1 1 671 670 669 2045
6227 4 2 1 1 474 482 524 2186
6228 4 2 1 1 1964 1920 2038 2093
6229 4 2 1 1 331 2118 1918 1925
6230 4 2 1 1 807 834 1911 1945
6231 4 2 1 1 717 716 701 2029
6232 4 2 1 1 321 325 330 1953
6233 4 2 1 1 810 814 822 1927
6234 4 2 1 1 267 2020 268 2205
6235 4 2 1 1 851 2202 794 2148
6236 4 2 1 1 790 824 791 2127
6237 4 2 1 1 2164 630 2122 1897
6238 4 2 1 1 2196 1923 2065 2017
6239 4 2 1 1 641 2035 583 2147
6240 4 2 1 1 395 396 298 2059
6241 4 2 1 1 787 2187 1952 2219
6242 4 2 1 1 454 1909 1984 1939
6243 4 2 1 1 353 854 352 1949
6244 4 2 1 1 2043 2195 1960 2006
6245 4 2 1 1 728 624 113 727
6246 4 2 1 1 625 631 99 513
6247 4 2 1 1 627 555 2119 2058
6248 4 2 1 1 622 101 626 2048
6249 4 2 1 1 2039 1901 2025 1936
6250 4 2 1 1 523 2034 479 1995
6251 4 2 1 1 837 1920 1898 2086
6252 4 2 1 1 2009 2135 2182 1932
6253 4 2 1 1 743 675 673 1912
6254 4 2 1 1 593 596 558 2194
6255 4 2 1 1 281 2018 1906 1944
6256 4 2 1 1 1963 2105 2095 2190
6257 4 2 1 1 2135 2032 2211 2140
6258 4 2 1 1 431 433 449 2053
6259 4 2 1 1 2048 2006 1960 2046
6260 4 2 1 1 767 2088 867 1945
6261 4 2 1 1 784 785 2174 2127
6262 4 2 1 1 438 439 440 2022
6263 4 2 1 1 469 2166 463 1909
6264 4 2 1 1 2042 1983 2125 2216
6265 4 2 1 1 1964 2084 1898 2086
6266 4 2 1 1 2011 1908 432 2189
6267 4 2 1 1 600 628 548 2091
6268 4 2 1 1 424 257 259 1927
6269 4 2 1 1 101 516 444 2048
6270 4 2 1 1 2175 1933 2026 1942
6271 4 2 1 1 547 550 1954 2098
6272 4 2 1 1 808 787 786 2057
6273 4 2 1 1 1960 2162 1996 2046
6274 4 2 1 1 262 309 369 2012
6275 4 2 1 1 744 745 747 2066
6276 4 2 1 1 632 563 629 1907
6277 4 2 1 1 1998 2142 2107 1900
6278 4 2 1 1 753 751 756 2058
6279 4 2 1 1 261 2062 335 2071
6280 4 2 1 1 837 803 1920 2086
6281 4 2 1 1 658 670 683 2121
6282 4 2 1 1 818 855 822 2216
6283 4 2 1 1 451 476 1917 1906
6284 4 2 1 1 386 320 711 759
6285 4 2 1 1 866 777 786 2047
6286 4 2 1 1 261 335 270 2071
6287 4 2 1 1 489 469 495 2063
6288 4 2 1 1 840 870 68 2219
6289 4 2 1 1 678 696 699 2207
6290 4 2 1 1 457 490 439 2163
6291 4 2 1 1 1974 2175 2067 1893
6292 4 2 1 1 453 458 499 1939
6293 4 2 1 1 1967 2122 1897 1903
6294 4 2 1 1 700 2037 685 1929
6295 4 2 1 1 543 2191 544 2167
6296 4 2 1 1 479 481 536 1995
6297 4 2 1 1 360 1993 1949 2136
6298 4 2 1 1 634 635 616 2016
6299 4 2 1 1 354 1949 360 1993
6300 4 2 1 1 363 608 492 390
6301 4 2 1 1 771 515 511 2204
6302 4 2 1 1 332 336 333 1919
6303 4 2 1 1 781 713 82 722
6304 4 2 1 1 873 486 64 2091
6305 4 2 1 1 326 330 325 1953
6306 4 2 1 1 411 532 413 483
6307 4 2 1 1 721 772 72 862
6308 4 2 1 1 669 2181 747 2066
6309 4 2 1 1 2100 2025 1901 1936
6310 4 2 1 1 2164 1897 2122 1903
6311 4 2 1 1 364 571 365 572
6312 4 2 1 1 108 592 566 438
6313 4 2 1 1 281 277 2018 1944
6314 4 2 1 1 2080 2017 1987 1928
6315 4 2 1 1 547 551 650 1954
6316 4 2 1 1 475 2186 474 1917
6317 4 2 1 1 258 764 810 1927
6318 4 2 1 1 852 1986 2120 2101
6319 4 2 1 1 2096 1996 2162 2046
6320 4 2 1 1 702 683 684 2071
6321 4 2 1 1 808 809 787 1952
6322 4 2 1 1 403 2044 402 1930
6323 4 2 1 1 267 287 346 2205
6324 4 2 1 1 1951 1915 2126 2112
6325 4 2 1 1 565 2099 646 1895
6326 4 2 1 1 371 386 319 2168
6327 4 2 1 1 306 257 305 1927
6328 4 2 1 1 798 2216 2042 2103
6329 4 2 1 1 278 304 1979 2027
6330 4 2 1 1 2166 2014 2114 1909
6331 4 2 1 1 311 283 399 2053
6332 4 2 1 1 306 853 854 764
6333 4 2 1 1 331 1918 332 1925
6334 4 2 1 1 289 323 292 1892
6335 4 2 1 1 393 2195 421 1902
6336 4 2 1 1 763 2217 792 2148
6337 4 2 1 1 2146 2009 2182 1932
6338 4 2 1 1 574 1900 629 1907
6339 4 2 1 1 264 345 260 2010
6340 4 2 1 1 550 601 552 1957
6341 4 2 1 1 2144 2095 2190 1916
6342 4 2 1 1 535 2023 505 1939
6343 4 2 1 1 538 553 554 2119
6344 4 2 1 1 449 433 451 2053
6345 4 2 1 1 852 855 841 2120
6346 4 2 1 1 801 2184 793 2008
6347 4 2 1 1 685 2037 2078 1929
6348 4 2 1 1 789 790 1920 2127
6349 4 2 1 1 434 520 432 2011
6350 4 2 1 1 1963 2190 2095 1916
6351 4 2 1 1 712 705 693 2003
6352 4 2 1 1 1889 1999 1998 2165
6353 4 2 1 1 65 874 610 2091
6354 4 2 1 1 797 837 1898 2086
6355 4 2 1 1 2092 2034 2025 1995
6356 4 2 1 1 2132 1889 1998 2165
6357 4 2 1 1 616 585 2016 1895
6358 4 2 1 1 316 341 460 1902
6359 4 2 1 1 738 642 750 739
6360 4 2 1 1 1951 2085 1915 2112
6361 4 2 1 1 636 382 638 1919
6362 4 2 1 1 704 709 708 255
6363 4 2 1 1 800 866 788 2047
6364 4 2 1 1 681 671 680 2032
6365 4 2 1 1 599 577 554 2158
6366 4 2 1 1 2170 1899 1967 1903
6367 4 2 1 1 728 661 663 2164
6368 4 2 1 1 471 448 477 2177
6369 4 2 1 1 637 652 719 2155
6370 4 2 1 1 466 447 443 2046
6371 4 2 1 1 431 432 433 2189
6372 4 2 1 1 638 643 587 1918
6373 4 2 1 1 1959 2110 2138 1922
6374 4 2 1 1 561 544 2178 2048
6375 4 2 1 1 753 756 743 1912
6376 4 2 1 1 2121 2071 2062 1956
6377 4 2 1 1 2144 2190 2201 1916
6378 4 2 1 1 660 737 724 377
6379 4 2 1 1 2113 1990 1974 1893
6380 4 2 1 1 804 817 806 1931
6381 4 2 1 1 573 1900 580 1926
6382 4 2 1 1 369 2004 264 2012
6383 4 2 1 1 703 317 820 318
6384 4 2 1 1 709 2161 657 2059
6385 4 2 1 1 1980 2171 1914 1916
6386 4 2 1 1 437 628 619 2091
6387 4 2 1 1 565 564 563 1907
6388 4 2 1 1 2201 2190 1963 1916
6389 4 2 1 1 2162 1960 2006 2046
6390 4 2 1 1 868 861 528 1904
6391 4 2 1 1 312 310 1908 1993
6392 4 2 1 1 781 782 788 1991
6393 4 2 1 1 1983 1914 2020 2205
6394 4 2 1 1 296 388 297 496
6395 4 2 1 1 687 676 674 2128
6396 4 2 1 1 481 531 536 2035
6397 4 2 1 1 874 873 64 2091
6398 4 2 1 1 556 2158 577 2050
6399 4 2 1 1 468 487 460 316
6400 4 2 1 1 531 641 645 2159
6401 4 2 1 1 115 720 758 2119
6402 4 2 1 1 448 449 450 2079
6403 4 2 1 1 357 595 253 1918
6404 4 2 1 1 720 662 675 2119
6405 4 2 1 1 704 313 298 255
6406 4 2 1 1 1964 1898 2038 1920
6407 4 2 1 1 2011 1971 2189 2005
6408 4 2 1 1 611 2142 580 1900
6409 4 2 1 1 560 544 542 2191
6410 4 2 1 1 649 650 551 1954
6411 4 2 1 1 306 764 257 1927
6412 4 2 1 1 288 402 403 2044
6413 4 2 1 1 2042 2171 2183 2086
6414 4 2 1 1 351 373 605 324
6415 4 2 1 1 469 500 2166 1909
6416 4 2 1 1 277 279 391 1985
6417 4 2 1 1 427 2195 428 2006
6418 4 2 1 1 523 479 503 1995
6419 4 2 1 1 1949 1993 2011 2005
6420 4 2 1 1 2139 2187 2057 2047
6421 4 2 1 1 645 105 529 2159
6422 4 2 1 1 450 474 2186 1917
6423 4 2 1 1 454 1984 452 1939
6424 4 2 1 1 849 862 848 2055
6425 4 2 1 1 310 311 1908 1993
6426 4 2 1 1 353 352 354 1949
6427 4 2 1 1 841 2216 798 2103
6428 4 2 1 1 692 694 755 1994
6429 4 2 1 1 839 774 821 2161
6430 4 2 1 1 432 520 510 2011
6431 4 2 1 1 658 656 670 2121
6432 4 2 1 1 592 438 108 1940
6433 4 2 1 1 858 862 849 2181
6434 4 2 1 1 810 765 258 1927
6435 4 2 1 1 848 862 772 2055
6436 4 2 1 1 2126 1951 1891 1930
6437 4 2 1 1 565 563 2099 1907
6438 4 2 1 1 601 580 552 1926
6439 4 2 1 1 530 830 89 2199
6440 4 2 1 1 260 2062 261 2012
6441 4 2 1 1 1971 1993 1949 2005
6442 4 2 1 1 1980 2051 1910 1931
6443 4 2 1 1 668 735 655 1934
6444 4 2 1 1 624 728 630 2164
6445 4 2 1 1 499 2172 493 2014
6446 4 2 1 1 327 328 406 2169
6447 4 2 1 1 714 715 677 2184
6448 4 2 1 1 725 668 1991 2104
6449 4 2 1 1 309 368 369 2001
6450 4 2 1 1 638 1918 587 1919
6451 4 2 1 1 457 455 456 2057
6452 4 2 1 1 720 2119 553 1897
6453 4 2 1 1 509 432 510 1908
6454 4 2 1 1 494 493 502 1997
6455 4 2 1 1 840 68 713 2219
6456 4 2 1 1 412 532 527 1906
6457 4 2 1 1 618 2164 539 1941
6458 4 2 1 1 256 838 815 819
6459 4 2 1 1 2004 1891 1951 1930
6460 4 2 1 1 2100 1901 2039 1936
6461 4 2 1 1 726 703 821 2161
6462 4 2 1 1 447 427 429 2162
6463 4 2 1 1 840 713 812 2219
6464 4 2 1 1 540 556 557 2143
6465 4 2 1 1 691 690 689 2040
6466 4 2 1 1 781 787 812 2187
6467 4 2 1 1 765 810 811 1927
6468 4 2 1 1 308 309 307 2007
6469 4 2 1 1 2120 1986 2110 2101
6470 4 2 1 1 524 523 505 2034
6471 4 2 1 1 1971 2011 1993 2005
6472 4 2 1 1 853 766 768 2051
6473 4 2 1 1 672 2211 682 1956
6474 4 2 1 1 1971 2204 2005 1945
6475 4 2 1 1 747 757 748 2181
6476 4 2 1 1 493 1997 494 2063
6477 4 2 1 1 796 2042 817 2086
6478 4 2 1 1 808 786 776 2057
6479 4 2 1 1 684 742 736 2071
6480 4 2 1 1 1981 2014 2166 2063
6481 4 2 1 1 2185 2165 2030 2078
6482 4 2 1 1 447 446 427 1902
6483 4 2 1 1 837 804 803 2086
6484 4 2 1 1 470 504 471 2199
6485 4 2 1 1 871 813 62 1952
6486 4 2 1 1 698 696 697 2207
6487 4 2 1 1 1949 2088 1971 2005
6488 4 2 1 1 841 2103 842 2101
6489 4 2 1 1 2146 2020 2112 1932
6490 4 2 1 1 2015 2008 2065 1923
6491 4 2 1 1 475 1917 476 1906
6492 4 2 1 1 812 2187 787 2219
6493 4 2 1 1 616 2218 569 1895
6494 4 2 1 1 658 2059 657 2089
6495 4 2 1 1 482 488 445 1947
6496 4 2 1 1 546 124 665 650
6497 4 2 1 1 302 402 2126 1930
6498 4 2 1 1 537 420 407 1908
6499 4 2 1 1 293 295 425 2175
6500 4 2 1 1 1951 2212 2036 2056
6501 4 2 1 1 1971 2005 2088 1945
6502 4 2 1 1 358 425 355 2200
6503 4 2 1 1 372 326 371 1903
6504 4 2 1 1 627 2119 758 2058
6505 4 2 1 1 553 720 115 2119
6506 4 2 1 1 303 283 378 2082
6507 4 2 1 1 547 548 550 2098
6508 4 2 1 1 833 504 89 2199
6509 4 2 1 1 769 766 832 1949
6510 4 2 1 1 572 540 557 2143
6511 4 2 1 1 854 766 853 1949
6512 4 2 1 1 670 671 672 1956
6513 4 2 1 1 492 401 363 390
6514 4 2 1 1 758 2119 675 2058
6515 4 2 1 1 399 404 311 1908
6516 4 2 1 1 677 715 851 2184
6517 4 2 1 1 729 772 72 721
6518 4 2 1 1 1973 2108 2091 2098
6519 4 2 1 1 437 435 436 2108
6520 4 2 1 1 422 281 413 1906
6521 4 2 1 1 703 317 318 298
6522 4 2 1 1 604 613 603 2029
6523 4 2 1 1 818 2042 798 2216
6524 4 2 1 1 284 839 821 2161
6525 4 2 1 1 1898 1920 1964 2086
6526 4 2 1 1 345 264 269 1891
6527 4 2 1 1 544 2048 626 2167
6528 4 2 1 1 632 641 644 2159
6529 4 2 1 1 630 728 114 1897
6530 4 2 1 1 280 393 315 2077
6531 4 2 1 1 764 258 306 257
6532 4 2 1 1 680 671 745 2032
6533 4 2 1 1 692 676 688 2128
6534 4 2 1 1 328 304 271 2041
6535 4 2 1 1 684 2071 683 1956
6536 4 2 1 1 735 653 655 2030
6537 4 2 1 1 571 597 365 579
6538 4 2 1 1 1960 2195 2162 2006
6539 4 2 1 1 638 252 643 1918
6540 4 2 1 1 272 405 286 2197
6541 4 2 1 1 836 767 867 1945
6542 4 2 1 1 1963 2105 2126 1946
6543 4 2 1 1 508 517 498 1952
6544 4 2 1 1 2019 2094 2188 1935
6545 4 2 1 1 802 779 783 2015
6546 4 2 1 1 311 375 2082 1993
6547 4 2 1 1 558 578 593 2194
6548 4 2 1 1 669 757 747 2181
6549 4 2 1 1 538 556 540 2122
6550 4 2 1 1 702 684 736 2071
6551 4 2 1 1 278 327 426 1979
6552 4 2 1 1 2038 2093 1920 2127
6553 4 2 1 1 501 502 493 2159
6554 4 2 1 1 370 263 265 2004
6555 4 2 1 1 384 385 381 2043
6556 4 2 1 1 761 846 845 2188
6557 4 2 1 1 695 690 1975 1943
6558 4 2 1 1 401 491 506 492
6559 4 2 1 1 375 1993 360 2136
6560 4 2 1 1 276 274 249 2120
6561 4 2 1 1 397 251 291 1986
6562 4 2 1 1 656 2045 670 2089
6563 4 2 1 1 297 497 296 496
6564 4 2 1 1 465 445 466 1947
6565 4 2 1 1 278 304 328 1979
6566 4 2 1 1 498 517 486 1952
6567 4 2 1 1 264 1891 2004 1930
6568 4 2 1 1 539 2164 2122 1941
6569 4 2 1 1 62 809 876 1952
6570 4 2 1 1 713 68 730 2219
6571 4 2 1 1 644 646 2099 2147
6572 4 2 1 1 444 516 442 2048
6573 4 2 1 1 2042 2216 2125 2103
6574 4 2 1 1 820 821 703 2161
6575 4 2 1 1 797 837 762 1898
6576 4 2 1 1 443 444 442 2046
6577 4 2 1 1 2164 1903 2122 1941
6578 4 2 1 1 552 580 598 2142
6579 4 2 1 1 2182 2125 2146 1932
6580 4 2 1 1 437 619 874 2091
6581 4 2 1 1 570 540 572 1941
6582 4 2 1 1 2162 1902 2195 2077
6583 4 2 1 1 444 626 101 2048
6584 4 2 1 1 472 473 535 2023
6585 4 2 1 1 319 706 710 711
6586 4 2 1 1 638 252 1918 1919
6587 4 2 1 1 1959 2103 2120 2101
6588 4 2 1 1 823 284 839 821
6589 4 2 1 1 630 2164 728 1897
6590 4 2 1 1 441 490 469 2163
6591 4 2 1 1 254 284 251 1986
6592 4 2 1 1 435 486 517 1952
6593 4 2 1 1 269 268 267 2020
6594 4 2 1 1 348 415 416 734
6595 4 2 1 1 874 64 437 2091
6596 4 2 1 1 1920 2093 2116 2127
6597 4 2 1 1 537 407 525 1908
6598 4 2 1 1 574 611 580 1900
6599 4 2 1 1 1950 2210 1912 2075
6600 4 2 1 1 604 609 612 2102
6601 4 2 1 1 2184 2185 1988 1934
6602 4 2 1 1 661 660 662 2168
6603 4 2 1 1 614 635 591 2218
6604 4 2 1 1 1952 2187 1973 2219
6605 4 2 1 1 705 690 693 2003
6606 4 2 1 1 555 554 553 2119
6607 4 2 1 1 461 459 341 1902
6608 4 2 1 1 272 273 2105 1946
6609 4 2 1 1 318 298 284 2161
6610 4 2 1 1 541 630 553 1897
6611 4 2 1 1 601 552 1957 1926
6612 4 2 1 1 268 2020 269 1891
6613 4 2 1 1 343 1903 379 1941
6614 4 2 1 1 454 533 452 1984
6615 4 2 1 1 2037 2165 1889 1928
6616 4 2 1 1 424 2013 423 1927
6617 4 2 1 1 548 628 567 2098
6618 4 2 1 1 793 851 794 2148
6619 4 2 1 1 521 454 518 1904
6620 4 2 1 1 786 787 788 2187
6621 4 2 1 1 341 459 460 1902
6622 4 2 1 1 346 398 345 2138
6623 4 2 1 1 1971 1993 2082 2136
6624 4 2 1 1 487 418 314 1985
6625 4 2 1 1 508 809 517 1952
6626 4 2 1 1 108 438 440 1940
6627 4 2 1 1 668 723 722 1991
6628 4 2 1 1 752 753 743 1912
6629 4 2 1 1 2037 2165 2185 2078
6630 4 2 1 1 2070 2110 1922 1937
6631 4 2 1 1 588 582 561 1896
6632 4 2 1 1 515 431 448 2189
6633 4 2 1 1 792 760 824 2217
6634 4 2 1 1 630 114 553 1897
6635 4 2 1 1 303 282 283 1944
6636 4 2 1 1 831 865 861 1904
6637 4 2 1 1 865 90 534 830
6638 4 2 1 1 384 507 506 401
6639 4 2 1 1 429 447 2162 2046
6640 4 2 1 1 596 594 595 1918
6641 4 2 1 1 260 345 261 2062
6642 4 2 1 1 791 1920 790 2127
6643 4 2 1 1 732 699 698 2207
6644 4 2 1 1 595 400 357 253
6645 4 2 1 1 794 763 792 2148
6646 4 2 1 1 471 472 470 2177
6647 4 2 1 1 503 458 505 2034
6648 4 2 1 1 668 723 1991 1934
6649 4 2 1 1 634 585 584 2016
6650 4 2 1 1 771 836 769 2005
6651 4 2 1 1 291 284 298 2161
6652 4 2 1 1 290 288 289 1933
6653 4 2 1 1 588 561 559 2178
6654 4 2 1 1 429 444 443 2046
6655 4 2 1 1 581 582 1896 2147
6656 4 2 1 1 259 257 765 1927
6657 4 2 1 1 767 806 768 1931
6658 4 2 1 1 450 2079 449 1917
6659 4 2 1 1 475 451 476 1917
6660 4 2 1 1 738 739 716 2028
6661 4 2 1 1 369 265 264 2004
6662 4 2 1 1 788 787 781 2187
6663 4 2 1 1 423 2013 285 1910
6664 4 2 1 1 420 537 509 1908
6665 4 2 1 1 2123 2211 2032 2140
6666 4 2 1 1 454 453 1909 1939
6667 4 2 1 1 769 799 770 2005
6668 4 2 1 1 530 89 470 2199
6669 4 2 1 1 826 800 788 1991
6670 4 2 1 1 2022 1926 1965 1940
6671 4 2 1 1 798 796 795 2103
6672 4 2 1 1 1997 2014 1981 2063
6673 4 2 1 1 537 432 509 1908
6674 4 2 1 1 266 2197 2205 1946
6675 4 2 1 1 545 631 543 2167
6676 4 2 1 1 1969 2188 2094 1935
6677 4 2 1 1 784 790 785 2127
6678 4 2 1 1 540 2122 2143 1941
6679 4 2 1 1 320 386 737 759
6680 4 2 1 1 732 731 699 2202
6681 4 2 1 1 423 2013 1910 1927
6682 4 2 1 1 464 478 462 1913
6683 4 2 1 1 392 354 310 1993
6684 4 2 1 1 328 327 278 1979
6685 4 2 1 1 677 826 79 666
6686 4 2 1 1 659 656 657 2089
6687 4 2 1 1 331 332 333 1925
6688 4 2 1 1 636 638 542 1919
6689 4 2 1 1 807 836 834 1945
6690 4 2 1 1 437 64 486 2091
6691 4 2 1 1 644 565 563 2099
6692 4 2 1 1 695 739 753 1943
6693 4 2 1 1 1980 1914 2197 1916
6694 4 2 1 1 1963 2197 1914 1916
6695 4 2 1 1 1976 1912 2210 2075
6696 4 2 1 1 428 2043 519 2006
6697 4 2 1 1 2126 2105 273 1946
6698 4 2 1 1 1960 2043 2006 2167
6699 4 2 1 1 805 807 864 1911
6700 4 2 1 1 310 311 312 1908
6701 4 2 1 1 693 690 752 1943
6702 4 2 1 1 476 527 532 1906
6703 4 2 1 1 275 423 424 2013
6704 4 2 1 1 637 719 549 2155
6705 4 2 1 1 457 439 435 2108
6706 4 2 1 1 692 688 1994 2128
6707 4 2 1 1 544 543 542 2191
6708 4 2 1 1 669 2045 656 2089
6709 4 2 1 1 679 2185 655 2078
6710 4 2 1 1 771 769 770 2005
6711 4 2 1 1 638 382 252 1919
6712 4 2 1 1 729 726 773 2161
6713 4 2 1 1 1960 2006 2048 2167
6714 4 2 1 1 744 732 698 2094
6715 4 2 1 1 454 452 453 1939
6716 4 2 1 1 855 857 811 383
6717 4 2 1 1 285 2197 286 1910
6718 4 2 1 1 284 291 251 1986
6719 4 2 1 1 674 673 2109 2128
6720 4 2 1 1 375 2082 1993 2136
6721 4 2 1 1 637 603 120 718
6722 4 2 1 1 791 789 790 1920
6723 4 2 1 1 516 622 102 615
6724 4 2 1 1 628 600 610 2091
6725 4 2 1 1 682 684 683 1956
6726 4 2 1 1 720 553 114 1897
6727 4 2 1 1 767 836 807 1945
6728 4 2 1 1 2195 1902 393 2077
6729 4 2 1 1 590 591 599 2215
6730 4 2 1 1 532 413 412 411
6731 4 2 1 1 410 271 273 2105
6732 4 2 1 1 787 809 813 1952
6733 4 2 1 1 430 444 429 2006
6734 4 2 1 1 2183 2171 1964 2086
6735 4 2 1 1 373 606 351 605
6736 4 2 1 1 791 1898 837 1920
6737 4 2 1 1 421 341 393 1902
6738 4 2 1 1 398 2110 397 1937
6739 4 2 1 1 469 463 500 1909
6740 4 2 1 1 831 790 829 2127
6741 4 2 1 1 87 771 511 843
6742 4 2 1 1 1950 1912 2210 1943
6743 4 2 1 1 310 354 360 1993
6744 4 2 1 1 411 413 391 483
6745 4 2 1 1 810 768 814 1927
6746 4 2 1 1 691 695 690 1975
6747 4 2 1 1 693 743 673 1912
6748 4 2 1 1 611 574 563 1907
6749 4 2 1 1 788 782 826 1991
6750 4 2 1 1 567 109 566 436
6751 4 2 1 1 667 2185 2184 1934
6752 4 2 1 1 569 565 646 1895
6753 4 2 1 1 718 685 654 2078
6754 4 2 1 1 437 628 110 619
6755 4 2 1 1 428 519 430 2006
6756 4 2 1 1 844 795 849 2214
6757 4 2 1 1 547 124 546 650
6758 4 2 1 1 708 734 415 2059
6759 4 2 1 1 682 681 694 2211
6760 4 2 1 1 687 674 660 2179
6761 4 2 1 1 82 812 840 713
6762 4 2 1 1 821 70 703 726
6763 4 2 1 1 832 799 769 2005
6764 4 2 1 1 536 2172 499 1995
6765 4 2 1 1 613 119 717 640
6766 4 2 1 1 841 818 798 2216
6767 4 2 1 1 89 830 833 2199
6768 4 2 1 1 456 455 95 808
6769 4 2 1 1 461 427 459 1902
6770 4 2 1 1 803 791 837 1920
6771 4 2 1 1 528 861 91 1904
6772 4 2 1 1 720 114 728 1897
6773 4 2 1 1 634 616 585 2016
6774 4 2 1 1 293 2175 425 1925
6775 4 2 1 1 817 796 798 2042
6776 4 2 1 1 511 515 448 2204
6777 4 2 1 1 281 1906 422 1944
6778 4 2 1 1 852 774 1986 2101
6779 4 2 1 1 553 627 555 2119
6780 4 2 1 1 308 387 326 2170
6781 4 2 1 1 273 271 272 2105
6782 4 2 1 1 854 353 352 306
6783 4 2 1 1 438 566 109 436
6784 4 2 1 1 428 506 519 2043
6785 4 2 1 1 518 454 463 1909
6786 4 2 1 1 395 415 348 2059
6787 4 2 1 1 260 369 264 2012
6788 4 2 1 1 266 2197 285 2205
6789 4 2 1 1 538 554 556 2158
6790 4 2 1 1 561 626 544 2048
6791 4 2 1 1 639 502 632 2159
6792 4 2 1 1 367 343 379 1941
6793 4 2 1 1 867 769 836 2005
6794 4 2 1 1 651 650 649 1954
6795 4 2 1 1 530 534 90 830
6796 4 2 1 1 789 829 790 2127
6797 4 2 1 1 829 835 830 2199
6798 4 2 1 1 61 825 813 870
6799 4 2 1 1 630 541 539 2122
6800 4 2 1 1 795 2214 844 2103
6801 4 2 1 1 515 771 86 770
6802 4 2 1 1 840 812 825 2219
6803 4 2 1 1 841 842 852 2101
6804 4 2 1 1 624 630 618 2164
6805 4 2 1 1 710 728 727 2164
6806 4 2 1 1 771 843 836 2204
6807 4 2 1 1 563 564 611 1907
6808 4 2 1 1 495 2014 493 2063
6809 4 2 1 1 87 771 515 511
6810 4 2 1 1 630 539 2164 2122
6811 4 2 1 1 518 462 528 1913
6812 4 2 1 1 491 506 507 401
6813 4 2 1 1 758 720 675 2119
6814 4 2 1 1 810 764 853 1927
6815 4 2 1 1 647 609 614 2102
6816 4 2 1 1 84 514 815 496
6817 4 2 1 1 691 701 716 1929
6818 4 2 1 1 433 527 476 1906
6819 4 2 1 1 722 725 668 1991
6820 4 2 1 1 2010 2004 264 1891
6821 4 2 1 1 652 653 649 2155
6822 4 2 1 1 485 443 442 2046
6823 4 2 1 1 504 470 89 2199
6824 4 2 1 1 554 577 556 2158
6825 4 2 1 1 633 601 568 1926
6826 4 2 1 1 776 456 95 808
6827 4 2 1 1 827 74 847 748
6828 4 2 1 1 2003 1924 1950 2173
6829 4 2 1 1 2157 1924 2003 2173
6830 4 2 1 1 801 793 802 2008
6831 4 2 1 1 293 294 295 2175
6832 4 2 1 1 459 446 468 1902
6833 4 2 1 1 94 775 478 776
6834 4 2 1 1 382 336 252 1919
6835 4 2 1 1 869 873 875 2091
6836 4 2 1 1 96 508 809 517
6837 4 2 1 1 264 2004 263 1930
6838 4 2 1 1 499 536 501 2172
6839 4 2 1 1 2146 2112 2009 1932
6840 4 2 1 1 598 549 552 2155
6841 4 2 1 1 861 865 91 1904
6842 4 2 1 1 785 790 831 2127
6843 4 2 1 1 406 410 402 2169
6844 4 2 1 1 569 616 614 2218
6845 4 2 1 1 332 1918 252 1919
6846 4 2 1 1 828 76 733 732
6847 4 2 1 1 361 338 339 1990
6848 4 2 1 1 299 270 356 2071
6849 4 2 1 1 1952 2091 1973 2108
6850 4 2 1 1 499 493 453 2014
6851 4 2 1 1 79 826 677 801
6852 4 2 1 1 451 433 476 1906
6853 4 2 1 1 450 475 474 1917
6854 4 2 1 1 375 310 360 1993
6855 4 2 1 1 105 645 632 2159
6856 4 2 1 1 728 710 661 2164
6857 4 2 1 1 700 691 2040 1929
6858 4 2 1 1 528 91 521 1904
6859 4 2 1 1 624 728 113 630
6860 4 2 1 1 631 519 99 513
6861 4 2 1 1 672 681 682 2211
6862 4 2 1 1 783 778 775 1913
6863 4 2 1 1 353 854 856 306
6864 4 2 1 1 757 73 858 862
6865 4 2 1 1 93 478 775 1913
6866 4 2 1 1 795 845 849 2214
6867 4 2 1 1 314 418 487 316
6868 4 2 1 1 562 586 559 1905
6869 4 2 1 1 693 752 743 1912
6870 4 2 1 1 850 715 731 2202
6871 4 2 1 1 813 825 812 2219
6872 4 2 1 1 681 672 671 2211
6873 4 2 1 1 608 363 607 390
6874 4 2 1 1 348 396 2059 1937
6875 4 2 1 1 423 275 285 2013
6876 4 2 1 1 529 501 531 2159
6877 4 2 1 1 847 858 849 2181
6878 4 2 1 1 402 273 302 2126
6879 4 2 1 1 610 619 628 2091
6880 4 2 1 1 272 2197 266 1946
6881 4 2 1 1 2204 2189 1971 2005
6882 4 2 1 1 442 480 485 1977
6883 4 2 1 1 551 649 123 650
6884 4 2 1 1 658 657 656 2089
6885 4 2 1 1 674 673 675 2109
6886 4 2 1 1 870 813 62 871
6887 4 2 1 1 311 404 312 1908
6888 4 2 1 1 509 510 497 297
6889 4 2 1 1 391 418 483 1985
6890 4 2 1 1 547 550 551 1954
6891 4 2 1 1 661 759 660 2168
6892 4 2 1 1 691 1975 2040 1929
6893 4 2 1 1 679 678 667 2185
6894 4 2 1 1 88 843 504 833
6895 4 2 1 1 850 794 851 2202
6896 4 2 1 1 644 646 565 2099
6897 4 2 1 1 278 277 304 2027
6898 4 2 1 1 807 834 835 1911
6899 4 2 1 1 818 817 798 2042
6900 4 2 1 1 853 768 810 1927
6901 4 2 1 1 578 558 577 2050
6902 4 2 1 1 725 735 668 2104
6903 4 2 1 1 843 511 88 504
6904 4 2 1 1 528 462 868 1913
6905 4 2 1 1 295 2175 294 1933
6906 4 2 1 1 730 67 665 872
6907 4 2 1 1 467 485 479 1977
6908 4 2 1 1 61 825 870 840
6909 4 2 1 1 701 718 717 2029
6910 4 2 1 1 839 859 774 1986
6911 4 2 1 1 407 537 509 420
6912 4 2 1 1 793 801 851 2184
6913 4 2 1 1 668 666 723 1934
6914 4 2 1 1 520 515 86 770
6915 4 2 1 1 652 121 637 719
6916 4 2 1 1 667 2184 677 1934
6917 4 2 1 1 544 626 545 2167
6918 4 2 1 1 81 782 781 722
6919 4 2 1 1 872 8 665 546
6920 4 2 1 1 648 636 380 621
6921 4 2 1 1 302 2126 268 1891
6922 4 2 1 1 431 434 432 2189
6923 4 2 1 1 344 342 343 1941
6924 4 2 1 1 599 591 576 2215
6925 4 2 1 1 868 462 93 1913
6926 4 2 1 1 720 663 662 1897
6927 4 2 1 1 652 649 719 2155
6928 4 2 1 1 105 502 529 2159
6929 4 2 1 1 657 709 729 2161
6930 4 2 1 1 302 1891 264 1930
6931 4 2 1 1 122 719 551 549
6932 4 2 1 1 724 686 660 2179
6933 4 2 1 1 563 574 629 1907
6934 4 2 1 1 651 735 725 2104
6935 4 2 1 1 105 632 502 2159
6936 4 2 1 1 542 543 648 2191
6937 4 2 1 1 850 851 715 2202
6938 4 2 1 1 1896 2111 2124 2147
6939 4 2 1 1 821 773 726 2161
6940 4 2 1 1 361 362 338 1990
6941 4 2 1 1 545 626 631 2167
6942 4 2 1 1 399 422 412 1906
6943 4 2 1 1 866 786 788 2047
6944 4 2 1 1 339 385 394 2195
6945 4 2 1 1 729 709 726 2161
6946 4 2 1 1 692 688 694 1994
6947 4 2 1 1 813 809 62 1952
6948 4 2 1 1 368 265 369 2001
6949 4 2 1 1 362 327 294 1893
6950 4 2 1 1 436 435 439 2108
6951 4 2 1 1 331 340 332 1918
6952 4 2 1 1 738 717 119 640
6953 4 2 1 1 656 669 670 2045
6954 4 2 1 1 817 804 837 2086
6955 4 2 1 1 2067 1933 2175 1942
6956 4 2 1 1 352 360 354 1949
6957 4 2 1 1 655 2185 667 1934
6958 4 2 1 1 851 801 677 2184
6959 4 2 1 1 756 758 675 2058
6960 4 2 1 1 325 308 326 2170
6961 4 2 1 1 767 766 867 2088
6962 4 2 1 1 73 757 721 862
6963 4 2 1 1 493 499 501 2172
6964 4 2 1 1 309 300 307 2007
6965 4 2 1 1 875 874 65 2091
6966 4 2 1 1 453 2014 500 1909
6967 4 2 1 1 261 334 335 2062
6968 4 2 1 1 478 456 94 776
6969 4 2 1 1 474 475 482 2186
6970 4 2 1 1 782 81 723 722
6971 4 2 1 1 311 375 378 2082
6972 4 2 1 1 812 787 813 2219
6973 4 2 1 1 622 626 561 2048
6974 4 2 1 1 355 349 358 2200
6975 4 2 1 1 66 8 872 546
6976 4 2 1 1 648 636 382 380
6977 4 2 1 1 547 551 123 650
6978 4 2 1 1 677 667 714 2184
6979 4 2 1 1 282 2027 277 1944
6980 4 2 1 1 262 260 261 2012
6981 4 2 1 1 581 588 585 1896
6982 4 2 1 1 107 575 592 1940
6983 4 2 1 1 615 102 516 512
6984 4 2 1 1 709 657 708 2059
6985 4 2 1 1 797 796 837 2086
6986 4 2 1 1 574 580 573 1900
6987 4 2 1 1 266 272 286 2197
6988 4 2 1 1 473 524 505 2023
6989 4 2 1 1 765 764 810 258
6990 4 2 1 1 616 646 585 1895
6991 4 2 1 1 407 420 404 1908
6992 4 2 1 1 423 1910 409 1927
6993 4 2 1 1 718 121 637 652
6994 4 2 1 1 315 393 341 1902
6995 4 2 1 1 630 539 618 2164
6996 4 2 1 1 760 792 763 2217
6997 4 2 1 1 334 261 345 2062
6998 4 2 1 1 535 505 458 1939
6999 4 2 1 1 699 715 714 2202
7000 4 2 1 1 283 311 378 2082
7001 4 2 1 1 107 526 575 1940
7002 4 2 1 1 268 2126 273 1946
7003 4 2 1 1 291 396 397 1937
7004 4 2 1 1 348 347 396 1937
7005 4 2 1 1 785 780 784 2174
7006 4 2 1 1 76 828 731 732
7007 4 2 1 1 762 791 824 1898
7008 4 2 1 1 462 478 93 1913
7009 4 2 1 1 774 773 821 2161
7010 4 2 1 1 820 70 703 821
7011 4 2 1 1 112 727 624 707
7012 4 2 1 1 625 98 492 513
7013 4 2 1 1 601 573 580 1926
7014 4 2 1 1 662 674 675 2109
7015 4 2 1 1 598 580 602 2142
7016 4 2 1 1 609 647 612 2102
7017 4 2 1 1 270 335 356 2071
7018 4 2 1 1 439 490 441 2163
7019 4 2 1 1 330 359 350 1899
7020 4 2 1 1 2214 2125 1959 2103
7021 4 2 1 1 366 617 618 606
7022 4 2 1 1 837 796 817 2086
7023 4 2 1 1 669 656 721 2089
7024 4 2 1 1 793 863 802 2008
7025 4 2 1 1 707 605 373 324
7026 4 2 1 1 864 789 803 1920
7027 4 2 1 1 627 623 555 2058
7028 4 2 1 1 639 107 526 575
7029 4 2 1 1 744 748 733 2094
7030 4 2 1 1 429 443 447 2046
7031 4 2 1 1 487 483 418 1985
7032 4 2 1 1 406 288 294 1933
7033 4 2 1 1 304 277 282 2027
7034 4 2 1 1 830 835 833 2199
7035 4 2 1 1 726 709 703 2161
7036 4 2 1 1 378 2082 375 2136
7037 4 2 1 1 696 698 699 2207
7038 4 2 1 1 266 2205 268 1946
7039 4 2 1 1 525 407 537 509
7040 4 2 1 1 854 832 766 1949
7041 4 2 1 1 864 807 835 1911
7042 4 2 1 1 398 276 397 2110
7043 4 2 1 1 752 695 753 1943
7044 4 2 1 1 514 520 85 799
7045 4 2 1 1 816 84 815 496
7046 4 2 1 1 733 732 744 2094
7047 4 2 1 1 761 763 846 2188
7048 4 2 1 1 285 266 286 2197
7049 4 2 1 1 413 412 422 1906
7050 4 2 1 1 264 263 302 1930
7051 4 2 1 1 639 105 632 502
7052 4 2 1 1 700 685 691 1929
7053 4 2 1 1 321 322 323 1892
7054 4 2 1 1 854 353 856 838
7055 4 2 1 1 253 643 252 1918
7056 4 2 1 1 575 574 573 1900
7057 4 2 1 1 758 116 627 2058
7058 4 2 1 1 371 387 386 2168
7059 4 2 1 1 851 677 78 715
7060 4 2 1 1 637 549 598 2155
7061 4 2 1 1 574 575 629 1900
7062 4 2 1 1 428 430 429 2006
7063 4 2 1 1 548 567 568 2098
7064 4 2 1 1 372 379 343 1903
7065 4 2 1 1 411 391 418 483
7066 4 2 1 1 654 679 655 2078
7067 4 2 1 1 711 319 320 386
7068 4 2 1 1 873 874 875 2091
7069 4 2 1 1 326 372 330 1899
7070 4 2 1 1 366 344 367 1941
7071 4 2 1 1 581 582 588 1896
7072 4 2 1 1 116 751 623 2058
7073 4 2 1 1 116 750 623 751
7074 4 2 1 1 483 488 484 1985
7075 4 2 1 1 472 477 473 2177
7076 4 2 1 1 639 494 106 502
7077 4 2 1 1 792 793 794 2148
7078 4 2 1 1 635 614 616 2218
7079 4 2 1 1 674 676 673 2128
7080 4 2 1 1 347 398 397 1937
7081 4 2 1 1 719 649 122 551
7082 4 2 1 1 440 441 489 1940
7083 4 2 1 1 611 602 580 2142
7084 4 2 1 1 332 252 336 1919
7085 4 2 1 1 623 750 117 589
7086 4 2 1 1 559 561 560 2178
7087 4 2 1 1 720 728 663 1897
7088 4 2 1 1 302 273 268 2126
7089 4 2 1 1 528 868 92 861
7090 4 2 1 1 775 868 93 1913
7091 4 2 1 1 655 679 667 2185
7092 4 2 1 1 393 385 421 2195
7093 4 2 1 1 523 503 505 2034
7094 4 2 1 1 852 842 774 2101
7095 4 2 1 1 856 764 306 854
7096 4 2 1 1 528 93 868 462
7097 4 2 1 1 302 2126 1891 1930
7098 4 2 1 1 642 118 738 750
7099 4 2 1 1 665 67 8 872
7100 4 2 1 1 433 432 537 1908
7101 4 2 1 1 485 480 479 1977
7102 4 2 1 1 541 538 539 2122
7103 4 2 1 1 106 526 494 639
7104 4 2 1 1 359 330 372 1899
7105 4 2 1 1 314 391 279 1985
7106 4 2 1 1 434 431 515 2189
7107 4 2 1 1 495 493 494 2063
7108 4 2 1 1 762 837 791 1898
7109 4 2 1 1 731 715 699 2202
7110 4 2 1 1 623 627 116 2058
7111 4 2 1 1 285 286 409 1910
7112 4 2 1 1 770 85 520 799
7113 4 2 1 1 632 645 641 2159
7114 4 2 1 1 708 658 734 2059
7115 4 2 1 1 750 642 117 589
7116 4 2 1 1 826 782 80 723
7117 4 2 1 1 393 394 2195 2077
7118 4 2 1 1 667 677 666 1934
7119 4 2 1 1 493 500 453 2014
7120 4 2 1 1 302 403 402 1930
7121 4 2 1 1 103 102 615 512
7122 4 2 1 1 575 573 592 1940
7123 4 2 1 1 71 773 772 729
7124 4 2 1 1 396 395 348 2059
7125 4 2 1 1 859 852 774 1986
7126 4 2 1 1 418 391 314 1985
7127 4 2 1 1 842 2103 844 2101
7128 4 2 1 1 723 80 826 666
7129 4 2 1 1 409 374 360 2136
7130 4 2 1 1 644 581 646 2147
7131 4 2 1 1 562 542 587 1919
7132 4 2 1 1 328 410 406 2169
7133 4 2 1 1 311 310 375 1993
7134 4 2 1 1 257 424 423 1927
7135 4 2 1 1 253 252 332 1918
7136 4 2 1 1 505 535 473 2023
7137 4 2 1 1 116 758 751 2058
7138 4 2 1 1 84 514 799 815
7139 4 2 1 1 519 99 100 631
7140 4 2 1 1 630 113 114 728
7141 4 2 1 1 660 686 687 2179
7142 4 2 1 1 423 409 305 1927
7143 4 2 1 1 120 121 637 718
7144 4 2 1 1 489 2063 526 1940
7145 4 2 1 1 646 616 569 1895
7146 4 2 1 1 586 584 559 1905
7147 4 2 1 1 544 560 561 2178
7148 4 2 1 1 774 842 848 2101
7149 4 2 1 1 817 814 806 1931
7150 4 2 1 1 322 292 323 1892
7151 4 2 1 1 553 114 115 720
7152 4 2 1 1 70 821 773 726
7153 4 2 1 1 444 100 101 626
7154 4 2 1 1 400 597 365 571
7155 4 2 1 1 475 450 451 1917
7156 4 2 1 1 108 440 526 1940
7157 4 2 1 1 672 682 683 1956
7158 4 2 1 1 111 49 707 324
7159 4 2 1 1 528 92 91 861
7160 4 2 1 1 587 542 638 1919
7161 4 2 1 1 556 558 557 2050
7162 4 2 1 1 266 267 268 2205
7163 4 2 1 1 394 385 393 2195
7164 4 2 1 1 668 655 667 1934
7165 4 2 1 1 773 71 726 729
7166 4 2 1 1 772 72 71 729
7167 4 2 1 1 427 428 429 2006
7168 4 2 1 1 426 361 280 2077
7169 4 2 1 1 528 521 518 1904
7170 4 2 1 1 383 811 424 259
7171 4 2 1 1 378 375 374 2136
7172 4 2 1 1 36 491 401 492
7173 4 2 1 1 452 535 458 1939
7174 4 2 1 1 479 536 503 1995
7175 4 2 1 1 644 641 583 2147
7176 4 2 1 1 72 73 721 862
7177 4 2 1 1 445 465 482 1947
7178 4 2 1 1 707 373 111 324
7179 4 2 1 1 290 295 294 1933
7180 4 2 1 1 49 111 373 324
7181 4 2 1 1 841 798 842 2103
7182 4 2 1 1 74 733 748 827
7183 4 2 1 1 750 116 623 117
7184 4 2 1 1 617 618 539 1941
7185 4 2 1 1 605 112 624 707
7186 4 2 1 1 608 98 492 625
7187 4 2 1 1 76 733 827 828
7188 4 2 1 1 495 500 493 2014
7189 4 2 1 1 281 422 283 1944
7190 4 2 1 1 536 499 503 1995
7191 4 2 1 1 593 584 586 1905
7192 4 2 1 1 39 636 621 380
7193 4 2 1 1 63 64 873 486
7194 4 2 1 1 581 583 582 2147
7195 4 2 1 1 327 362 426 1893
7196 4 2 1 1 671 669 745 2066
7197 4 2 1 1 529 502 501 2159
7198 4 2 1 1 423 285 409 1910
7199 4 2 1 1 450 449 451 1917
7200 4 2 1 1 463 454 500 1909
7201 4 2 1 1 558 556 577 2050
7202 4 2 1 1 104 103 641 531
7203 4 2 1 1 689 700 691 2040
7204 4 2 1 1 798 795 844 2103
7205 4 2 1 1 839 284 15 254
7206 4 2 1 1 778 868 775 1913
7207 4 2 1 1 472 471 477 2177
7208 4 2 1 1 416 736 419 356
7209 4 2 1 1 74 733 827 75
7210 4 2 1 1 706 319 50 711
7211 4 2 1 1 302 269 264 1891
7212 4 2 1 1 301 55 742 299
7213 4 2 1 1 384 408 507 401
7214 4 2 1 1 488 483 487 1985
7215 4 2 1 1 540 539 538 2122
7216 4 2 1 1 781 82 81 722
7217 4 2 1 1 262 369 260 2012
7218 4 2 1 1 281 282 277 1944
7219 4 2 1 1 425 331 333 1925
7220 4 2 1 1 62 61 813 870
7221 4 2 1 1 437 7 874 619
7222 4 2 1 1 531 645 104 529
7223 4 2 1 1 351 366 606 373
7224 4 2 1 1 302 268 269 1891
7225 4 2 1 1 39 636 380 382
7226 4 2 1 1 63 876 508 498
7227 4 2 1 1 708 657 658 2059
7228 4 2 1 1 828 850 77 731
7229 4 2 1 1 685 701 691 1929
7230 4 2 1 1 568 550 548 2098
7231 4 2 1 1 36 97 492 363
7232 4 2 1 1 68 5 870 840
7233 4 2 1 1 848 842 844 2101
7234 4 2 1 1 526 106 107 639
7235 4 2 1 1 740 55 742 301
7236 4 2 1 1 530 90 89 830
7237 4 2 1 1 539 2122 540 1941
7238 4 2 1 1 696 700 689 2040
7239 4 2 1 1 737 386 320 377
7240 4 2 1 1 840 68 5 713
7241 4 2 1 1 659 721 656 2089
7242 4 2 1 1 719 122 637 549
7243 4 2 1 1 851 79 677 801
7244 4 2 1 1 492 401 36 363
7245 4 2 1 1 333 293 425 1925
7246 4 2 1 1 265 263 264 2004
7247 4 2 1 1 371 379 372 1903
7248 4 2 1 1 567 110 109 436
7249 4 2 1 1 266 285 287 2205
7250 4 2 1 1 679 654 685 2078
7251 4 2 1 1 332 340 253 1918
7252 4 2 1 1 78 850 851 715
7253 4 2 1 1 459 427 446 1902
7254 4 2 1 1 570 344 617 1941
7255 4 2 1 1 453 500 454 1909
7256 4 2 1 1 745 669 747 2066
7257 4 2 1 1 859 839 15 254
7258 4 2 1 1 764 19 20 258
7259 4 2 1 1 96 95 455 808
7260 4 2 1 1 423 305 257 1927
7261 4 2 1 1 874 65 610 619
7262 4 2 1 1 366 617 344 1941
7263 4 2 1 1 803 789 791 1920
7264 4 2 1 1 263 403 302 1930
7265 4 2 1 1 570 617 540 1941
7266 4 2 1 1 814 768 806 1931
7267 4 2 1 1 734 416 702 736
7268 4 2 1 1 104 641 645 531
7269 4 2 1 1 294 288 290 1933
7270 4 2 1 1 50 324 319 706
7271 4 2 1 1 268 272 266 1946
7272 4 2 1 1 488 487 468 1985
7273 4 2 1 1 420 312 404 1908
7274 4 2 1 1 509 27 407 420
7275 4 2 1 1 595 43 597 400
7276 4 2 1 1 571 364 570 572
7277 4 2 1 1 600 66 65 875
7278 4 2 1 1 668 667 666 1934
7279 4 2 1 1 373 111 605 707
7280 4 2 1 1 608 492 97 363
7281 4 2 1 1 86 87 771 515
7282 4 2 1 1 737 711 320 759
7283 4 2 1 1 765 259 258 257
7284 4 2 1 1 504 89 88 833
7285 4 2 1 1 453 452 458 1939
7286 4 2 1 1 341 461 421 408
7287 4 2 1 1 27 407 525 509
7288 4 2 1 1 489 526 440 1940
7289 4 2 1 1 487 418 31 316
7290 4 2 1 1 329 607 363 390
7291 4 2 1 1 54 749 376 301
7292 4 2 1 1 68 67 730 872
7293 4 2 1 1 870 5 61 840
7294 4 2 1 1 711 319 50 320
7295 4 2 1 1 595 643 253 1918
7296 4 2 1 1 49 706 707 324
7297 4 2 1 1 860 16 250 254
7298 4 2 1 1 676 692 673 2128
7299 4 2 1 1 731 850 77 715
7300 4 2 1 1 642 738 118 640
7301 4 2 1 1 393 280 394 2077
7302 4 2 1 1 343 367 344 1941
7303 4 2 1 1 520 86 85 770
7304 4 2 1 1 514 85 84 799
7305 4 2 1 1 874 64 7 437
7306 4 2 1 1 77 76 828 731
7307 4 2 1 1 798 844 842 2103
7308 4 2 1 1 78 77 850 715
7309 4 2 1 1 581 644 583 2147
7310 4 2 1 1 16 860 859 254
7311 4 2 1 1 93 94 775 478
7312 4 2 1 1 374 375 360 2136
7313 4 2 1 1 856 21 353 306
7314 4 2 1 1 643 595 587 1918
7315 4 2 1 1 695 752 690 1943
7316 4 2 1 1 419 742 55 299
7317 4 2 1 1 764 21 856 306
7318 4 2 1 1 751 758 756 2058
7319 4 2 1 1 106 105 639 502
7320 4 2 1 1 55 740 54 301
7321 4 2 1 1 508 876 6 809
7322 4 2 1 1 595 43 400 253
7323 4 2 1 1 117 118 642 750
7324 4 2 1 1 272 268 273 1946
7325 4 2 1 1 394 280 361 2077
7326 4 2 1 1 587 595 594 1918
7327 4 2 1 1 75 76 733 827
7328 4 2 1 1 491 507 35 401
7329 4 2 1 1 539 540 617 1941
7330 4 2 1 1 494 526 489 2063
7331 4 2 1 1 49 111 4 373
7332 4 2 1 1 415 708 58 734
7333 4 2 1 1 97 36 3 363
7334 4 2 1 1 19 764 765 258
7335 4 2 1 1 31 483 418 487
7336 4 2 1 1 643 252 41 253
7337 4 2 1 1 255 708 58 415
7338 4 2 1 1 296 83 816 496
7339 4 2 1 1 823 318 14 284
7340 4 2 1 1 287 267 266 2205
7341 4 2 1 1 717 120 119 613
7342 4 2 1 1 494 489 495 2063
7343 4 2 1 1 40 638 636 382
7344 4 2 1 1 284 14 823 839
7345 4 2 1 1 665 8 124 546
7346 4 2 1 1 868 92 93 528
7347 4 2 1 1 460 487 31 316
7348 4 2 1 1 14 15 839 284
7349 4 2 1 1 123 122 649 551
7350 4 2 1 1 736 742 55 419
7351 4 2 1 1 55 736 419 56
7352 4 2 1 1 749 54 740 301
7353 4 2 1 1 121 122 637 719
7354 4 2 1 1 24 819 389 816
7355 4 2 1 1 341 460 459 461
7356 4 2 1 1 24 83 296 2
7357 4 2 1 1 677 78 79 851
7358 4 2 1 1 17 18 857 383
7359 4 2 1 1 672 683 670 1956
7360 4 2 1 1 18 811 383 259
7361 4 2 1 1 296 497 25 496
7362 4 2 1 1 18 811 857 383
7363 4 2 1 1 527 532 412 414
7364 4 2 1 1 40 638 382 252
7365 4 2 1 1 53 724 377 376
7366 4 2 1 1 838 353 22 256
7367 4 2 1 1 39 329 380 621
7368 4 2 1 1 250 17 16 860
7369 4 2 1 1 320 52 737 377
7370 4 2 1 1 400 43 597 571
7371 4 2 1 1 24 83 816 296
7372 4 2 1 1 313 317 60 704
7373 4 2 1 1 111 48 4 373
7374 4 2 1 1 52 53 724 377
7375 4 2 1 1 353 22 856 838
7376 4 2 1 1 532 29 412 414
7377 4 2 1 1 281 283 282 1944
7378 4 2 1 1 461 341 33 408
7379 4 2 1 1 317 69 703 820
7380 4 2 1 1 507 408 35 401
7381 4 2 1 1 30 31 483 418
7382 4 2 1 1 296 25 83 496
7383 4 2 1 1 74 73 858 757
7384 4 2 1 1 633 573 601 1926
7385 4 2 1 1 724 53 749 376
7386 4 2 1 1 622 102 101 516
7387 4 2 1 1 711 50 51 320
7388 4 2 1 1 297 497 25 296
7389 4 2 1 1 617 46 344 570
7390 4 2 1 1 37 97 3 363
7391 4 2 1 1 703 60 317 704
7392 4 2 1 1 509 297 27 420
7393 4 2 1 1 83 2 25 296
7394 4 2 1 1 31 32 460 316
7395 4 2 1 1 400 365 44 571
7396 4 2 1 1 532 412 29 411
7397 4 2 1 1 26 27 509 297
7398 4 2 1 1 456 95 94 776
7399 4 2 1 1 5 82 840 713
7400 4 2 1 1 758 116 115 627
7401 4 2 1 1 816 389 24 296
7402 4 2 1 1 44 43 400 571
7403 4 2 1 1 497 25 26 297
7404 4 2 1 1 123 124 547 650
7405 4 2 1 1 643 41 42 253
7406 4 2 1 1 69 703 60 317
7407 4 2 1 1 111 605 48 373
7408 4 2 1 1 437 110 7 619
7409 4 2 1 1 43 595 42 253
7410 4 2 1 1 724 737 52 377
7411 4 2 1 1 819 256 23 389
7412 4 2 1 1 109 108 566 438
7413 4 2 1 1 396 347 397 1937
7414 4 2 1 1 736 57 734 416
7415 4 2 1 1 415 58 57 734
7416 4 2 1 1 71 70 773 726
7417 4 2 1 1 97 37 608 363
7418 4 2 1 1 782 81 80 723
7419 4 2 1 1 29 532 527 414
7420 4 2 1 1 21 20 306 764
7421 4 2 1 1 415 57 416 734
7422 4 2 1 1 256 23 838 819
7423 4 2 1 1 617 46 366 344
7424 4 2 1 1 704 59 313 255
7425 4 2 1 1 509 26 297 497
7426 4 2 1 1 30 418 483 411
7427 4 2 1 1 80 79 826 666
7428 4 2 1 1 606 366 47 373
7429 4 2 1 1 571 365 44 364
7430 4 2 1 1 344 45 364 570
7431 4 2 1 1 33 34 461 408
7432 4 2 1 1 48 605 606 373
7433 4 2 1 1 329 39 38 621
7434 4 2 1 1 511 88 87 843
7435 4 2 1 1 45 571 364 570
7436 4 2 1 1 607 363 38 329
7437 4 2 1 1 608 37 607 363
7438 4 2 1 1 59 704 708 255
7439 4 2 1 1 57 56 416 736
7440 4 2 1 1 621 607 38 329
7441 4 2 1 1 318 13 820 823
7442 4 2 1 1 58 59 708 255
7443 4 2 1 1 15 16 859 254
7444 4 2 1 1 636 39 40 382
7445 4 2 1 1 461 34 507 408
7446 4 2 1 1 22 23 838 256
7447 4 2 1 1 344 46 45 570
7448 4 2 1 1 60 1 69 317
7449 4 2 1 1 317 13 69 820
7450 4 2 1 1 1 13 69 317
7451 4 2 1 1 6 96 508 809
7452 4 2 1 1 876 62 6 809
7453 4 2 1 1 23 24 819 389
7454 4 2 1 1 99 98 625 513
7455 4 2 1 1 113 112 727 624
7456 4 2 1 1 811 18 765 259
7457 4 2 1 1 35 34 408 507
7458 4 2 1 1 461 460 33 341
7459 4 2 1 1 749 53 54 376
7460 4 2 1 1 35 36 491 401
7461 4 2 1 1 571 44 45 364
7462 4 2 1 1 407 28 27 525
7463 4 2 1 1 28 29 527 414
7464 4 2 1 1 69 70 703 820
7465 4 2 1 1 50 49 324 706
7466 4 2 1 1 313 60 59 704
7467 4 2 1 1 38 37 363 607
7468 4 2 1 1 83 84 816 496
7469 4 2 1 1 820 317 13 318
7470 4 2 1 1 119 118 738 640
7471 4 2 1 1 306 20 258 764
7472 4 2 1 1 595 643 42 253
7473 4 2 1 1 51 737 711 320
7474 4 2 1 1 7 65 874 619
7475 4 2 1 1 353 22 21 856
7476 4 2 1 1 638 40 41 252
7477 4 2 1 1 32 33 460 341
7478 4 2 1 1 483 30 411 532
7479 4 2 1 1 606 47 48 373
7480 4 2 1 1 617 46 47 366
7481 4 2 1 1 47 617 366 606
7482 4 2 1 1 14 13 318 823
7483 4 2 1 1 876 6 63 508
7484 4 2 1 1 532 29 30 411
7485 4 2 1 1 645 105 104 529
7486 4 2 1 1 492 97 98 608
7487 4 2 1 1 605 111 112 707
7488 4 2 1 1 316 32 460 341
7489 4 2 1 1 259 19 18 765
7490 4 2 1 1 41 638 252 643
7491 4 2 1 1 736 56 416 419
7492 4 2 1 1 52 51 320 737
7493 4 2 1 1 534 91 90 865
7494 4 2 1 1 259 258 19 765
7495 4 2 1 1 2216 1931 1980 2013
7496 4 2 1 1 1980 1931 2216 2042
7497 4 2 1 1 2209 2115 2000 2180
7498 4 2 1 1 2209 2000 2115 2158
7499 4 2 1 1 1956 2032 671 2211
7500 4 2 1 1 1956 671 2032 2066
7501 4 2 1 1 1956 2032 2135 2045
7502 4 2 1 1 1956 2135 2032 2211
7503 4 2 1 1 2180 2209 1953 2000
7504 4 2 1 1 1953 2209 2180 2129
7505 4 2 1 1 2007 2170 309 1978
7506 4 2 1 1 309 2170 2007 308
7507 4 2 1 1 1923 2145 2065 2015
7508 4 2 1 1 1923 2065 2145 2196
7509 4 2 1 1 1894 2049 2095 1989
7510 4 2 1 1 1894 2095 2049 2144
7511 4 2 1 1 746 2066 2032 745
7512 4 2 1 1 2032 2066 746 2160
7513 4 2 1 1 2218 576 2016 635
7514 4 2 1 1 2218 2016 576 2115
7515 4 2 1 1 1915 2192 2069 2212
7516 4 2 1 1 1915 2069 2192 2060
7517 4 2 1 1 2214 847 849 2181
7518 4 2 1 1 2214 849 847 845
7519 4 2 1 1 1994 2012 2007 1972
7520 4 2 1 1 2007 2012 1994 2001
7521 4 2 1 1 855 2216 383 2013
7522 4 2 1 1 855 383 2216 2120
7523 4 2 1 1 275 383 2216 2013
7524 4 2 1 1 275 2216 383 2120
7525 4 2 1 1 2040 697 2003 689
7526 4 2 1 1 2040 2003 697 1948
7527 4 2 1 1 1996 2083 1961 1974
7528 4 2 1 1 1996 1961 2083 2178
7529 4 2 1 1 2029 640 612 613
7530 4 2 1 1 2029 612 640 2028
7531 4 2 1 1 1940 1997 639 575
7532 4 2 1 1 1940 639 1997 2063
7533 4 2 1 1 2213 1950 2133 2024
7534 4 2 1 1 2133 1950 2213 1924
7535 4 2 1 1 2082 405 2136 378
7536 4 2 1 1 2082 2136 405 2154
7537 4 2 1 1 2147 615 2035 583
7538 4 2 1 1 2147 2035 615 2111
7539 4 2 1 1 481 2035 615 583
7540 4 2 1 1 481 615 2035 2111
7541 4 2 1 1 2200 295 1933 2175
7542 4 2 1 1 2200 1933 295 355
7543 4 2 1 1 2001 321 325 368
7544 4 2 1 1 2001 325 321 1953
7545 4 2 1 1 778 2174 2015 780
7546 4 2 1 1 2015 2174 778 2145
7547 4 2 1 1 1898 760 2188 2217
7548 4 2 1 1 2184 800 2008 801
7549 4 2 1 1 2184 2008 800 1988
7550 4 2 1 1 1891 345 2138 269
7551 4 2 1 1 1891 2138 345 2010
7552 4 2 1 1 1937 2138 2062 398
7553 4 2 1 1 1937 2062 2138 1922
7554 4 2 1 1 533 2199 530 470
7555 4 2 1 1 530 2199 533 1992
7556 4 2 1 1 1898 761 760 762
7557 4 2 1 1 1898 760 761 2188
7558 4 2 1 1 2191 2178 1919 560
7559 4 2 1 1 2191 1919 2178 2083
7560 4 2 1 1 562 1919 2178 560
7561 4 2 1 1 562 2178 1919 2083
7562 4 2 1 1 2177 450 473 2106
7563 4 2 1 1 2177 473 450 477
7564 4 2 1 1 797 2188 1898 761
7565 4 2 1 1 1898 2188 797 2084
7566 4 2 1 1 408 2195 427 421
7567 4 2 1 1 427 2195 408 507
7568 4 2 1 1 427 461 408 421
7569 4 2 1 1 408 461 427 507
7570 4 2 1 1 576 2218 591 635
7571 4 2 1 1 591 2218 576 2215
7572 4 2 1 1 2047 2104 1988 2139
7573 4 2 1 1 1988 2104 2047 1991
7574 4 2 1 1 1907 1938 1890 2107
7575 4 2 1 1 1890 1938 1907 1958
7576 4 2 1 1 838 1949 2011 832
7577 4 2 1 1 2011 1949 838 354
7578 4 2 1 1 1917 2106 1989 2186
7579 4 2 1 1 1917 1989 2106 2079
7580 4 2 1 1 2007 749 307 686
7581 4 2 1 1 1986 860 2120 250
7582 4 2 1 1 1986 2120 860 852
7583 4 2 1 1 2071 741 682 684
7584 4 2 1 1 2071 682 741 1972
7585 4 2 1 1 2066 744 746 2094
7586 4 2 1 1 2066 746 744 745
7587 4 2 1 1 1937 334 2121 347
7588 4 2 1 1 1937 2121 334 2062
7589 4 2 1 1 335 2121 334 347
7590 4 2 1 1 335 334 2121 2062
7591 4 2 1 1 1914 2042 2125 2171
7592 4 2 1 1 1914 2125 2042 1983
7593 4 2 1 1 1908 1906 407 527
7594 4 2 1 1 1908 407 1906 399
7595 4 2 1 1 414 407 1906 527
7596 4 2 1 1 414 1906 407 399
7597 4 2 1 1 1941 364 572 570
7598 4 2 1 1 1941 572 364 342
7599 4 2 1 1 1933 1893 406 2067
7600 4 2 1 1 1933 406 1893 294
7601 4 2 1 1 2161 2089 772 729
7602 4 2 1 1 772 2089 2161 2070
7603 4 2 1 1 1910 2136 286 374
7604 4 2 1 1 1910 286 2136 2154
7605 4 2 1 1 405 286 2136 374
7606 4 2 1 1 405 2136 286 2154
7607 4 2 1 1 2208 1938 2024 1958
7608 4 2 1 1 2024 1938 2208 2031
7609 4 2 1 1 315 2077 2033 280
7610 4 2 1 1 2033 2077 315 1902
7611 4 2 1 1 1981 1907 1900 2107
7612 4 2 1 1 1900 1907 1981 1997
7613 4 2 1 1 1906 475 2018 484
7614 4 2 1 1 1906 2018 475 1917
7615 4 2 1 1 2108 455 457 2057
7616 4 2 1 1 2108 457 455 435
7617 4 2 1 1 1991 1934 2104 668
7618 4 2 1 1 1991 2104 1934 2030
7619 4 2 1 1 735 2104 1934 668
7620 4 2 1 1 735 1934 2104 2030
7621 4 2 1 1 1893 361 2077 1990
7622 4 2 1 1 1893 2077 361 426
7623 4 2 1 1 2007 301 299 300
7624 4 2 1 1 822 2216 814 818
7625 4 2 1 1 814 2216 822 2013
7626 4 2 1 1 1931 804 805 806
7627 4 2 1 1 1931 805 804 2183
7628 4 2 1 1 2078 652 653 654
7629 4 2 1 1 2078 653 652 2155
7630 4 2 1 1 298 703 704 2161
7631 4 2 1 1 2063 441 469 2163
7632 4 2 1 1 2063 469 441 489
7633 4 2 1 1 1934 801 677 826
7634 4 2 1 1 1934 677 801 2184
7635 4 2 1 1 2211 755 2032 681
7636 4 2 1 1 2211 2032 755 2123
7637 4 2 1 1 680 2032 755 681
7638 4 2 1 1 680 755 2032 2123
7639 4 2 1 1 2075 2209 2158 1976
7640 4 2 1 1 2158 2209 2075 2198
7641 4 2 1 1 2158 2215 2075 1976
7642 4 2 1 1 2075 2215 2158 2198
7643 4 2 1 1 1934 723 826 666
7644 4 2 1 1 1934 826 723 1991
7645 4 2 1 1 1904 785 780 861
7646 4 2 1 1 1904 780 785 2174
7647 4 2 1 1 2161 823 820 821
7648 4 2 1 1 2161 820 823 318
7649 4 2 1 1 2148 2184 1982 2008
7650 4 2 1 1 2148 1982 2184 2202
7651 4 2 1 1 1986 276 397 251
7652 4 2 1 1 1986 397 276 2110
7653 4 2 1 1 337 1919 338 336
7654 4 2 1 1 338 1919 337 2191
7655 4 2 1 1 2005 867 766 2088
7656 4 2 1 1 2005 766 867 769
7657 4 2 1 1 2077 339 361 394
7658 4 2 1 1 2077 361 339 1990
7659 4 2 1 1 383 860 17 250
7660 4 2 1 1 17 860 383 857
7661 4 2 1 1 830 534 1992 530
7662 4 2 1 1 830 1992 534 865
7663 4 2 1 1 1902 447 2033 2162
7664 4 2 1 1 1902 2033 447 446
7665 4 2 1 1 445 447 2033 446
7666 4 2 1 1 449 2189 448 431
7667 4 2 1 1 448 2189 449 2079
7668 4 2 1 1 1940 573 1900 575
7669 4 2 1 1 1940 1900 573 1926
7670 4 2 1 1 255 2059 415 395
7671 4 2 1 1 415 2059 255 708
7672 4 2 1 1 527 407 28 414
7673 4 2 1 1 527 28 407 525
7674 4 2 1 1 1904 534 91 521
7675 4 2 1 1 1904 91 534 865
7676 4 2 1 1 1940 633 573 592
7677 4 2 1 1 1940 573 633 1926
7678 4 2 1 1 867 1945 2005 836
7679 4 2 1 1 2005 1945 867 2088
7680 4 2 1 1 65 2091 600 875
7681 4 2 1 1 600 2091 65 610
7682 4 2 1 1 839 254 1986 284
7683 4 2 1 1 1986 254 839 859
7684 4 2 1 1 2007 301 741 299
7685 4 2 1 1 2007 741 301 740
7686 4 2 1 1 742 741 301 299
7687 4 2 1 1 742 301 741 740
7688 4 2 1 1 1940 107 108 592
7689 4 2 1 1 1940 108 107 526
7690 4 2 1 1 860 254 1986 859
7691 4 2 1 1 1986 254 860 250
7692 4 2 1 1 704 317 298 313
7693 4 2 1 1 704 298 317 703
7694 4 2 1 1 2007 301 749 740
7695 4 2 1 1 749 307 301 2007
7696 4 2 1 1 749 301 307 376
7697 4 2 1 1 466 447 1947 445
7698 4 2 1 1 466 1947 447 2162
7699 4 2 1 1 2033 1947 447 445
7700 4 2 1 1 2033 447 1947 2162
7701 4 2 2 2 935 2231 567 2241
7702 4 2 2 2 576 2273 635 2276
7703 4 2 2 2 1168 622 102 979
7704 4 2 2 2 1159 2227 2226 2279
7705 4 2 2 2 612 2247 2230 2284
7706 4 2 2 2 1159 2243 2227 2279
7707 4 2 2 2 895 2239 2225 2250
7708 4 2 2 2 1159 2226 2227 2271
7709 4 2 2 2 895 2239 2250 2285
7710 4 2 2 2 565 2234 2238 2268
7711 4 2 2 2 2227 2243 1136 2261
7712 4 2 2 2 628 567 935 2231
7713 4 2 2 2 2224 2258 2234 2271
7714 4 2 2 2 2236 2253 2224 2270
7715 4 2 2 2 612 2237 2247 2284
7716 4 2 2 2 1054 990 1117 2243
7717 4 2 2 2 986 2244 1133 2280
7718 4 2 2 2 2222 2235 2231 2242
7719 4 2 2 2 2231 2242 2235 2262
7720 4 2 2 2 2253 2259 2224 2270
7721 4 2 2 2 1117 2243 991 2261
7722 4 2 2 2 917 2281 2229 2284
7723 4 2 2 2 2231 2235 2221 2262
7724 4 2 2 2 2221 2235 2231 2236
7725 4 2 2 2 2231 2235 2222 2236
7726 4 2 2 2 1158 2230 2258 2278
7727 4 2 2 2 1158 2258 2234 2278
7728 4 2 2 2 1117 1136 2243 2261
7729 4 2 2 2 2230 1158 2238 2278
7730 4 2 2 2 1100 2235 2248 2249
7731 4 2 2 2 2234 2238 1158 2278
7732 4 2 2 2 628 2231 935 2263
7733 4 2 2 2 1037 900 116 627
7734 4 2 2 2 623 116 1031 2264
7735 4 2 2 2 980 1168 102 979
7736 4 2 2 2 1020 555 623 2276
7737 4 2 2 2 2235 2236 2224 2270
7738 4 2 2 2 951 628 935 2263
7739 4 2 2 2 1136 2245 2227 2261
7740 4 2 2 2 548 2231 628 2263
7741 4 2 2 2 1099 2235 2242 2248
7742 4 2 2 2 2223 2259 2253 2270
7743 4 2 2 2 622 1168 1132 979
7744 4 2 2 2 932 933 2225 2252
7745 4 2 2 2 901 900 116 1031
7746 4 2 2 2 1020 1021 599 2276
7747 4 2 2 2 2235 2253 2236 2270
7748 4 2 2 2 2224 2253 2236 2259
7749 4 2 2 2 1168 980 102 2261
7750 4 2 2 2 1020 1022 1021 2276
7751 4 2 2 2 1029 2273 576 2276
7752 4 2 2 2 890 2233 2225 2281
7753 4 2 2 2 991 2243 2227 2261
7754 4 2 2 2 104 2227 645 2261
7755 4 2 2 2 2233 2253 2223 2284
7756 4 2 2 2 612 609 2230 2247
7757 4 2 2 2 890 2225 2239 2281
7758 4 2 2 2 890 2225 895 2239
7759 4 2 2 2 901 1031 116 2264
7760 4 2 2 2 961 1133 986 2244
7761 4 2 2 2 1031 900 116 1037
7762 4 2 2 2 1143 933 2225 2250
7763 4 2 2 2 1050 2260 582 2282
7764 4 2 2 2 2222 2253 2235 2270
7765 4 2 2 2 936 935 567 2241
7766 4 2 2 2 1158 2230 1059 2258
7767 4 2 2 2 975 2244 986 2280
7768 4 2 2 2 2222 2240 2235 2252
7769 4 2 2 2 915 2237 2229 2267
7770 4 2 2 2 1100 2235 1099 2248
7771 4 2 2 2 623 1031 1037 2264
7772 4 2 2 2 1133 1126 1040 2280
7773 4 2 2 2 1133 2244 1127 2280
7774 4 2 2 2 615 1168 102 2261
7775 4 2 2 2 1127 2244 2228 2280
7776 4 2 2 2 1020 623 1112 2276
7777 4 2 2 2 1112 623 2264 2276
7778 4 2 2 2 1057 2234 2258 2271
7779 4 2 2 2 927 2225 933 2250
7780 4 2 2 2 1133 1040 986 2280
7781 4 2 2 2 932 934 933 2252
7782 4 2 2 2 1083 2235 2224 2270
7783 4 2 2 2 1137 2235 2240 2252
7784 4 2 2 2 580 2224 2236 2259
7785 4 2 2 2 936 948 935 2241
7786 4 2 2 2 1042 2234 1109 2245
7787 4 2 2 2 102 622 1168 615
7788 4 2 2 2 1145 2226 2244 2279
7789 4 2 2 2 641 645 2227 2261
7790 4 2 2 2 991 1117 990 2243
7791 4 2 2 2 2242 2248 2235 2262
7792 4 2 2 2 2222 2236 2235 2253
7793 4 2 2 2 1145 2244 1141 2279
7794 4 2 2 2 580 2224 574 2246
7795 4 2 2 2 1133 961 1134 2244
7796 4 2 2 2 565 644 2234 2268
7797 4 2 2 2 2221 2248 2235 2249
7798 4 2 2 2 1054 993 990 2243
7799 4 2 2 2 1134 961 1140 2244
7800 4 2 2 2 555 627 1015 1020
7801 4 2 2 2 1137 2240 2235 2270
7802 4 2 2 2 1142 927 933 2250
7803 4 2 2 2 1029 1107 576 2273
7804 4 2 2 2 613 917 119 2229
7805 4 2 2 2 574 2251 2224 2278
7806 4 2 2 2 2241 2256 978 2266
7807 4 2 2 2 1159 2226 1145 2279
7808 4 2 2 2 958 1140 2244 2279
7809 4 2 2 2 2227 2234 632 2245
7810 4 2 2 2 602 2259 2223 2284
7811 4 2 2 2 982 102 980 2261
7812 4 2 2 2 592 2256 2246 2266
7813 4 2 2 2 1050 615 582 2260
7814 4 2 2 2 1168 615 2260 2261
7815 4 2 2 2 2232 2252 934 2277
7816 4 2 2 2 1141 2244 1140 2279
7817 4 2 2 2 2221 2235 2248 2262
7818 4 2 2 2 1143 1142 933 2250
7819 4 2 2 2 1106 2257 879 2285
7820 4 2 2 2 899 2232 898 2233
7821 4 2 2 2 2221 2262 2248 2269
7822 4 2 2 2 1054 1117 1063 2243
7823 4 2 2 2 1117 1136 1063 2243
7824 4 2 2 2 917 2229 613 2284
7825 4 2 2 2 574 2246 2224 2251
7826 4 2 2 2 2234 644 2245 2268
7827 4 2 2 2 1109 2245 1136 2261
7828 4 2 2 2 1100 2249 2248 2283
7829 4 2 2 2 899 122 2232 2233
7830 4 2 2 2 902 2232 547 2263
7831 4 2 2 2 2248 2262 949 2269
7832 4 2 2 2 1037 116 623 627
7833 4 2 2 2 628 548 567 2231
7834 4 2 2 2 637 2253 2233 2284
7835 4 2 2 2 926 949 2262 2269
7836 4 2 2 2 1036 2238 1042 2268
7837 4 2 2 2 119 915 640 2237
7838 4 2 2 2 2232 2233 122 2272
7839 4 2 2 2 1045 2239 2225 2240
7840 4 2 2 2 604 612 2230 2284
7841 4 2 2 2 980 1132 1168 979
7842 4 2 2 2 550 2236 2231 2272
7843 4 2 2 2 932 2225 927 2277
7844 4 2 2 2 926 2262 2241 2269
7845 4 2 2 2 110 567 981 2241
7846 4 2 2 2 898 2232 2225 2233
7847 4 2 2 2 961 986 975 2244
7848 4 2 2 2 958 2243 1140 2279
7849 4 2 2 2 2225 2232 2222 2233
7850 4 2 2 2 574 2224 2259 2278
7851 4 2 2 2 1084 2224 1083 2249
7852 4 2 2 2 1168 622 1050 615
7853 4 2 2 2 623 1037 1113 2264
7854 4 2 2 2 1113 1112 623 2264
7855 4 2 2 2 2225 2252 2232 2277
7856 4 2 2 2 902 942 2232 2263
7857 4 2 2 2 1137 2242 2235 2252
7858 4 2 2 2 895 2250 2225 2277
7859 4 2 2 2 1132 1163 622 979
7860 4 2 2 2 1084 2224 2249 2271
7861 4 2 2 2 632 2234 2227 2251
7862 4 2 2 2 573 580 574 2246
7863 4 2 2 2 2227 2234 1116 2271
7864 4 2 2 2 1099 2242 1000 2248
7865 4 2 2 2 958 1140 961 2244
7866 4 2 2 2 2229 2255 2239 2257
7867 4 2 2 2 934 2252 2232 2265
7868 4 2 2 2 2237 2247 1150 2286
7869 4 2 2 2 882 1106 879 2285
7870 4 2 2 2 1083 2224 2258 2270
7871 4 2 2 2 1159 1065 2243 2279
7872 4 2 2 2 2222 2235 2242 2252
7873 4 2 2 2 902 124 942 2263
7874 4 2 2 2 1169 980 1168 2261
7875 4 2 2 2 933 1143 2225 2252
7876 4 2 2 2 917 120 2281 2284
7877 4 2 2 2 2254 2258 2223 2270
7878 4 2 2 2 927 932 933 2225
7879 4 2 2 2 2229 2237 613 2284
7880 4 2 2 2 2223 2255 2254 2270
7881 4 2 2 2 2221 2241 2262 2269
7882 4 2 2 2 1009 901 903 2264
7883 4 2 2 2 1067 2264 2237 2286
7884 4 2 2 2 890 898 2225 2233
7885 4 2 2 2 2223 2281 2233 2284
7886 4 2 2 2 116 623 1031 1037
7887 4 2 2 2 565 2238 2234 2278
7888 4 2 2 2 599 555 1020 2276
7889 4 2 2 2 1077 2258 2254 2270
7890 4 2 2 2 574 2224 580 2259
7891 4 2 2 2 1078 2258 1077 2270
7892 4 2 2 2 1050 1168 615 2260
7893 4 2 2 2 1083 2224 1084 2271
7894 4 2 2 2 1140 958 1064 2243
7895 4 2 2 2 974 2244 2228 2266
7896 4 2 2 2 582 588 561 2282
7897 4 2 2 2 1133 1134 1140 2244
7898 4 2 2 2 2225 2250 927 2277
7899 4 2 2 2 2225 2233 2222 2240
7900 4 2 2 2 990 1117 991 2261
7901 4 2 2 2 2254 2255 1077 2270
7902 4 2 2 2 555 590 623 2276
7903 4 2 2 2 1044 2239 2240 2255
7904 4 2 2 2 1118 2240 2225 2252
7905 4 2 2 2 1163 622 1050 1168
7906 4 2 2 2 2228 2221 2248 2269
7907 4 2 2 2 2237 2264 1067 2267
7908 4 2 2 2 945 1000 2242 2248
7909 4 2 2 2 1009 2264 911 2267
7910 4 2 2 2 101 622 626 1155
7911 4 2 2 2 1037 1015 627 1020
7912 4 2 2 2 2233 2281 637 2284
7913 4 2 2 2 2224 2259 2258 2270
7914 4 2 2 2 2223 2255 2233 2281
7915 4 2 2 2 895 890 898 2225
7916 4 2 2 2 2240 2253 2222 2270
7917 4 2 2 2 110 936 567 2241
7918 4 2 2 2 2230 2247 1060 2254
7919 4 2 2 2 895 896 2239 2285
7920 4 2 2 2 1031 1113 1037 2264
7921 4 2 2 2 604 612 609 2230
7922 4 2 2 2 1133 1127 1126 2280
7923 4 2 2 2 1060 2247 1150 2254
7924 4 2 2 2 2247 2273 609 2287
7925 4 2 2 2 2225 2232 898 2277
7926 4 2 2 2 899 2232 122 2272
7927 4 2 2 2 1154 2237 2229 2254
7928 4 2 2 2 564 2238 2230 2287
7929 4 2 2 2 591 635 2273 2276
7930 4 2 2 2 2231 2236 568 2256
7931 4 2 2 2 567 2241 2231 2256
7932 4 2 2 2 943 945 2242 2248
7933 4 2 2 2 1066 2247 2237 2254
7934 4 2 2 2 592 2246 107 2266
7935 4 2 2 2 569 609 2273 2287
7936 4 2 2 2 2227 2245 641 2261
7937 4 2 2 2 935 628 936 567
7938 4 2 2 2 1020 623 1037 1112
7939 4 2 2 2 1145 2244 2226 2283
7940 4 2 2 2 2234 2258 2224 2278
7941 4 2 2 2 2232 2263 940 2265
7942 4 2 2 2 2223 2253 2240 2270
7943 4 2 2 2 2225 2239 1045 2250
7944 4 2 2 2 110 981 936 2241
7945 4 2 2 2 1134 1133 1040 961
7946 4 2 2 2 1145 1141 1065 2279
7947 4 2 2 2 2230 2254 1060 2258
7948 4 2 2 2 582 561 1050 2282
7949 4 2 2 2 1009 911 1010 2267
7950 4 2 2 2 547 902 123 2232
7951 4 2 2 2 934 952 950 2265
7952 4 2 2 2 2229 2237 1154 2267
7953 4 2 2 2 547 2263 2232 2272
7954 4 2 2 2 990 1169 1117 2261
7955 4 2 2 2 576 578 1166 577
7956 4 2 2 2 943 2248 2242 2262
7957 4 2 2 2 1084 1083 1085 2249
7958 4 2 2 2 2235 2240 2222 2270
7959 4 2 2 2 1118 1045 2225 2240
7960 4 2 2 2 1107 1071 634 2275
7961 4 2 2 2 2221 2236 2246 2249
7962 4 2 2 2 2224 2246 2236 2249
7963 4 2 2 2 2222 2232 2225 2252
7964 4 2 2 2 1060 2247 2230 2287
7965 4 2 2 2 2247 2273 1030 2276
7966 4 2 2 2 911 1009 903 2264
7967 4 2 2 2 2224 2236 2235 2249
7968 4 2 2 2 2235 2236 2221 2249
7969 4 2 2 2 118 2264 2237 2267
7970 4 2 2 2 945 1000 944 2242
7971 4 2 2 2 601 633 568 2256
7972 4 2 2 2 1037 115 900 627
7973 4 2 2 2 902 547 124 2263
7974 4 2 2 2 2258 2259 2223 2270
7975 4 2 2 2 2228 2244 1127 2283
7976 4 2 2 2 644 632 2234 2245
7977 4 2 2 2 1119 1120 2228 2248
7978 4 2 2 2 1108 1107 2273 2275
7979 4 2 2 2 577 1029 599 1021
7980 4 2 2 2 991 2227 104 2261
7981 4 2 2 2 947 2248 949 2269
7982 4 2 2 2 893 2257 2239 2285
7983 4 2 2 2 2228 2248 947 2269
7984 4 2 2 2 123 902 899 2232
7985 4 2 2 2 1044 2239 1045 2240
7986 4 2 2 2 975 2228 2244 2280
7987 4 2 2 2 1045 2250 2239 2285
7988 4 2 2 2 2222 2242 2231 2265
7989 4 2 2 2 569 2238 564 2287
7990 4 2 2 2 2223 2259 2230 2284
7991 4 2 2 2 109 981 567 2241
7992 4 2 2 2 878 1106 882 2285
7993 4 2 2 2 913 2229 889 2257
7994 4 2 2 2 898 895 2225 2277
7995 4 2 2 2 934 2232 940 2265
7996 4 2 2 2 942 940 2232 2263
7997 4 2 2 2 1030 2247 1148 2273
7998 4 2 2 2 1149 2247 1060 2287
7999 4 2 2 2 2230 2247 609 2287
8000 4 2 2 2 101 622 1155 1163
8001 4 2 2 2 1066 1150 2237 2247
8002 4 2 2 2 1042 1116 1109 2234
8003 4 2 2 2 952 934 940 2265
8004 4 2 2 2 975 974 2228 2280
8005 4 2 2 2 2225 2240 2222 2252
8006 4 2 2 2 592 108 2256 2266
8007 4 2 2 2 591 2273 2247 2276
8008 4 2 2 2 591 576 635 2276
8009 4 2 2 2 2248 2249 2221 2283
8010 4 2 2 2 990 1055 1054 1117
8011 4 2 2 2 1125 2245 1109 2261
8012 4 2 2 2 1159 1145 1065 2279
8013 4 2 2 2 2224 2251 2234 2278
8014 4 2 2 2 907 2250 1130 2285
8015 4 2 2 2 1136 2227 1159 2243
8016 4 2 2 2 899 898 122 2233
8017 4 2 2 2 1066 1150 2247 2254
8018 4 2 2 2 1058 1060 2254 2258
8019 4 2 2 2 994 645 104 2227
8020 4 2 2 2 878 1088 1106 2285
8021 4 2 2 2 1040 1133 986 961
8022 4 2 2 2 903 901 116 2264
8023 4 2 2 2 1103 1040 1126 2280
8024 4 2 2 2 1100 1099 1000 2248
8025 4 2 2 2 567 2231 568 2256
8026 4 2 2 2 552 2253 2236 2272
8027 4 2 2 2 974 975 2228 2244
8028 4 2 2 2 599 590 555 2276
8029 4 2 2 2 578 1166 1107 576
8030 4 2 2 2 1065 1141 1140 2279
8031 4 2 2 2 584 634 1072 2275
8032 4 2 2 2 1156 2257 1106 2285
8033 4 2 2 2 614 609 2247 2273
8034 4 2 2 2 101 1123 964 979
8035 4 2 2 2 1037 900 115 885
8036 4 2 2 2 622 626 1155 1163
8037 4 2 2 2 1158 1057 2234 2258
8038 4 2 2 2 566 2241 567 2256
8039 4 2 2 2 1050 561 582 615
8040 4 2 2 2 2231 2236 2222 2272
8041 4 2 2 2 2226 2266 2244 2279
8042 4 2 2 2 611 2259 2230 2278
8043 4 2 2 2 561 1050 622 615
8044 4 2 2 2 931 1120 2228 2280
8045 4 2 2 2 547 2232 123 2272
8046 4 2 2 2 934 950 2252 2265
8047 4 2 2 2 977 2241 978 2266
8048 4 2 2 2 1010 1147 1105 2267
8049 4 2 2 2 2239 2257 1156 2285
8050 4 2 2 2 2249 2271 2226 2283
8051 4 2 2 2 1103 986 1040 2280
8052 4 2 2 2 1168 1163 622 1132
8053 4 2 2 2 2230 2259 604 2284
8054 4 2 2 2 1125 1109 1136 2261
8055 4 2 2 2 1132 1123 1163 979
8056 4 2 2 2 569 2273 2238 2287
8057 4 2 2 2 614 569 609 2273
8058 4 2 2 2 1021 1029 599 2276
8059 4 2 2 2 601 2236 550 2272
8060 4 2 2 2 879 2257 893 2285
8061 4 2 2 2 1065 1140 2243 2279
8062 4 2 2 2 901 911 1009 903
8063 4 2 2 2 1137 2235 1080 2270
8064 4 2 2 2 2239 2255 1043 2257
8065 4 2 2 2 895 2250 896 2285
8066 4 2 2 2 2228 2248 2221 2283
8067 4 2 2 2 1130 907 1092 2250
8068 4 2 2 2 1125 1136 1117 2261
8069 4 2 2 2 120 917 613 2284
8070 4 2 2 2 922 942 124 2263
8071 4 2 2 2 1112 623 1037 1113
8072 4 2 2 2 1158 2234 1042 2238
8073 4 2 2 2 561 588 1052 2282
8074 4 2 2 2 602 598 603 2284
8075 4 2 2 2 1071 1072 634 2275
8076 4 2 2 2 1108 2273 1029 2276
8077 4 2 2 2 1149 1150 1060 2247
8078 4 2 2 2 1143 1118 2225 2252
8079 4 2 2 2 1021 1022 1029 2276
8080 4 2 2 2 994 2227 991 2243
8081 4 2 2 2 974 2266 2228 2269
8082 4 2 2 2 1151 1130 2250 2285
8083 4 2 2 2 2221 2228 2266 2269
8084 4 2 2 2 944 1164 1152 2242
8085 4 2 2 2 2242 2252 950 2265
8086 4 2 2 2 1029 1108 1107 2273
8087 4 2 2 2 991 990 993 2243
8088 4 2 2 2 599 576 1029 577
8089 4 2 2 2 1108 1071 1107 2275
8090 4 2 2 2 1127 2228 1120 2280
8091 4 2 2 2 1085 2235 1100 2249
8092 4 2 2 2 1159 2227 1116 2271
8093 4 2 2 2 564 2230 2238 2278
8094 4 2 2 2 945 944 943 2242
8095 4 2 2 2 1009 911 901 1013
8096 4 2 2 2 1083 1084 1057 2271
8097 4 2 2 2 567 566 109 2241
8098 4 2 2 2 2246 2249 2224 2271
8099 4 2 2 2 107 2246 575 2274
8100 4 2 2 2 1107 578 576 634
8101 4 2 2 2 2226 2249 2246 2271
8102 4 2 2 2 926 938 2241 2262
8103 4 2 2 2 1145 2226 1159 2271
8104 4 2 2 2 1099 1098 1000 2242
8105 4 2 2 2 1083 1080 2235 2270
8106 4 2 2 2 2226 2274 969 2279
8107 4 2 2 2 580 2236 2253 2259
8108 4 2 2 2 993 1047 956 2243
8109 4 2 2 2 1055 990 1169 1117
8110 4 2 2 2 1099 2235 1137 2242
8111 4 2 2 2 2224 2251 2246 2271
8112 4 2 2 2 2221 2249 2246 2266
8113 4 2 2 2 2246 2249 2226 2266
8114 4 2 2 2 975 986 973 2280
8115 4 2 2 2 899 122 551 2272
8116 4 2 2 2 878 882 1106 879
8117 4 2 2 2 2223 2240 2233 2255
8118 4 2 2 2 1150 1066 2237 2286
8119 4 2 2 2 2226 2246 2251 2271
8120 4 2 2 2 1118 1044 1045 2240
8121 4 2 2 2 123 2232 899 2272
8122 4 2 2 2 1029 576 599 2276
8123 4 2 2 2 1061 2229 1154 2257
8124 4 2 2 2 584 1072 585 2275
8125 4 2 2 2 931 2228 930 2280
8126 4 2 2 2 964 1123 101 1155
8127 4 2 2 2 926 947 949 2269
8128 4 2 2 2 974 969 2244 2266
8129 4 2 2 2 2227 2251 2234 2271
8130 4 2 2 2 886 1092 907 2250
8131 4 2 2 2 614 2247 591 2273
8132 4 2 2 2 930 931 947 2228
8133 4 2 2 2 1125 2260 2245 2261
8134 4 2 2 2 914 2257 1105 2267
8135 4 2 2 2 1038 554 1015 1020
8136 4 2 2 2 895 897 2250 2277
8137 4 2 2 2 2221 2266 2241 2269
8138 4 2 2 2 561 1052 1050 2282
8139 4 2 2 2 2231 2241 938 2262
8140 4 2 2 2 964 101 100 1155
8141 4 2 2 2 1067 1154 2237 2267
8142 4 2 2 2 1119 1001 1120 2248
8143 4 2 2 2 563 565 644 2234
8144 4 2 2 2 2222 2240 2233 2253
8145 4 2 2 2 2223 2233 2240 2253
8146 4 2 2 2 622 1050 561 1163
8147 4 2 2 2 552 2236 601 2272
8148 4 2 2 2 969 2244 2266 2279
8149 4 2 2 2 941 940 2263 2265
8150 4 2 2 2 1119 1100 2248 2283
8151 4 2 2 2 2229 889 2257 2281
8152 4 2 2 2 2222 2233 2232 2272
8153 4 2 2 2 1015 553 627 555
8154 4 2 2 2 568 567 548 2231
8155 4 2 2 2 584 585 634 2275
8156 4 2 2 2 1000 1098 944 2242
8157 4 2 2 2 886 921 1092 2250
8158 4 2 2 2 914 1087 1105 2257
8159 4 2 2 2 1130 1092 1151 2250
8160 4 2 2 2 2232 2252 2222 2265
8161 4 2 2 2 933 955 1143 2252
8162 4 2 2 2 628 110 936 567
8163 4 2 2 2 917 889 915 2229
8164 4 2 2 2 940 2232 934 2277
8165 4 2 2 2 935 628 951 600
8166 4 2 2 2 1166 1029 576 577
8167 4 2 2 2 565 2234 563 2278
8168 4 2 2 2 1112 2276 2264 2286
8169 4 2 2 2 566 978 2241 2256
8170 4 2 2 2 1085 1083 1080 2235
8171 4 2 2 2 551 123 899 2272
8172 4 2 2 2 1105 1147 914 2267
8173 4 2 2 2 2249 2266 2221 2283
8174 4 2 2 2 910 929 928 2250
8175 4 2 2 2 634 1107 1165 1071
8176 4 2 2 2 955 2242 1152 2252
8177 4 2 2 2 585 2275 1072 2282
8178 4 2 2 2 1030 2273 1108 2276
8179 4 2 2 2 901 884 900 1031
8180 4 2 2 2 1068 2264 1067 2286
8181 4 2 2 2 958 2244 972 2279
8182 4 2 2 2 1103 965 986 2280
8183 4 2 2 2 1154 2257 2229 2267
8184 4 2 2 2 2228 2221 2266 2283
8185 4 2 2 2 2239 2257 893 2281
8186 4 2 2 2 1155 1123 101 1163
8187 4 2 2 2 2242 2262 2231 2265
8188 4 2 2 2 122 2233 549 2272
8189 4 2 2 2 2241 2266 977 2269
8190 4 2 2 2 969 2266 2226 2279
8191 4 2 2 2 1071 1165 634 1072
8192 4 2 2 2 1124 1168 2260 2261
8193 4 2 2 2 1053 1072 2275 2282
8194 4 2 2 2 632 563 2234 2251
8195 4 2 2 2 601 568 2236 2256
8196 4 2 2 2 976 2228 974 2280
8197 4 2 2 2 1066 2237 1154 2254
8198 4 2 2 2 2226 2266 2249 2283
8199 4 2 2 2 981 110 109 567
8200 4 2 2 2 1157 2249 1100 2283
8201 4 2 2 2 897 929 2250 2277
8202 4 2 2 2 2228 2269 930 2280
8203 4 2 2 2 913 915 889 2229
8204 4 2 2 2 1081 1111 2255 2270
8205 4 2 2 2 939 938 2231 2241
8206 4 2 2 2 2234 2251 563 2278
8207 4 2 2 2 551 547 123 2272
8208 4 2 2 2 1050 1124 1168 2260
8209 4 2 2 2 602 604 2259 2284
8210 4 2 2 2 877 1087 914 2257
8211 4 2 2 2 2226 2251 2227 2271
8212 4 2 2 2 1058 2254 1077 2258
8213 4 2 2 2 889 2229 917 2281
8214 4 2 2 2 939 2263 2231 2265
8215 4 2 2 2 1036 1158 1042 2238
8216 4 2 2 2 926 949 938 2262
8217 4 2 2 2 1144 1127 2244 2283
8218 4 2 2 2 1097 1037 115 885
8219 4 2 2 2 1145 1141 2244 2283
8220 4 2 2 2 1087 914 1105 1147
8221 4 2 2 2 1145 2226 2271 2283
8222 4 2 2 2 1169 1132 1168 980
8223 4 2 2 2 1143 955 1152 2252
8224 4 2 2 2 574 563 2251 2278
8225 4 2 2 2 2230 2254 2223 2284
8226 4 2 2 2 611 604 2230 2259
8227 4 2 2 2 950 2242 955 2252
8228 4 2 2 2 563 644 632 2234
8229 4 2 2 2 645 632 641 2227
8230 4 2 2 2 1010 1009 1008 911
8231 4 2 2 2 944 1098 1164 2242
8232 4 2 2 2 559 584 1072 2282
8233 4 2 2 2 566 978 109 2241
8234 4 2 2 2 1112 1022 1020 2276
8235 4 2 2 2 118 912 2264 2267
8236 4 2 2 2 647 2247 2237 2286
8237 4 2 2 2 578 1107 1165 634
8238 4 2 2 2 554 555 1015 1020
8239 4 2 2 2 566 567 568 2256
8240 4 2 2 2 626 100 101 1155
8241 4 2 2 2 947 930 2228 2269
8242 4 2 2 2 882 879 893 2285
8243 4 2 2 2 1077 1058 1060 2254
8244 4 2 2 2 2236 2253 2222 2272
8245 4 2 2 2 975 973 974 2280
8246 4 2 2 2 930 2269 924 2280
8247 4 2 2 2 911 2264 912 2267
8248 4 2 2 2 580 2236 552 2253
8249 4 2 2 2 1040 986 1134 961
8250 4 2 2 2 574 575 2246 2251
8251 4 2 2 2 969 2226 967 2274
8252 4 2 2 2 1030 1148 1108 2273
8253 4 2 2 2 1078 1058 1077 2258
8254 4 2 2 2 1145 2271 2249 2283
8255 4 2 2 2 942 941 940 2263
8256 4 2 2 2 1120 1127 1119 2228
8257 4 2 2 2 939 2231 938 2262
8258 4 2 2 2 1134 957 1140 961
8259 4 2 2 2 942 908 902 2232
8260 4 2 2 2 577 599 554 1021
8261 4 2 2 2 589 2264 623 2276
8262 4 2 2 2 641 104 645 2261
8263 4 2 2 2 1098 169 944 1164
8264 4 2 2 2 1035 1042 2245 2268
8265 4 2 2 2 1061 2254 2229 2255
8266 4 2 2 2 1166 1029 1107 576
8267 4 2 2 2 2221 2256 2241 2266
8268 4 2 2 2 105 645 994 2227
8269 4 2 2 2 934 950 955 2252
8270 4 2 2 2 890 895 896 2239
8271 4 2 2 2 964 100 1146 1155
8272 4 2 2 2 641 2227 632 2245
8273 4 2 2 2 1159 1136 1116 2227
8274 4 2 2 2 584 634 1165 1072
8275 4 2 2 2 889 893 2257 2281
8276 4 2 2 2 924 976 946 2280
8277 4 2 2 2 1147 1010 1008 911
8278 4 2 2 2 1167 1029 577 1021
8279 4 2 2 2 967 2226 969 2266
8280 4 2 2 2 1066 1060 1150 2254
8281 4 2 2 2 632 2251 2227 2274
8282 4 2 2 2 1009 1067 2264 2267
8283 4 2 2 2 550 2231 2263 2272
8284 4 2 2 2 1151 2250 1045 2285
8285 4 2 2 2 574 563 629 2251
8286 4 2 2 2 647 2276 2247 2286
8287 4 2 2 2 976 974 2228 2269
8288 4 2 2 2 1119 2248 2228 2283
8289 4 2 2 2 955 944 1152 2242
8290 4 2 2 2 976 2269 2228 2280
8291 4 2 2 2 958 961 972 2244
8292 4 2 2 2 995 1055 1056 1054
8293 4 2 2 2 1137 1081 2240 2270
8294 4 2 2 2 118 642 2237 2264
8295 4 2 2 2 951 546 600 2263
8296 4 2 2 2 2223 2258 2230 2259
8297 4 2 2 2 1156 1106 1088 2285
8298 4 2 2 2 2234 2251 2224 2271
8299 4 2 2 2 611 2230 564 2278
8300 4 2 2 2 1170 900 884 1031
8301 4 2 2 2 953 2232 940 2277
8302 4 2 2 2 2227 994 2274 2279
8303 4 2 2 2 1052 1032 1072 2282
8304 4 2 2 2 1140 1141 1133 2244
8305 4 2 2 2 2227 2243 994 2279
8306 4 2 2 2 939 948 938 2241
8307 4 2 2 2 585 1072 584 2282
8308 4 2 2 2 2226 2227 2274 2279
8309 4 2 2 2 2236 2246 573 2256
8310 4 2 2 2 924 2269 976 2280
8311 4 2 2 2 1057 1116 2234 2271
8312 4 2 2 2 902 124 143 942
8313 4 2 2 2 538 1015 1005 1038
8314 4 2 2 2 2227 2251 2226 2274
8315 4 2 2 2 1035 2245 1125 2260
8316 4 2 2 2 554 1038 1021 1020
8317 4 2 2 2 639 107 575 2274
8318 4 2 2 2 550 568 548 2231
8319 4 2 2 2 2221 2236 2231 2256
8320 4 2 2 2 991 994 104 2227
8321 4 2 2 2 992 2243 958 2279
8322 4 2 2 2 930 924 946 2280
8323 4 2 2 2 589 2264 2276 2286
8324 4 2 2 2 957 958 1140 961
8325 4 2 2 2 549 2233 2253 2272
8326 4 2 2 2 550 2231 548 2263
8327 4 2 2 2 645 105 632 2227
8328 4 2 2 2 1170 900 1037 885
8329 4 2 2 2 1082 2238 1036 2275
8330 4 2 2 2 119 118 640 915
8331 4 2 2 2 647 2237 642 2286
8332 4 2 2 2 968 2274 996 2279
8333 4 2 2 2 978 2241 977 2269
8334 4 2 2 2 1152 2242 1137 2252
8335 4 2 2 2 573 574 575 2246
8336 4 2 2 2 1045 1143 1118 2225
8337 4 2 2 2 559 1072 1032 2282
8338 4 2 2 2 913 889 893 2257
8339 4 2 2 2 612 2237 647 2247
8340 4 2 2 2 1082 2273 2238 2275
8341 4 2 2 2 2258 2259 2224 2278
8342 4 2 2 2 1119 2228 1127 2283
8343 4 2 2 2 911 1009 1008 1013
8344 4 2 2 2 1056 1047 993 1054
8345 4 2 2 2 2223 2254 2230 2258
8346 4 2 2 2 616 2238 2273 2275
8347 4 2 2 2 910 897 929 2250
8348 4 2 2 2 2238 2268 1036 2275
8349 4 2 2 2 996 105 2227 2274
8350 4 2 2 2 1158 1059 1057 2258
8351 4 2 2 2 2226 2251 2246 2274
8352 4 2 2 2 956 958 993 2243
8353 4 2 2 2 987 2241 978 2269
8354 4 2 2 2 1099 1100 1085 2235
8355 4 2 2 2 951 546 923 600
8356 4 2 2 2 2239 2255 2229 2281
8357 4 2 2 2 1124 2260 1125 2261
8358 4 2 2 2 640 612 613 2237
8359 4 2 2 2 996 2274 994 2279
8360 4 2 2 2 882 907 1130 2285
8361 4 2 2 2 1129 1130 907 1092
8362 4 2 2 2 118 642 640 2237
8363 4 2 2 2 934 955 933 2252
8364 4 2 2 2 927 2250 929 2277
8365 4 2 2 2 2231 2241 2221 2256
8366 4 2 2 2 1130 878 882 2285
8367 4 2 2 2 644 2260 2245 2268
8368 4 2 2 2 996 2227 994 2274
8369 4 2 2 2 2229 2254 2237 2284
8370 4 2 2 2 939 937 2231 2262
8371 4 2 2 2 588 559 1052 2282
8372 4 2 2 2 920 965 1103 2280
8373 4 2 2 2 968 969 2274 2279
8374 4 2 2 2 613 2237 612 2284
8375 4 2 2 2 993 995 1056 1054
8376 4 2 2 2 633 573 592 2256
8377 4 2 2 2 2231 2222 2265 2272
8378 4 2 2 2 2221 2241 2231 2262
8379 4 2 2 2 953 908 942 2232
8380 4 2 2 2 1164 1098 1152 2242
8381 4 2 2 2 1035 1036 1042 2268
8382 4 2 2 2 2244 2266 2226 2283
8383 4 2 2 2 124 546 922 2263
8384 4 2 2 2 632 629 563 2251
8385 4 2 2 2 877 1106 1088 1087
8386 4 2 2 2 884 901 1013 1031
8387 4 2 2 2 561 559 1052 588
8388 4 2 2 2 2222 2253 2233 2272
8389 4 2 2 2 551 122 549 2272
8390 4 2 2 2 1099 1080 1137 2235
8391 4 2 2 2 559 1032 1052 2282
8392 4 2 2 2 932 927 929 2277
8393 4 2 2 2 1044 1043 2239 2255
8394 4 2 2 2 2245 2260 583 2261
8395 4 2 2 2 1137 2240 1118 2252
8396 4 2 2 2 2237 2264 642 2286
8397 4 2 2 2 953 940 934 2277
8398 4 2 2 2 124 547 546 2263
8399 4 2 2 2 937 2231 2262 2265
8400 4 2 2 2 1061 1154 2229 2254
8401 4 2 2 2 1081 2255 2240 2270
8402 4 2 2 2 591 2247 647 2276
8403 4 2 2 2 2228 2266 2244 2283
8404 4 2 2 2 1043 1156 2239 2257
8405 4 2 2 2 1099 1137 1098 2242
8406 4 2 2 2 1043 1061 1154 2257
8407 4 2 2 2 109 978 981 2241
8408 4 2 2 2 990 1055 995 1054
8409 4 2 2 2 895 897 894 2250
8410 4 2 2 2 937 2262 2242 2265
8411 4 2 2 2 646 2238 616 2275
8412 4 2 2 2 616 2273 635 2275
8413 4 2 2 2 1043 1106 1156 2257
8414 4 2 2 2 1060 2230 1059 2287
8415 4 2 2 2 646 2268 2238 2275
8416 4 2 2 2 977 2266 974 2269
8417 4 2 2 2 886 910 921 2250
8418 4 2 2 2 939 941 2263 2265
8419 4 2 2 2 1170 900 1031 1037
8420 4 2 2 2 2229 2257 2239 2281
8421 4 2 2 2 1144 1127 1133 2244
8422 4 2 2 2 886 1129 907 1092
8423 4 2 2 2 996 105 994 2227
8424 4 2 2 2 1066 1067 1154 2237
8425 4 2 2 2 1136 1159 1065 2243
8426 4 2 2 2 569 616 2238 2273
8427 4 2 2 2 1097 115 114 885
8428 4 2 2 2 1015 538 554 1038
8429 4 2 2 2 1088 878 1130 2285
8430 4 2 2 2 879 877 914 2257
8431 4 2 2 2 937 939 2231 2265
8432 4 2 2 2 2229 2255 2254 2284
8433 4 2 2 2 2223 2254 2255 2284
8434 4 2 2 2 1035 1125 1124 2260
8435 4 2 2 2 913 2257 914 2267
8436 4 2 2 2 552 601 550 2272
8437 4 2 2 2 1137 1080 1081 2270
8438 4 2 2 2 578 1165 593 634
8439 4 2 2 2 948 936 981 2241
8440 4 2 2 2 632 2227 105 2274
8441 4 2 2 2 635 614 591 2273
8442 4 2 2 2 1051 2268 2260 2282
8443 4 2 2 2 1146 1123 964 1155
8444 4 2 2 2 102 982 103 2261
8445 4 2 2 2 1092 165 1142 2250
8446 4 2 2 2 993 990 995 1054
8447 4 2 2 2 948 981 925 2241
8448 4 2 2 2 647 591 614 2247
8449 4 2 2 2 611 602 604 2259
8450 4 2 2 2 935 951 923 600
8451 4 2 2 2 566 108 978 2256
8452 4 2 2 2 1015 553 555 554
8453 4 2 2 2 564 2238 565 2278
8454 4 2 2 2 1102 1103 965 1040
8455 4 2 2 2 565 2238 646 2268
8456 4 2 2 2 165 1092 921 2250
8457 4 2 2 2 1119 1157 1100 2283
8458 4 2 2 2 612 647 609 2247
8459 4 2 2 2 552 580 601 2236
8460 4 2 2 2 1062 559 1052 561
8461 4 2 2 2 1138 980 1169 990
8462 4 2 2 2 990 1169 1138 1055
8463 4 2 2 2 974 969 975 2244
8464 4 2 2 2 886 894 910 2250
8465 4 2 2 2 1154 1105 2257 2267
8466 4 2 2 2 922 143 124 942
8467 4 2 2 2 590 589 623 2276
8468 4 2 2 2 1105 1087 1106 2257
8469 4 2 2 2 1030 2247 2276 2286
8470 4 2 2 2 1051 2260 1050 2282
8471 4 2 2 2 1146 100 1003 1155
8472 4 2 2 2 1165 584 1072 1033
8473 4 2 2 2 634 616 635 2275
8474 4 2 2 2 986 965 1103 1040
8475 4 2 2 2 949 2248 943 2262
8476 4 2 2 2 1113 1112 2264 2286
8477 4 2 2 2 1052 1050 1062 561
8478 4 2 2 2 611 604 564 2230
8479 4 2 2 2 914 1147 916 911
8480 4 2 2 2 972 2244 969 2279
8481 4 2 2 2 121 637 2233 2281
8482 4 2 2 2 605 111 48 1028
8483 4 2 2 2 580 2253 598 2259
8484 4 2 2 2 898 2232 908 2277
8485 4 2 2 2 908 2232 953 2277
8486 4 2 2 2 933 167 1143 955
8487 4 2 2 2 1029 1167 577 1166
8488 4 2 2 2 600 935 628 610
8489 4 2 2 2 644 581 2260 2268
8490 4 2 2 2 986 957 1134 961
8491 4 2 2 2 1052 1072 1053 2282
8492 4 2 2 2 2246 2256 2221 2266
8493 4 2 2 2 1140 1064 1065 2243
8494 4 2 2 2 1082 1160 2238 2273
8495 4 2 2 2 616 646 569 2238
8496 4 2 2 2 634 1165 593 584
8497 4 2 2 2 1000 944 169 945
8498 4 2 2 2 165 927 1142 2250
8499 4 2 2 2 2222 2252 2242 2265
8500 4 2 2 2 559 585 584 2282
8501 4 2 2 2 1008 916 1147 911
8502 4 2 2 2 628 936 110 619
8503 4 2 2 2 1045 2239 1156 2285
8504 4 2 2 2 953 942 940 2232
8505 4 2 2 2 122 898 888 2233
8506 4 2 2 2 931 172 1120 2280
8507 4 2 2 2 615 102 103 2261
8508 4 2 2 2 1165 1166 1107 578
8509 4 2 2 2 893 890 2239 2281
8510 4 2 2 2 121 2233 888 2281
8511 4 2 2 2 2231 2265 2263 2272
8512 4 2 2 2 896 893 890 2239
8513 4 2 2 2 1092 1129 918 921
8514 4 2 2 2 172 1126 1120 2280
8515 4 2 2 2 1150 1068 1066 2286
8516 4 2 2 2 1036 2268 1034 2275
8517 4 2 2 2 943 949 945 2248
8518 4 2 2 2 911 903 912 2264
8519 4 2 2 2 987 978 977 2269
8520 4 2 2 2 896 895 894 2250
8521 4 2 2 2 626 622 561 1163
8522 4 2 2 2 601 580 573 2236
8523 4 2 2 2 165 921 927 2250
8524 4 2 2 2 1082 1036 1034 2275
8525 4 2 2 2 1144 2244 1141 2283
8526 4 2 2 2 1034 2268 1051 2282
8527 4 2 2 2 1148 2247 1149 2287
8528 4 2 2 2 1013 1170 884 1031
8529 4 2 2 2 589 2276 647 2286
8530 4 2 2 2 642 647 612 2237
8531 4 2 2 2 549 2233 637 2253
8532 4 2 2 2 1129 886 918 921
8533 4 2 2 2 592 575 107 2246
8534 4 2 2 2 943 2242 937 2262
8535 4 2 2 2 968 996 994 2279
8536 4 2 2 2 894 2250 907 2285
8537 4 2 2 2 554 1167 577 1021
8538 4 2 2 2 955 167 1143 1152
8539 4 2 2 2 1035 2260 1051 2268
8540 4 2 2 2 1068 1009 1067 2264
8541 4 2 2 2 955 950 944 2242
8542 4 2 2 2 928 921 910 2250
8543 4 2 2 2 947 924 930 2269
8544 4 2 2 2 1087 877 1147 880
8545 4 2 2 2 1035 2245 2260 2268
8546 4 2 2 2 2230 2259 2258 2278
8547 4 2 2 2 886 907 894 2250
8548 4 2 2 2 42 643 1115 1093
8549 4 2 2 2 927 928 929 2250
8550 4 2 2 2 1152 1098 1137 2242
8551 4 2 2 2 548 600 546 2263
8552 4 2 2 2 1145 1084 2249 2271
8553 4 2 2 2 1097 114 115 553
8554 4 2 2 2 583 2260 615 2261
8555 4 2 2 2 609 564 604 2230
8556 4 2 2 2 1087 877 914 1147
8557 4 2 2 2 584 1165 593 1033
8558 4 2 2 2 1009 1010 1067 2267
8559 4 2 2 2 893 2239 896 2285
8560 4 2 2 2 573 2246 592 2256
8561 4 2 2 2 1158 1116 1042 2234
8562 4 2 2 2 933 1142 166 927
8563 4 2 2 2 1052 559 1062 1032
8564 4 2 2 2 2263 2265 2232 2272
8565 4 2 2 2 1030 1108 1029 2276
8566 4 2 2 2 878 1130 882 907
8567 4 2 2 2 569 565 564 2238
8568 4 2 2 2 973 976 974 2280
8569 4 2 2 2 902 908 899 2232
8570 4 2 2 2 908 898 899 2232
8571 4 2 2 2 1078 1111 1081 2270
8572 4 2 2 2 950 937 2242 2265
8573 4 2 2 2 954 1001 945 2248
8574 4 2 2 2 1151 1142 1045 2250
8575 4 2 2 2 1127 1120 1126 2280
8576 4 2 2 2 1047 959 1056 993
8577 4 2 2 2 641 2245 583 2261
8578 4 2 2 2 1081 1118 1137 2240
8579 4 2 2 2 968 969 967 2274
8580 4 2 2 2 1150 1149 1148 2247
8581 4 2 2 2 1057 1116 1158 2234
8582 4 2 2 2 553 1015 1005 538
8583 4 2 2 2 637 549 122 2233
8584 4 2 2 2 915 912 118 2267
8585 4 2 2 2 2222 2232 2265 2272
8586 4 2 2 2 1064 1054 1063 2243
8587 4 2 2 2 967 977 108 2266
8588 4 2 2 2 1053 1072 1071 2275
8589 4 2 2 2 1030 1150 2247 2286
8590 4 2 2 2 1148 2273 2247 2287
8591 4 2 2 2 949 947 954 2248
8592 4 2 2 2 554 1038 1167 1021
8593 4 2 2 2 1005 541 553 538
8594 4 2 2 2 2221 2246 2236 2256
8595 4 2 2 2 166 1143 1142 933
8596 4 2 2 2 566 568 633 2256
8597 4 2 2 2 890 888 2233 2281
8598 4 2 2 2 574 2259 611 2278
8599 4 2 2 2 1149 1060 1059 2287
8600 4 2 2 2 583 2245 644 2260
8601 4 2 2 2 646 565 569 2238
8602 4 2 2 2 626 1003 100 1155
8603 4 2 2 2 639 2251 632 2274
8604 4 2 2 2 574 629 575 2251
8605 4 2 2 2 1058 1057 1059 2258
8606 4 2 2 2 1134 988 986 1040
8607 4 2 2 2 1044 1081 1111 2255
8608 4 2 2 2 576 591 599 2276
8609 4 2 2 2 626 561 1062 1163
8610 4 2 2 2 951 939 941 2263
8611 4 2 2 2 886 1129 1092 921
8612 4 2 2 2 1150 1148 1030 2247
8613 4 2 2 2 1117 1169 1125 2261
8614 4 2 2 2 553 1015 538 554
8615 4 2 2 2 1158 2238 1160 2287
8616 4 2 2 2 1109 1125 1035 2245
8617 4 2 2 2 992 994 2243 2279
8618 4 2 2 2 116 117 903 2264
8619 4 2 2 2 581 2268 646 2282
8620 4 2 2 2 897 910 894 2250
8621 4 2 2 2 1166 1162 558 578
8622 4 2 2 2 890 888 898 2233
8623 4 2 2 2 1097 1170 1037 885
8624 4 2 2 2 946 976 989 2280
8625 4 2 2 2 1160 2238 2273 2287
8626 4 2 2 2 1147 877 914 880
8627 4 2 2 2 1035 1051 1034 2268
8628 4 2 2 2 945 1001 1000 2248
8629 4 2 2 2 589 642 2264 2286
8630 4 2 2 2 1162 593 558 578
8631 4 2 2 2 943 950 937 2242
8632 4 2 2 2 919 1103 920 965
8633 4 2 2 2 589 647 642 2286
8634 4 2 2 2 598 580 552 2253
8635 4 2 2 2 923 935 600 610
8636 4 2 2 2 544 561 1062 626
8637 4 2 2 2 937 941 939 2265
8638 4 2 2 2 1133 1141 1144 2244
8639 4 2 2 2 926 2241 925 2269
8640 4 2 2 2 561 1062 559 560
8641 4 2 2 2 545 1003 626 1155
8642 4 2 2 2 121 120 637 2281
8643 4 2 2 2 1044 2240 1081 2255
8644 4 2 2 2 1044 1043 1045 2239
8645 4 2 2 2 972 975 969 2244
8646 4 2 2 2 1083 2258 1078 2270
8647 4 2 2 2 1003 100 631 626
8648 4 2 2 2 1050 1062 561 1163
8649 4 2 2 2 981 987 925 2241
8650 4 2 2 2 169 1098 944 1000
8651 4 2 2 2 1099 1085 1080 2235
8652 4 2 2 2 122 888 121 2233
8653 4 2 2 2 982 990 991 2261
8654 4 2 2 2 878 1088 1130 1153
8655 4 2 2 2 951 922 546 2263
8656 4 2 2 2 992 993 958 2243
8657 4 2 2 2 2240 2255 2223 2270
8658 4 2 2 2 1143 1137 1118 2252
8659 4 2 2 2 1103 919 1102 965
8660 4 2 2 2 1092 918 164 921
8661 4 2 2 2 122 121 637 2233
8662 4 2 2 2 1145 2249 1157 2283
8663 4 2 2 2 1157 1085 1100 2249
8664 4 2 2 2 1033 584 559 586
8665 4 2 2 2 1126 172 920 2280
8666 4 2 2 2 1132 980 963 979
8667 4 2 2 2 992 958 972 2279
8668 4 2 2 2 953 934 932 2277
8669 4 2 2 2 644 641 632 2245
8670 4 2 2 2 626 1011 545 1155
8671 4 2 2 2 1155 626 1011 1163
8672 4 2 2 2 936 628 935 619
8673 4 2 2 2 43 595 597 1095
8674 4 2 2 2 116 623 117 2264
8675 4 2 2 2 1051 1050 1052 2282
8676 4 2 2 2 643 42 41 1093
8677 4 2 2 2 1108 2273 1082 2275
8678 4 2 2 2 1126 920 1103 2280
8679 4 2 2 2 951 923 546 922
8680 4 2 2 2 1156 1088 1130 2285
8681 4 2 2 2 613 603 120 2284
8682 4 2 2 2 938 925 926 2241
8683 4 2 2 2 1151 1045 1156 2285
8684 4 2 2 2 1034 2275 2268 2282
8685 4 2 2 2 1026 113 114 630
8686 4 2 2 2 1011 544 1062 626
8687 4 2 2 2 913 914 915 2267
8688 4 2 2 2 626 1062 1011 1163
8689 4 2 2 2 559 1062 1032 560
8690 4 2 2 2 1119 1127 1144 2283
8691 4 2 2 2 889 917 120 2281
8692 4 2 2 2 921 928 927 2250
8693 4 2 2 2 1157 1145 1084 2249
8694 4 2 2 2 1082 1160 1036 2238
8695 4 2 2 2 113 1097 892 1026
8696 4 2 2 2 939 938 937 2262
8697 4 2 2 2 1118 1081 1044 2240
8698 4 2 2 2 993 994 991 2243
8699 4 2 2 2 1034 1053 2275 2282
8700 4 2 2 2 1097 553 1014 630
8701 4 2 2 2 1059 1158 1160 2287
8702 4 2 2 2 936 981 925 948
8703 4 2 2 2 914 913 879 2257
8704 4 2 2 2 949 954 945 2248
8705 4 2 2 2 602 580 598 2259
8706 4 2 2 2 894 896 2250 2285
8707 4 2 2 2 992 968 994 2279
8708 4 2 2 2 1044 1061 1043 2255
8709 4 2 2 2 940 941 952 2265
8710 4 2 2 2 931 920 172 2280
8711 4 2 2 2 1156 1045 1043 2239
8712 4 2 2 2 957 988 986 1134
8713 4 2 2 2 1097 114 113 892
8714 4 2 2 2 1003 631 545 626
8715 4 2 2 2 956 958 1140 957
8716 4 2 2 2 987 925 2241 2269
8717 4 2 2 2 918 164 1129 1092
8718 4 2 2 2 558 1166 578 577
8719 4 2 2 2 898 897 895 2277
8720 4 2 2 2 1154 1067 1105 2267
8721 4 2 2 2 565 646 644 2268
8722 4 2 2 2 1134 1041 988 1040
8723 4 2 2 2 142 902 942 908
8724 4 2 2 2 549 2253 552 2272
8725 4 2 2 2 583 644 581 2260
8726 4 2 2 2 1140 1046 956 1134
8727 4 2 2 2 1124 1125 1168 2261
8728 4 2 2 2 614 609 647 2247
8729 4 2 2 2 559 1032 1033 586
8730 4 2 2 2 959 1047 956 993
8731 4 2 2 2 553 1015 1097 1014
8732 4 2 2 2 1036 1160 1158 2238
8733 4 2 2 2 1143 1152 1137 2252
8734 4 2 2 2 986 965 973 2280
8735 4 2 2 2 1145 1144 1141 2283
8736 4 2 2 2 640 642 612 2237
8737 4 2 2 2 981 978 987 2241
8738 4 2 2 2 920 989 965 2280
8739 4 2 2 2 588 585 559 2282
8740 4 2 2 2 950 943 944 2242
8741 4 2 2 2 1097 113 114 1026
8742 4 2 2 2 972 961 975 2244
8743 4 2 2 2 1146 971 100 964
8744 4 2 2 2 911 905 901 1013
8745 4 2 2 2 971 1146 1114 964
8746 4 2 2 2 1085 1157 1084 2249
8747 4 2 2 2 914 911 912 2267
8748 4 2 2 2 957 1140 956 1134
8749 4 2 2 2 925 938 948 2241
8750 4 2 2 2 553 1097 114 630
8751 4 2 2 2 589 591 647 2276
8752 4 2 2 2 963 964 1123 979
8753 4 2 2 2 1105 1067 1010 2267
8754 4 2 2 2 1003 545 1011 1155
8755 4 2 2 2 1047 1046 956 1140
8756 4 2 2 2 1026 114 1097 630
8757 4 2 2 2 1108 1082 1071 2275
8758 4 2 2 2 1058 1078 1083 2258
8759 4 2 2 2 1129 1130 1153 904
8760 4 2 2 2 636 1086 40 1070
8761 4 2 2 2 980 1138 984 990
8762 4 2 2 2 124 123 547 902
8763 4 2 2 2 946 924 147 976
8764 4 2 2 2 107 639 106 2274
8765 4 2 2 2 1035 1034 1036 2268
8766 4 2 2 2 1031 1009 1113 2264
8767 4 2 2 2 549 637 598 2253
8768 4 2 2 2 632 105 639 2274
8769 4 2 2 2 639 629 632 2251
8770 4 2 2 2 1014 1026 1097 630
8771 4 2 2 2 550 2263 547 2272
8772 4 2 2 2 1000 1119 1100 2248
8773 4 2 2 2 553 1014 630 541
8774 4 2 2 2 976 977 974 2269
8775 4 2 2 2 882 893 896 2285
8776 4 2 2 2 905 911 1008 1013
8777 4 2 2 2 990 1138 984 1055
8778 4 2 2 2 583 615 103 2261
8779 4 2 2 2 980 1169 1132 1138
8780 4 2 2 2 908 942 142 953
8781 4 2 2 2 942 922 941 2263
8782 4 2 2 2 893 879 913 2257
8783 4 2 2 2 2260 2268 581 2282
8784 4 2 2 2 581 646 585 2282
8785 4 2 2 2 1063 1136 1065 2243
8786 4 2 2 2 172 1126 920 1103
8787 4 2 2 2 544 1011 545 626
8788 4 2 2 2 636 39 621 1070
8789 4 2 2 2 1057 1084 1116 2271
8790 4 2 2 2 1130 907 1153 904
8791 4 2 2 2 582 2260 581 2282
8792 4 2 2 2 971 100 99 1146
8793 4 2 2 2 907 1130 1129 904
8794 4 2 2 2 622 101 102 979
8795 4 2 2 2 99 1003 1007 1146
8796 4 2 2 2 1077 2254 1061 2255
8797 4 2 2 2 115 116 900 627
8798 4 2 2 2 1092 1142 1151 2250
8799 4 2 2 2 1049 998 37 607
8800 4 2 2 2 566 592 108 2256
8801 4 2 2 2 1168 1125 1169 2261
8802 4 2 2 2 1154 1105 1043 2257
8803 4 2 2 2 1007 1003 631 625
8804 4 2 2 2 965 989 973 2280
8805 4 2 2 2 1123 1132 963 979
8806 4 2 2 2 1033 1162 593 586
8807 4 2 2 2 1007 631 99 625
8808 4 2 2 2 947 926 924 2269
8809 4 2 2 2 121 888 120 2281
8810 4 2 2 2 1061 1066 1154 2254
8811 4 2 2 2 908 953 141 2277
8812 4 2 2 2 1035 1042 1109 2245
8813 4 2 2 2 583 641 644 2245
8814 4 2 2 2 170 1000 945 1001
8815 4 2 2 2 1111 1077 1061 2255
8816 4 2 2 2 1033 593 584 586
8817 4 2 2 2 37 38 1049 607
8818 4 2 2 2 967 107 106 2274
8819 4 2 2 2 1160 2273 1148 2287
8820 4 2 2 2 994 105 104 645
8821 4 2 2 2 118 912 117 2264
8822 4 2 2 2 616 634 585 2275
8823 4 2 2 2 1024 113 892 1026
8824 4 2 2 2 954 170 945 1001
8825 4 2 2 2 623 589 117 2264
8826 4 2 2 2 897 898 908 2277
8827 4 2 2 2 1034 1051 1053 2282
8828 4 2 2 2 642 118 117 2264
8829 4 2 2 2 599 591 590 2276
8830 4 2 2 2 976 924 146 2269
8831 4 2 2 2 586 559 1032 562
8832 4 2 2 2 929 897 141 2277
8833 4 2 2 2 929 141 953 2277
8834 4 2 2 2 912 903 117 2264
8835 4 2 2 2 962 1114 1122 964
8836 4 2 2 2 971 99 1007 1146
8837 4 2 2 2 963 980 1132 1138
8838 4 2 2 2 1165 1162 593 1033
8839 4 2 2 2 1083 1078 1080 2270
8840 4 2 2 2 959 995 1056 993
8841 4 2 2 2 604 613 612 2284
8842 4 2 2 2 1166 558 1167 577
8843 4 2 2 2 893 889 890 2281
8844 4 2 2 2 924 925 146 2269
8845 4 2 2 2 560 561 1062 544
8846 4 2 2 2 103 641 583 2261
8847 4 2 2 2 550 549 552 2272
8848 4 2 2 2 1123 1114 1146 964
8849 4 2 2 2 1033 1162 586 1023
8850 4 2 2 2 1041 1039 983 1040
8851 4 2 2 2 548 546 547 2263
8852 4 2 2 2 897 908 141 2277
8853 4 2 2 2 117 589 642 2264
8854 4 2 2 2 1082 1108 1160 2273
8855 4 2 2 2 566 633 592 2256
8856 4 2 2 2 1119 1000 1001 2248
8857 4 2 2 2 611 574 580 2259
8858 4 2 2 2 983 1039 1102 1040
8859 4 2 2 2 1006 1005 1004 538
8860 4 2 2 2 1038 556 554 1167
8861 4 2 2 2 972 969 968 2279
8862 4 2 2 2 974 977 969 2266
8863 4 2 2 2 976 146 987 2269
8864 4 2 2 2 106 105 996 2274
8865 4 2 2 2 1016 1032 1062 560
8866 4 2 2 2 925 987 146 2269
8867 4 2 2 2 1050 1051 1124 2260
8868 4 2 2 2 575 629 639 2251
8869 4 2 2 2 989 976 973 2280
8870 4 2 2 2 1091 916 1147 1008
8871 4 2 2 2 541 1005 1006 538
8872 4 2 2 2 1167 556 554 577
8873 4 2 2 2 575 592 573 2246
8874 4 2 2 2 930 920 931 2280
8875 4 2 2 2 1023 586 1032 562
8876 4 2 2 2 569 614 616 2273
8877 4 2 2 2 547 550 548 2263
8878 4 2 2 2 596 593 1162 586
8879 4 2 2 2 965 920 148 989
8880 4 2 2 2 951 941 922 2263
8881 4 2 2 2 140 928 910 929
8882 4 2 2 2 104 641 103 2261
8883 4 2 2 2 1167 558 556 577
8884 4 2 2 2 586 1032 1033 1023
8885 4 2 2 2 603 604 602 2284
8886 4 2 2 2 1005 1004 538 1038
8887 4 2 2 2 1080 1078 1081 2270
8888 4 2 2 2 582 581 588 2282
8889 4 2 2 2 1064 1063 1065 2243
8890 4 2 2 2 147 989 946 976
8891 4 2 2 2 1007 997 1003 625
8892 4 2 2 2 596 594 586 1023
8893 4 2 2 2 1145 1159 1084 2271
8894 4 2 2 2 550 547 551 2272
8895 4 2 2 2 595 43 42 1095
8896 4 2 2 2 950 952 937 2265
8897 4 2 2 2 989 920 946 2280
8898 4 2 2 2 884 900 1170 885
8899 4 2 2 2 983 986 988 1040
8900 4 2 2 2 885 114 1097 892
8901 4 2 2 2 589 590 591 2276
8902 4 2 2 2 1034 1053 1071 2275
8903 4 2 2 2 991 104 103 2261
8904 4 2 2 2 111 48 1028 4
8905 4 2 2 2 1077 1066 1061 2254
8906 4 2 2 2 621 1070 1049 1069
8907 4 2 2 2 1124 1051 1035 2260
8908 4 2 2 2 991 103 982 2261
8909 4 2 2 2 891 1025 624 1026
8910 4 2 2 2 914 1147 880 916
8911 4 2 2 2 1114 1123 1122 964
8912 4 2 2 2 166 167 1143 933
8913 4 2 2 2 635 616 614 2273
8914 4 2 2 2 943 937 938 2262
8915 4 2 2 2 563 574 611 2278
8916 4 2 2 2 646 616 585 2275
8917 4 2 2 2 1129 886 887 918
8918 4 2 2 2 586 1162 596 1023
8919 4 2 2 2 1170 129 1101 906
8920 4 2 2 2 910 897 140 929
8921 4 2 2 2 967 106 968 2274
8922 4 2 2 2 556 1074 558 1167
8923 4 2 2 2 888 889 120 2281
8924 4 2 2 2 981 925 145 936
8925 4 2 2 2 987 977 976 2269
8926 4 2 2 2 1161 557 1074 558
8927 4 2 2 2 583 582 615 2260
8928 4 2 2 2 1003 631 99 1007
8929 4 2 2 2 1166 558 1074 1167
8930 4 2 2 2 1057 1058 1083 2258
8931 4 2 2 2 1060 1066 1077 2254
8932 4 2 2 2 610 935 628 619
8933 4 2 2 2 1089 877 1088 1087
8934 4 2 2 2 1160 1108 1148 2273
8935 4 2 2 2 995 156 1121 1139
8936 4 2 2 2 165 166 1142 927
8937 4 2 2 2 1113 2264 1068 2286
8938 4 2 2 2 1024 892 1097 1026
8939 4 2 2 2 557 1161 579 558
8940 4 2 2 2 966 1102 919 965
8941 4 2 2 2 1105 1106 1043 2257
8942 4 2 2 2 1068 1113 1009 2264
8943 4 2 2 2 646 581 644 2268
8944 4 2 2 2 886 910 139 921
8945 4 2 2 2 594 596 1096 1023
8946 4 2 2 2 1041 983 988 1040
8947 4 2 2 2 1086 638 40 1093
8948 4 2 2 2 7 110 144 619
8949 4 2 2 2 894 907 896 2285
8950 4 2 2 2 144 110 981 936
8951 4 2 2 2 564 565 563 2278
8952 4 2 2 2 624 113 891 1026
8953 4 2 2 2 938 949 943 2262
8954 4 2 2 2 1011 1002 543 545
8955 4 2 2 2 108 109 566 978
8956 4 2 2 2 596 558 1161 1162
8957 4 2 2 2 551 549 550 2272
8958 4 2 2 2 896 907 882 2285
8959 4 2 2 2 912 915 914 2267
8960 4 2 2 2 1030 2276 1112 2286
8961 4 2 2 2 549 598 552 2253
8962 4 2 2 2 936 144 110 619
8963 4 2 2 2 924 926 925 2269
8964 4 2 2 2 37 97 608 998
8965 4 2 2 2 1030 1029 1022 2276
8966 4 2 2 2 1162 558 1074 1166
8967 4 2 2 2 1102 966 983 965
8968 4 2 2 2 562 559 1032 560
8969 4 2 2 2 1030 1068 1150 2286
8970 4 2 2 2 545 1011 1002 1003
8971 4 2 2 2 901 905 884 1013
8972 4 2 2 2 556 1004 557 1074
8973 4 2 2 2 1011 543 544 545
8974 4 2 2 2 1014 541 1005 1006
8975 4 2 2 2 1119 1144 1157 2283
8976 4 2 2 2 960 1046 1041 1134
8977 4 2 2 2 1016 1023 1032 562
8978 4 2 2 2 1032 1016 562 560
8979 4 2 2 2 981 145 144 936
8980 4 2 2 2 556 538 1004 1038
8981 4 2 2 2 992 994 993 2243
8982 4 2 2 2 112 891 1025 624
8983 4 2 2 2 1014 630 541 539
8984 4 2 2 2 1055 984 990 995
8985 4 2 2 2 557 556 1074 558
8986 4 2 2 2 1104 881 877 880
8987 4 2 2 2 897 141 140 929
8988 4 2 2 2 919 920 149 965
8989 4 2 2 2 636 648 1070 621
8990 4 2 2 2 997 631 1003 625
8991 4 2 2 2 539 541 1006 538
8992 4 2 2 2 1082 1034 1071 2275
8993 4 2 2 2 1103 920 173 919
8994 4 2 2 2 1074 1161 558 1162
8995 4 2 2 2 1038 1004 556 1167
8996 4 2 2 2 962 971 1114 964
8997 4 2 2 2 1006 1014 541 539
8998 4 2 2 2 106 639 105 2274
8999 4 2 2 2 902 143 142 942
9000 4 2 2 2 1002 543 1012 1011
9001 4 2 2 2 910 928 139 921
9002 4 2 2 2 920 148 149 965
9003 4 2 2 2 1004 540 1006 538
9004 4 2 2 2 1151 1156 1130 2285
9005 4 2 2 2 602 611 580 2259
9006 4 2 2 2 959 155 154 1048
9007 4 2 2 2 596 593 558 1162
9008 4 2 2 2 1162 1096 596 1023
9009 4 2 2 2 538 556 554 1038
9010 4 2 2 2 1160 1149 1059 2287
9011 4 2 2 2 1161 579 558 596
9012 4 2 2 2 1153 907 909 904
9013 4 2 2 2 963 1132 1123 1131
9014 4 2 2 2 959 155 1048 1079
9015 4 2 2 2 544 1012 543 1011
9016 4 2 2 2 989 920 148 946
9017 4 2 2 2 120 119 613 917
9018 4 2 2 2 885 1097 1170 1128
9019 4 2 2 2 1147 1104 1087 880
9020 4 2 2 2 1128 885 1097 892
9021 4 2 2 2 967 969 977 2266
9022 4 2 2 2 941 937 952 2265
9023 4 2 2 2 911 1008 916 1090
9024 4 2 2 2 1090 911 1008 905
9025 4 2 2 2 929 953 932 2277
9026 4 2 2 2 631 545 1002 1003
9027 4 2 2 2 581 582 583 2260
9028 4 2 2 2 1002 620 543 631
9029 4 2 2 2 1084 1159 1116 2271
9030 4 2 2 2 1052 1053 1051 2282
9031 4 2 2 2 936 7 144 619
9032 4 2 2 2 877 1087 1104 880
9033 4 2 2 2 1012 542 544 543
9034 4 2 2 2 1056 1121 1055 995
9035 4 2 2 2 1075 557 1074 1161
9036 4 2 2 2 908 142 141 953
9037 4 2 2 2 146 147 924 976
9038 4 2 2 2 1061 1044 1111 2255
9039 4 2 2 2 1090 916 911 905
9040 4 2 2 2 163 1129 887 918
9041 4 2 2 2 1096 594 1023 1115
9042 4 2 2 2 1129 886 904 887
9043 4 2 2 2 625 99 1007 970
9044 4 2 2 2 930 946 920 2280
9045 4 2 2 2 124 8 143 922
9046 4 2 2 2 65 935 610 619
9047 4 2 2 2 987 925 145 981
9048 4 2 2 2 156 995 984 1139
9049 4 2 2 2 562 1016 1023 1017
9050 4 2 2 2 1075 557 1004 1074
9051 4 2 2 2 1074 556 1004 1167
9052 4 2 2 2 1014 630 539 1027
9053 4 2 2 2 1012 544 1016 1011
9054 4 2 2 2 8 124 546 922
9055 4 2 2 2 544 1016 560 1012
9056 4 2 2 2 1128 1170 885 883
9057 4 2 2 2 997 620 1002 631
9058 4 2 2 2 542 544 560 1012
9059 4 2 2 2 916 131 905 1090
9060 4 2 2 2 1000 169 170 945
9061 4 2 2 2 1075 557 1076 1004
9062 4 2 2 2 1101 129 130 906
9063 4 2 2 2 1102 966 1171 1039
9064 4 2 2 2 919 150 174 1102
9065 4 2 2 2 907 1129 886 904
9066 4 2 2 2 1075 557 1161 579
9067 4 2 2 2 539 1006 1014 1027
9068 4 2 2 2 122 123 899 551
9069 4 2 2 2 905 1101 884 1013
9070 4 2 2 2 1001 171 1120 931
9071 4 2 2 2 968 106 996 2274
9072 4 2 2 2 1138 963 980 984
9073 4 2 2 2 992 972 968 2279
9074 4 2 2 2 560 1062 1016 544
9075 4 2 2 2 1131 963 1132 1138
9076 4 2 2 2 918 886 138 921
9077 4 2 2 2 954 171 1001 931
9078 4 2 2 2 625 1007 997 999
9079 4 2 2 2 920 173 172 1103
9080 4 2 2 2 1023 562 1017 587
9081 4 2 2 2 935 65 7 619
9082 4 2 2 2 1047 1048 959 1046
9083 4 2 2 2 155 959 995 1079
9084 4 2 2 2 887 886 137 918
9085 4 2 2 2 959 1047 1046 956
9086 4 2 2 2 625 1007 98 970
9087 4 2 2 2 99 1007 970 971
9088 4 2 2 2 98 1007 625 999
9089 4 2 2 2 1139 984 1138 1055
9090 4 2 2 2 1025 624 1026 1027
9091 4 2 2 2 1030 1112 1068 2286
9092 4 2 2 2 164 165 1092 921
9093 4 2 2 2 886 139 138 921
9094 4 2 2 2 1062 1016 544 1011
9095 4 2 2 2 631 1002 997 1003
9096 4 2 2 2 542 560 1016 1012
9097 4 2 2 2 557 540 1004 556
9098 4 2 2 2 1115 594 1023 587
9099 4 2 2 2 572 1075 557 1076
9100 4 2 2 2 1145 1157 1144 2283
9101 4 2 2 2 604 603 613 2284
9102 4 2 2 2 885 1170 884 883
9103 4 2 2 2 966 919 150 965
9104 4 2 2 2 1160 1148 1149 2287
9105 4 2 2 2 594 586 1023 587
9106 4 2 2 2 48 605 1028 606
9107 4 2 2 2 540 539 1006 538
9108 4 2 2 2 1027 618 1018 1019
9109 4 2 2 2 1128 129 1170 883
9110 4 2 2 2 1086 638 542 636
9111 4 2 2 2 163 164 1129 918
9112 4 2 2 2 935 923 65 610
9113 4 2 2 2 1025 891 1024 1026
9114 4 2 2 2 880 1147 1104 1091
9115 4 2 2 2 1049 39 1070 621
9116 4 2 2 2 538 1004 540 556
9117 4 2 2 2 1049 621 1069 620
9118 4 2 2 2 1104 132 880 1091
9119 4 2 2 2 620 1069 1049 997
9120 4 2 2 2 545 1002 543 631
9121 4 2 2 2 1048 959 1056 1047
9122 4 2 2 2 923 546 66 600
9123 4 2 2 2 12 163 1073 887
9124 4 2 2 2 618 1027 624 605
9125 4 2 2 2 1113 1068 1112 2286
9126 4 2 2 2 1056 1079 959 1048
9127 4 2 2 2 1026 624 113 630
9128 4 2 2 2 562 1023 586 587
9129 4 2 2 2 1007 971 1146 1114
9130 4 2 2 2 985 158 157 1131
9131 4 2 2 2 890 889 888 2281
9132 4 2 2 2 157 985 1131 1138
9133 4 2 2 2 588 581 585 2282
9134 4 2 2 2 611 564 563 2278
9135 4 2 2 2 1147 880 916 1091
9136 4 2 2 2 906 1170 129 883
9137 4 2 2 2 1016 562 542 1017
9138 4 2 2 2 995 156 155 1121
9139 4 2 2 2 1048 154 959 960
9140 4 2 2 2 133 881 1104 880
9141 4 2 2 2 1025 624 1027 605
9142 4 2 2 2 132 880 133 1104
9143 4 2 2 2 169 168 944 1164
9144 4 2 2 2 1023 1017 1115 587
9145 4 2 2 2 960 1046 153 1041
9146 4 2 2 2 1102 919 150 966
9147 4 2 2 2 891 112 113 624
9148 4 2 2 2 98 99 625 970
9149 4 2 2 2 1097 1128 892 1024
9150 4 2 2 2 540 1076 557 1004
9151 4 2 2 2 935 7 936 619
9152 4 2 2 2 1112 1030 1022 2276
9153 4 2 2 2 1026 624 630 1027
9154 4 2 2 2 1101 1170 884 1013
9155 4 2 2 2 997 620 1069 1002
9156 4 2 2 2 995 1121 155 1079
9157 4 2 2 2 1131 985 963 1138
9158 4 2 2 2 608 37 998 607
9159 4 2 2 2 162 98 97 999
9160 4 2 2 2 923 66 546 922
9161 4 2 2 2 1016 562 560 542
9162 4 2 2 2 638 1017 542 587
9163 4 2 2 2 970 1007 160 971
9164 4 2 2 2 1122 159 1114 962
9165 4 2 2 2 971 1007 160 1114
9166 4 2 2 2 3 162 97 998
9167 4 2 2 2 631 997 620 625
9168 4 2 2 2 1073 1129 1153 904
9169 4 2 2 2 605 1028 606 1019
9170 4 2 2 2 1027 624 630 618
9171 4 2 2 2 916 132 1090 1091
9172 4 2 2 2 648 1086 542 636
9173 4 2 2 2 597 1110 43 1094
9174 4 2 2 2 1028 48 606 1019
9175 4 2 2 2 562 542 1017 587
9176 4 2 2 2 173 1103 919 1102
9177 4 2 2 2 1101 1170 906 884
9178 4 2 2 2 1018 539 1006 1076
9179 4 2 2 2 1102 966 1039 983
9180 4 2 2 2 133 881 1089 1104
9181 4 2 2 2 138 137 886 918
9182 4 2 2 2 1024 892 113 891
9183 4 2 2 2 1128 127 128 892
9184 4 2 2 2 617 1018 570 540
9185 4 2 2 2 638 542 1017 1086
9186 4 2 2 2 570 1018 46 1135
9187 4 2 2 2 1170 906 884 883
9188 4 2 2 2 1076 570 1018 540
9189 4 2 2 2 1138 985 963 984
9190 4 2 2 2 1101 905 1008 1013
9191 4 2 2 2 153 154 1046 960
9192 4 2 2 2 168 167 955 1152
9193 4 2 2 2 878 909 881 1089
9194 4 2 2 2 1076 557 572 540
9195 4 2 2 2 543 1069 620 1002
9196 4 2 2 2 891 1024 126 1025
9197 4 2 2 2 1007 160 161 970
9198 4 2 2 2 98 1007 999 970
9199 4 2 2 2 630 1014 1026 1027
9200 4 2 2 2 542 1012 648 543
9201 4 2 2 2 162 161 98 999
9202 4 2 2 2 1046 1048 959 960
9203 4 2 2 2 1096 596 1161 1162
9204 4 2 2 2 43 597 1094 1095
9205 4 2 2 2 1027 539 1006 1018
9206 4 2 2 2 607 621 38 1049
9207 4 2 2 2 1138 157 985 984
9208 4 2 2 2 892 1128 127 1024
9209 4 2 2 2 1079 995 1056 959
9210 4 2 2 2 883 885 1128 892
9211 4 2 2 2 919 149 150 965
9212 4 2 2 2 1016 542 1012 1017
9213 4 2 2 2 113 1024 891 1026
9214 4 2 2 2 542 1012 1086 648
9215 4 2 2 2 605 1027 1025 1019
9216 4 2 2 2 1049 998 608 997
9217 4 2 2 2 163 1129 1073 887
9218 4 2 2 2 984 1138 157 1139
9219 4 2 2 2 630 539 1027 618
9220 4 2 2 2 540 1006 1076 1004
9221 4 2 2 2 960 959 1046 956
9222 4 2 2 2 916 880 132 1091
9223 4 2 2 2 539 1027 618 1018
9224 4 2 2 2 597 43 1110 571
9225 4 2 2 2 988 960 153 1041
9226 4 2 2 2 919 174 173 1102
9227 4 2 2 2 154 1048 1046 960
9228 4 2 2 2 1161 579 596 1096
9229 4 2 2 2 1049 38 39 621
9230 4 2 2 2 1012 1086 648 1069
9231 4 2 2 2 1018 539 1076 540
9232 4 2 2 2 542 1012 1017 1086
9233 4 2 2 2 883 1128 128 892
9234 4 2 2 2 1110 44 45 571
9235 4 2 2 2 1008 1090 905 1101
9236 4 2 2 2 618 617 1018 1019
9237 4 2 2 2 125 111 112 1025
9238 4 2 2 2 1073 1153 135 904
9239 4 2 2 2 145 146 925 987
9240 4 2 2 2 887 137 163 918
9241 4 2 2 2 579 1161 1094 1096
9242 4 2 2 2 608 998 1049 607
9243 4 2 2 2 617 618 606 1019
9244 4 2 2 2 618 1027 605 1019
9245 4 2 2 2 66 8 546 922
9246 4 2 2 2 1018 617 539 540
9247 4 2 2 2 151 152 1039 983
9248 4 2 2 2 1075 572 1135 1076
9249 4 2 2 2 1120 171 172 931
9250 4 2 2 2 1008 1091 916 1090
9251 4 2 2 2 132 916 1090 131
9252 4 2 2 2 159 971 1114 962
9253 4 2 2 2 134 909 1153 1089
9254 4 2 2 2 43 44 1110 571
9255 4 2 2 2 572 1135 1110 1075
9256 4 2 2 2 1096 597 596 595
9257 4 2 2 2 37 3 97 998
9258 4 2 2 2 1069 648 1012 543
9259 4 2 2 2 600 65 923 610
9260 4 2 2 2 570 46 45 1135
9261 4 2 2 2 571 45 1110 1135
9262 4 2 2 2 579 1094 597 596
9263 4 2 2 2 1135 570 1018 1076
9264 4 2 2 2 47 46 617 1018
9265 4 2 2 2 125 112 126 1025
9266 4 2 2 2 909 134 881 1089
9267 4 2 2 2 904 1073 1129 887
9268 4 2 2 2 999 1007 161 970
9269 4 2 2 2 997 998 608 999
9270 4 2 2 2 621 1069 620 543
9271 4 2 2 2 984 157 156 1139
9272 4 2 2 2 971 160 159 1114
9273 4 2 2 2 595 1096 597 1095
9274 4 2 2 2 1094 1075 1161 579
9275 4 2 2 2 46 617 1018 570
9276 4 2 2 2 985 963 962 1131
9277 4 2 2 2 995 1056 1121 1079
9278 4 2 2 2 1090 130 131 905
9279 4 2 2 2 625 997 608 999
9280 4 2 2 2 1122 158 159 962
9281 4 2 2 2 11 174 150 1171
9282 4 2 2 2 135 134 909 1153
9283 4 2 2 2 596 579 1094 1096
9284 4 2 2 2 1110 572 1075 579
9285 4 2 2 2 923 66 65 600
9286 4 2 2 2 1095 42 595 1115
9287 4 2 2 2 988 153 152 1041
9288 4 2 2 2 905 1090 130 1101
9289 4 2 2 2 643 595 1115 587
9290 4 2 2 2 596 1094 597 1096
9291 4 2 2 2 954 171 170 1001
9292 4 2 2 2 48 47 606 1019
9293 4 2 2 2 906 905 1101 884
9294 4 2 2 2 136 12 1073 887
9295 4 2 2 2 1086 40 638 636
9296 4 2 2 2 594 1096 596 595
9297 4 2 2 2 134 133 881 1089
9298 4 2 2 2 605 1025 1028 1019
9299 4 2 2 2 1069 621 648 543
9300 4 2 2 2 557 1075 572 579
9301 4 2 2 2 638 41 40 1093
9302 4 2 2 2 1017 638 1086 1093
9303 4 2 2 2 891 126 112 1025
9304 4 2 2 2 42 643 595 1115
9305 4 2 2 2 962 1122 158 1131
9306 4 2 2 2 135 136 1073 904
9307 4 2 2 2 607 1049 608 620
9308 4 2 2 2 1110 571 572 579
9309 4 2 2 2 543 1012 1069 1002
9310 4 2 2 2 45 571 570 1135
9311 4 2 2 2 1049 607 621 620
9312 4 2 2 2 625 608 98 999
9313 4 2 2 2 1070 648 1086 1069
9314 4 2 2 2 1115 595 594 587
9315 4 2 2 2 966 151 11 1171
9316 4 2 2 2 617 539 618 1018
9317 4 2 2 2 1093 1115 1017 587
9318 4 2 2 2 999 161 98 970
9319 4 2 2 2 1076 539 1006 540
9320 4 2 2 2 1153 909 135 904
9321 4 2 2 2 1075 1094 1110 579
9322 4 2 2 2 608 97 98 999
9323 4 2 2 2 126 127 1024 891
9324 4 2 2 2 594 1096 595 1115
9325 4 2 2 2 985 962 158 1131
9326 4 2 2 2 1017 638 1093 587
9327 4 2 2 2 620 1049 608 997
9328 4 2 2 2 1025 125 111 1028
9329 4 2 2 2 571 570 1135 572
9330 4 2 2 2 139 140 928 910
9331 4 2 2 2 1171 966 151 1039
9332 4 2 2 2 1096 1094 597 1095
9333 4 2 2 2 1128 128 129 883
9334 4 2 2 2 1024 127 892 891
9335 4 2 2 2 162 97 998 999
9336 4 2 2 2 989 148 147 946
9337 4 2 2 2 571 1110 597 579
9338 4 2 2 2 97 608 998 999
9339 4 2 2 2 966 11 150 1171
9340 4 2 2 2 636 648 1086 1070
9341 4 2 2 2 570 1135 572 1076
9342 4 2 2 2 163 12 137 887
9343 4 2 2 2 1094 597 1110 579
9344 4 2 2 2 1095 595 1096 1115
9345 4 2 2 2 4 111 125 1028
9346 4 2 2 2 130 905 1101 906
9347 4 2 2 2 1076 572 570 540
9348 4 2 2 2 1093 638 643 587
9349 4 2 2 2 1135 1110 571 572
9350 4 2 2 2 608 620 997 625
9351 4 2 2 2 111 1025 1028 605
9352 4 2 2 2 40 39 636 1070
9353 4 2 2 2 1025 111 112 605
9354 4 2 2 2 1039 966 151 983
9355 4 2 2 2 624 1025 112 605
9356 4 2 2 2 643 41 638 1093
9357 4 2 2 2 643 1115 1093 587
9358 4 2 2 2 605 606 618 1019
9359 4 2 2 2 904 136 1073 887
9360 4 2 2 2 648 1070 621 1069
9361 4 2 2 2 2229 119 915 917
9362 4 2 2 2 2229 915 119 2237
9363 4 2 2 2 2237 119 613 640
9364 4 2 2 2 2237 613 119 2229
9365 4 2 2 2 2247 2284 2254 2230
9366 4 2 2 2 2254 2284 2247 2237
9367 4 2 2 2 2273 576 2275 1107
9368 4 2 2 2 2273 2275 576 635
9369 4 2 2 2 634 2275 576 1107
9370 4 2 2 2 634 576 2275 635
9371 4 2 2 2 2268 2234 1042 2245
9372 4 2 2 2 2268 1042 2234 2238
9373 4 2 2 2 2243 1047 958 1064
9374 4 2 2 2 2243 958 1047 956
9375 4 2 2 2 1140 958 1047 1064
9376 4 2 2 2 1140 1047 958 956
9377 4 2 2 2 2263 628 600 951
9378 4 2 2 2 2263 600 628 548
9379 4 2 2 2 2270 1111 1077 1078
9380 4 2 2 2 2270 1077 1111 2255
9381 4 2 2 2 915 2237 118 640
9382 4 2 2 2 118 2237 915 2267
9383 4 2 2 2 2277 2252 932 2225
9384 4 2 2 2 2277 932 2252 934
9385 4 2 2 2 2255 2281 2240 2233
9386 4 2 2 2 2255 2240 2281 2239
9387 4 2 2 2 2225 2240 2281 2233
9388 4 2 2 2 2225 2281 2240 2239
9389 4 2 2 2 2249 1083 2235 2224
9390 4 2 2 2 2249 2235 1083 1085
9391 4 2 2 2 2263 939 935 951
9392 4 2 2 2 2263 935 939 2231
9393 4 2 2 2 2246 580 2236 573
9394 4 2 2 2 2246 2236 580 2224
9395 4 2 2 2 2258 2271 1083 1057
9396 4 2 2 2 1083 2271 2258 2224
9397 4 2 2 2 2250 1143 1045 2225
9398 4 2 2 2 2250 1045 1143 1142
9399 4 2 2 2 598 2259 2223 602
9400 4 2 2 2 2223 2259 598 2253
9401 4 2 2 2 2223 2284 598 602
9402 4 2 2 2 598 2284 2223 2253
9403 4 2 2 2 568 2236 550 601
9404 4 2 2 2 550 2236 568 2231
9405 4 2 2 2 599 1020 554 1021
9406 4 2 2 2 554 1020 599 555
9407 4 2 2 2 2245 1136 2234 1109
9408 4 2 2 2 2245 2234 1136 2227
9409 4 2 2 2 1116 2234 1136 1109
9410 4 2 2 2 1116 1136 2234 2227
9411 4 2 2 2 1009 901 1031 1013
9412 4 2 2 2 1009 1031 901 2264
9413 4 2 2 2 564 2287 609 569
9414 4 2 2 2 609 2287 564 2230
9415 4 2 2 2 2241 939 935 2231
9416 4 2 2 2 2241 935 939 948
9417 4 2 2 2 978 2266 108 977
9418 4 2 2 2 108 2266 978 2256
9419 4 2 2 2 2257 2255 1061 2229
9420 4 2 2 2 2257 1061 2255 1043
9421 4 2 2 2 1020 627 623 555
9422 4 2 2 2 1020 623 627 1037
9423 4 2 2 2 2258 1060 1059 1058
9424 4 2 2 2 2258 1059 1060 2230
9425 4 2 2 2 107 2266 2226 967
9426 4 2 2 2 2226 2266 107 2246
9427 4 2 2 2 2226 2274 107 967
9428 4 2 2 2 107 2274 2226 2246
9429 4 2 2 2 2243 1047 1054 993
9430 4 2 2 2 2243 1054 1047 1064
9431 4 2 2 2 2256 601 573 2236
9432 4 2 2 2 2256 573 601 633
9433 4 2 2 2 101 1163 979 622
9434 4 2 2 2 979 1163 101 1123
9435 4 2 2 2 1015 627 115 1037
9436 4 2 2 2 115 627 1015 553
9437 4 2 2 2 115 1097 1015 1037
9438 4 2 2 2 1015 1097 115 553
9439 4 2 2 2 598 2284 637 603
9440 4 2 2 2 637 2284 598 2253
9441 4 2 2 2 980 2261 990 982
9442 4 2 2 2 990 2261 980 1169
9443 4 2 2 2 2266 107 108 967
9444 4 2 2 2 2266 108 107 592
9445 4 2 2 2 2267 1147 911 1010
9446 4 2 2 2 2267 911 1147 914
9447 4 2 2 2 2287 1158 2230 1059
9448 4 2 2 2 2287 2230 1158 2238
9449 4 2 2 2 637 2284 120 603
9450 4 2 2 2 120 2284 637 2281
9451 4 2 2 2 2255 2284 2281 2223
9452 4 2 2 2 2281 2284 2255 2229
9453 4 2 2 2 2228 931 2248 1120
9454 4 2 2 2 1001 2248 931 1120
9455 4 2 2 2 1001 931 2248 954
9456 4 2 2 2 575 2274 2251 639
9457 4 2 2 2 2251 2274 575 2246
9458 4 2 2 2 1067 2286 1066 1068
9459 4 2 2 2 1066 2286 1067 2237
9460 4 2 2 2 1106 878 877 1088
9461 4 2 2 2 1106 877 878 879
9462 4 2 2 2 2257 877 1106 879
9463 4 2 2 2 2257 1106 877 1087
9464 4 2 2 2 553 1005 1014 541
9465 4 2 2 2 1014 1005 553 1015
9466 4 2 2 2 1152 944 168 1164
9467 4 2 2 2 1152 168 944 955
9468 4 2 2 2 2267 913 2229 915
9469 4 2 2 2 2267 2229 913 2257
9470 4 2 2 2 1162 578 1165 593
9471 4 2 2 2 1165 578 1162 1166
9472 4 2 2 2 1003 100 99 631
9473 4 2 2 2 99 100 1003 1146
9474 4 2 2 2 2282 646 2275 2268
9475 4 2 2 2 2282 2275 646 585
9476 4 2 2 2 1033 559 1072 1032
9477 4 2 2 2 1033 1072 559 584
9478 4 2 2 2 878 1153 907 909
9479 4 2 2 2 907 1153 878 1130
9480 4 2 2 2 1040 965 983 986
9481 4 2 2 2 1040 983 965 1102
9482 4 2 2 2 878 1153 1089 1088
9483 4 2 2 2 1089 1153 878 909
9484 4 2 2 2 1089 878 877 881
9485 4 2 2 2 1089 877 878 1088
9486 4 2 2 2 960 1134 956 1046
9487 4 2 2 2 956 1134 960 957
9488 4 2 2 2 995 1139 1055 984
9489 4 2 2 2 995 1055 1139 1121
9490 4 2 2 2 1089 877 1104 881
9491 4 2 2 2 1104 877 1089 1087
9492 4 2 2 2 964 963 1131 962
9493 4 2 2 2 1131 963 964 1123
9494 4 2 2 2 1131 1122 964 962
9495 4 2 2 2 964 1122 1131 1123
9496 4 2 2 2 1041 983 152 988
9497 4 2 2 2 1041 152 983 1039
9498 4 2 2 2 1134 988 960 957
9499 4 2 2 2 1134 960 988 1041
9500 4 2 2 2 1019 617 47 606
9501 4 2 2 2 1019 47 617 1018
9502 4 2 2 2 150 1171 1102 966
9503 4 2 2 2 1102 1171 150 174
9504 4 2 2 2 931 2248 947 2228
9505 4 2 2 2 931 947 2248 954
9506 4 2 2 3 2289 2301 2297 2306
9507 4 2 2 3 1328 1331 2310 2326
9508 4 2 2 3 2297 2301 2288 2306
9509 4 2 2 3 2308 2318 1296 2324
9510 4 2 2 3 2297 2288 2305 2306
9511 4 2 2 3 1304 2324 477 2351
9512 4 2 2 3 969 2293 2290 2311
9513 4 2 2 3 27 26 509 1294
9514 4 2 2 3 969 2290 2293 2322
9515 4 2 2 3 2289 2297 2305 2306
9516 4 2 2 3 516 979 1349 2347
9517 4 2 2 3 1331 1328 2310 2347
9518 4 2 2 3 1296 2324 2318 2341
9519 4 2 2 3 2293 2319 2289 2329
9520 4 2 2 3 1211 2314 1299 2317
9521 4 2 2 3 435 2297 1193 2303
9522 4 2 2 3 477 2324 1304 2341
9523 4 2 2 3 2289 2329 2319 2354
9524 4 2 2 3 1285 2315 2299 2333
9525 4 2 2 3 1227 2314 1211 2317
9526 4 2 2 3 501 2294 529 2310
9527 4 2 2 3 1197 2293 1179 2319
9528 4 2 2 3 2297 2301 2289 2353
9529 4 2 2 3 1179 2319 2293 2329
9530 4 2 2 3 1356 1235 511 2343
9531 4 2 2 3 2299 2315 1285 2316
9532 4 2 2 3 477 1304 471 2341
9533 4 2 2 3 1305 2314 2298 2317
9534 4 2 2 3 990 2310 1328 2347
9535 4 2 2 3 1328 2310 990 2326
9536 4 2 2 3 495 2321 2291 2330
9537 4 2 2 3 1197 1209 2293 2319
9538 4 2 2 3 2288 2297 2305 2340
9539 4 2 2 3 435 1193 2297 2350
9540 4 2 2 3 2293 2311 2289 2338
9541 4 2 2 3 1179 2293 1197 2329
9542 4 2 2 3 479 1310 2315 2316
9543 4 2 2 3 1288 2324 1304 2351
9544 4 2 2 3 2301 2306 2292 2323
9545 4 2 2 3 452 2308 2300 2309
9546 4 2 2 3 485 1310 479 2348
9547 4 2 2 3 1310 2316 479 2348
9548 4 2 2 3 969 2293 974 2322
9549 4 2 2 3 2288 2306 2301 2323
9550 4 2 2 3 467 479 1310 2315
9551 4 2 2 3 501 2299 2294 2310
9552 4 2 2 3 1328 1404 1331 2326
9553 4 2 2 3 1227 2298 2314 2317
9554 4 2 2 3 1249 2296 534 2318
9555 4 2 2 3 1291 1296 2308 2318
9556 4 2 2 3 104 529 2294 2310
9557 4 2 2 3 1216 1211 1299 2317
9558 4 2 2 3 1310 1276 467 2315
9559 4 2 2 3 436 435 1193 2303
9560 4 2 2 3 503 2315 2299 2316
9561 4 2 2 3 2296 2308 530 2318
9562 4 2 2 3 2293 2289 2311 2329
9563 4 2 2 3 1350 2320 2312 2357
9564 4 2 2 3 2318 2324 530 2341
9565 4 2 2 3 1299 2314 1305 2317
9566 4 2 2 3 1297 1396 1354 2314
9567 4 2 2 3 1242 2295 2340 2346
9568 4 2 2 3 477 2324 472 2351
9569 4 2 2 3 2294 2299 501 2339
9570 4 2 2 3 2297 1207 2305 2340
9571 4 2 2 3 969 2313 2290 2322
9572 4 2 2 3 1184 1257 2295 2335
9573 4 2 2 3 2290 2289 2311 2338
9574 4 2 2 3 1179 2319 2329 2354
9575 4 2 2 3 990 982 2310 2347
9576 4 2 2 3 1288 1304 2324 2341
9577 4 2 2 3 1386 1261 2322 2325
9578 4 2 2 3 2290 2311 2293 2338
9579 4 2 2 3 467 1277 523 2315
9580 4 2 2 3 467 479 485 1310
9581 4 2 2 3 1319 993 958 2313
9582 4 2 2 3 1193 2303 2297 2354
9583 4 2 2 3 1285 2315 1283 2316
9584 4 2 2 3 110 436 1187 2303
9585 4 2 2 3 2299 2315 503 2333
9586 4 2 2 3 2294 2299 1336 2310
9587 4 2 2 3 1291 2308 2296 2318
9588 4 2 2 3 969 2290 2313 2342
9589 4 2 2 3 1251 1223 2296 2314
9590 4 2 2 3 467 523 479 2315
9591 4 2 2 3 1410 2299 2294 2312
9592 4 2 2 3 504 2341 1282 2343
9593 4 2 2 3 1216 1227 1211 2317
9594 4 2 2 3 1298 2298 1305 2314
9595 4 2 2 3 2289 2319 2293 2338
9596 4 2 2 3 1321 1349 979 2347
9597 4 2 2 3 104 2310 2294 2326
9598 4 2 2 3 1280 1282 1304 2341
9599 4 2 2 3 1257 2304 2295 2344
9600 4 2 2 3 2300 2309 1385 2333
9601 4 2 2 3 472 2324 477 2341
9602 4 2 2 3 495 2291 2321 2331
9603 4 2 2 3 2295 2335 1257 2344
9604 4 2 2 3 1184 1182 1257 2335
9605 4 2 2 3 1299 1391 1216 2317
9606 4 2 2 3 1223 1251 2296 2327
9607 4 2 2 3 1370 516 2347 2348
9608 4 2 2 3 1216 1391 1241 2317
9609 4 2 2 3 1276 467 524 465
9610 4 2 2 3 2300 2308 1383 2309
9611 4 2 2 3 2292 2323 2306 2328
9612 4 2 2 3 529 2294 501 2339
9613 4 2 2 3 974 2322 2293 2325
9614 4 2 2 3 1223 2296 2314 2327
9615 4 2 2 3 1242 2295 1231 2340
9616 4 2 2 3 1195 2293 1176 2325
9617 4 2 2 3 1396 1213 1354 2314
9618 4 2 2 3 511 1343 1356 2343
9619 4 2 2 3 981 110 1187 2303
9620 4 2 2 3 495 469 2321 2330
9621 4 2 2 3 1193 2297 1201 2354
9622 4 2 2 3 2297 2302 1207 2340
9623 4 2 2 3 1306 2317 2298 2344
9624 4 2 2 3 1304 477 473 2351
9625 4 2 2 3 518 2327 2292 2336
9626 4 2 2 3 1277 467 1276 2315
9627 4 2 2 3 1192 1231 2295 2340
9628 4 2 2 3 1384 1285 2299 2333
9629 4 2 2 3 1350 1333 2312 2320
9630 4 2 2 3 1184 2295 1257 2304
9631 4 2 2 3 2288 2302 2297 2340
9632 4 2 2 3 2297 2332 2301 2353
9633 4 2 2 3 1287 2308 1296 2324
9634 4 2 2 3 1370 516 1349 2347
9635 4 2 2 3 1195 976 2293 2325
9636 4 2 2 3 504 1282 511 2343
9637 4 2 2 3 1223 2314 2298 2327
9638 4 2 2 3 2292 2301 462 2330
9639 4 2 2 3 2291 2320 2312 2349
9640 4 2 2 3 1195 1196 976 2325
9641 4 2 2 3 1259 2319 2306 2320
9642 4 2 2 3 969 977 2293 2311
9643 4 2 2 3 448 477 1304 471
9644 4 2 2 3 969 977 974 2293
9645 4 2 2 3 1201 2297 1193 2350
9646 4 2 2 3 462 2301 2292 2307
9647 4 2 2 3 495 2291 2331 2334
9648 4 2 2 3 495 2330 2291 2334
9649 4 2 2 3 993 2313 1401 2326
9650 4 2 2 3 1386 2322 986 2325
9651 4 2 2 3 1195 1176 1196 2325
9652 4 2 2 3 2288 2301 2297 2332
9653 4 2 2 3 1197 1176 1195 2293
9654 4 2 2 3 1314 2315 1285 2333
9655 4 2 2 3 1311 1403 1404 2326
9656 4 2 2 3 1365 1375 2290 2338
9657 4 2 2 3 1259 2305 2306 2319
9658 4 2 2 3 2299 1384 2333 2349
9659 4 2 2 3 516 101 1349 979
9660 4 2 2 3 1410 1336 2294 2299
9661 4 2 2 3 1277 524 523 2315
9662 4 2 2 3 1350 2290 2320 2357
9663 4 2 2 3 1282 2341 1280 2343
9664 4 2 2 3 1299 1298 1305 2314
9665 4 2 2 3 2312 2320 1333 2349
9666 4 2 2 3 452 2309 2300 2333
9667 4 2 2 3 1207 2302 2297 2350
9668 4 2 2 3 1338 2294 1336 2310
9669 4 2 2 3 1319 1401 993 2313
9670 4 2 2 3 2292 2306 2301 2328
9671 4 2 2 3 1306 1305 2317 2344
9672 4 2 2 3 1365 2290 2322 2338
9673 4 2 2 3 1187 436 1193 2303
9674 4 2 2 3 467 524 523 1277
9675 4 2 2 3 1310 485 467 1276
9676 4 2 2 3 437 435 1193 436
9677 4 2 2 3 110 1193 1187 436
9678 4 2 2 3 518 2292 463 2336
9679 4 2 2 3 2295 2317 1229 2335
9680 4 2 2 3 993 992 2313 2326
9681 4 2 2 3 485 1405 1310 2348
9682 4 2 2 3 1400 2291 2320 2328
9683 4 2 2 3 501 529 531 2310
9684 4 2 2 3 1306 1305 2298 2317
9685 4 2 2 3 1322 1321 1349 979
9686 4 2 2 3 1385 2300 1383 2309
9687 4 2 2 3 993 992 958 2313
9688 4 2 2 3 1372 1241 1391 2317
9689 4 2 2 3 1332 2296 1291 2308
9690 4 2 2 3 2313 2326 2294 2357
9691 4 2 2 3 1182 1256 1257 2335
9692 4 2 2 3 1350 2290 1375 2338
9693 4 2 2 3 457 2297 490 2332
9694 4 2 2 3 516 1349 442 1370
9695 4 2 2 3 1350 1374 1375 2290
9696 4 2 2 3 1365 2290 2313 2322
9697 4 2 2 3 1277 1276 1310 2315
9698 4 2 2 3 1192 1242 1231 2340
9699 4 2 2 3 977 2293 2311 2329
9700 4 2 2 3 1315 2293 1209 2319
9701 4 2 2 3 2293 2319 1315 2338
9702 4 2 2 3 969 2311 2290 2342
9703 4 2 2 3 452 454 2300 2308
9704 4 2 2 3 2301 2306 2289 2321
9705 4 2 2 3 1184 2295 1183 2335
9706 4 2 2 3 2297 490 2332 2353
9707 4 2 2 3 1396 1211 1213 2314
9708 4 2 2 3 2289 2290 2311 2321
9709 4 2 2 3 1316 1319 958 2313
9710 4 2 2 3 1350 2312 1389 2357
9711 4 2 2 3 2303 2329 2289 2354
9712 4 2 2 3 1231 2295 1242 2346
9713 4 2 2 3 1343 1279 1356 2343
9714 4 2 2 3 1365 2313 2290 2357
9715 4 2 2 3 2306 2319 2289 2320
9716 4 2 2 3 1194 110 1193 1187
9717 4 2 2 3 2289 2320 2290 2321
9718 4 2 2 3 990 2310 991 2326
9719 4 2 2 3 1283 2315 1310 2316
9720 4 2 2 3 2301 2332 490 2353
9721 4 2 2 3 536 503 2299 2316
9722 4 2 2 3 976 1195 2293 2329
9723 4 2 2 3 2291 2321 2301 2330
9724 4 2 2 3 1197 1179 1209 2319
9725 4 2 2 3 1290 474 524 2351
9726 4 2 2 3 91 2296 1251 2327
9727 4 2 2 3 1249 2296 2318 2345
9728 4 2 2 3 2298 2323 1306 2344
9729 4 2 2 3 958 1316 2313 2322
9730 4 2 2 3 524 1275 1276 465
9731 4 2 2 3 448 504 471 2341
9732 4 2 2 3 2292 2330 463 2336
9733 4 2 2 3 1413 1349 442 516
9734 4 2 2 3 1420 1203 2304 2305
9735 4 2 2 3 976 974 2293 2325
9736 4 2 2 3 2306 2323 2288 2352
9737 4 2 2 3 90 1249 534 2318
9738 4 2 2 3 1387 1261 1386 2325
9739 4 2 2 3 1279 1282 1280 2343
9740 4 2 2 3 1291 2318 2296 2345
9741 4 2 2 3 1374 2290 1350 2357
9742 4 2 2 3 104 529 994 2294
9743 4 2 2 3 1311 993 1403 2326
9744 4 2 2 3 1400 2320 2306 2328
9745 4 2 2 3 495 469 489 2321
9746 4 2 2 3 1375 1374 1365 2290
9747 4 2 2 3 1359 2328 2292 2355
9748 4 2 2 3 486 1193 435 2350
9749 4 2 2 3 530 2296 521 2308
9750 4 2 2 3 1184 1183 1182 2335
9751 4 2 2 3 1350 1333 1389 2312
9752 4 2 2 3 1348 1412 101 1349
9753 4 2 2 3 2301 2321 469 2330
9754 4 2 2 3 1328 990 1404 2326
9755 4 2 2 3 1242 2340 2302 2346
9756 4 2 2 3 516 1370 442 2348
9757 4 2 2 3 1229 2317 2295 2356
9758 4 2 2 3 530 534 2296 2318
9759 4 2 2 3 1359 2323 2292 2328
9760 4 2 2 3 2298 2314 1298 2337
9761 4 2 2 3 1402 2312 2294 2357
9762 4 2 2 3 1400 2291 2328 2349
9763 4 2 2 3 1241 2317 1372 2335
9764 4 2 2 3 2292 2337 1359 2355
9765 4 2 2 3 1177 1176 1197 2293
9766 4 2 2 3 1197 2293 1195 2329
9767 4 2 2 3 1194 1193 110 437
9768 4 2 2 3 1371 2306 2305 2352
9769 4 2 2 3 1259 2305 1371 2306
9770 4 2 2 3 1202 2305 1258 2319
9771 4 2 2 3 1177 1176 2293 2325
9772 4 2 2 3 1251 2296 1249 2314
9773 4 2 2 3 1290 1304 473 2351
9774 4 2 2 3 969 972 2313 2322
9775 4 2 2 3 1385 2300 2333 2349
9776 4 2 2 3 1365 2290 1374 2357
9777 4 2 2 3 2307 2346 2323 2356
9778 4 2 2 3 2312 2320 2290 2357
9779 4 2 2 3 2323 2346 2344 2356
9780 4 2 2 3 2303 2311 2289 2329
9781 4 2 2 3 2289 2290 2320 2338
9782 4 2 2 3 2298 2314 2296 2327
9783 4 2 2 3 2301 2321 2289 2353
9784 4 2 2 3 1402 1410 2294 2312
9785 4 2 2 3 1224 2298 2307 2327
9786 4 2 2 3 1350 2320 2290 2338
9787 4 2 2 3 986 1386 961 2322
9788 4 2 2 3 471 472 477 2341
9789 4 2 2 3 1402 2294 2326 2357
9790 4 2 2 3 1205 1420 1203 2304
9791 4 2 2 3 1277 467 524 1276
9792 4 2 2 3 1198 2302 1207 2350
9793 4 2 2 3 1231 1191 1192 2335
9794 4 2 2 3 2333 2334 2299 2349
9795 4 2 2 3 1416 1217 87 1343
9796 4 2 2 3 2291 2306 2301 2321
9797 4 2 2 3 437 1193 110 436
9798 4 2 2 3 87 86 1217 1416
9799 4 2 2 3 457 2302 2297 2332
9800 4 2 2 3 490 2297 457 2353
9801 4 2 2 3 2306 2320 2289 2321
9802 4 2 2 3 2291 2320 2306 2321
9803 4 2 2 3 1284 1285 1283 2316
9804 4 2 2 3 2294 2310 1338 2326
9805 4 2 2 3 1199 1242 1192 2340
9806 4 2 2 3 102 979 516 2347
9807 4 2 2 3 477 472 473 2351
9808 4 2 2 3 521 2308 2296 2336
9809 4 2 2 3 2295 2304 1185 2340
9810 4 2 2 3 464 462 2301 2330
9811 4 2 2 3 2299 2312 1384 2349
9812 4 2 2 3 524 2315 1277 2351
9813 4 2 2 3 530 2324 533 2341
9814 4 2 2 3 1188 2329 2303 2354
9815 4 2 2 3 1386 1261 1366 2322
9816 4 2 2 3 1177 2293 1262 2325
9817 4 2 2 3 974 2293 977 2329
9818 4 2 2 3 2292 2323 1359 2337
9819 4 2 2 3 501 536 2299 2316
9820 4 2 2 3 454 2300 2308 2336
9821 4 2 2 3 1296 1287 1291 2308
9822 4 2 2 3 982 991 990 2310
9823 4 2 2 3 463 2292 462 2330
9824 4 2 2 3 1193 1201 1181 2354
9825 4 2 2 3 2288 2305 2304 2340
9826 4 2 2 3 981 2303 1186 2329
9827 4 2 2 3 1257 2335 1256 2344
9828 4 2 2 3 2289 2306 2305 2319
9829 4 2 2 3 1187 1186 981 2303
9830 4 2 2 3 526 2331 2311 2342
9831 4 2 2 3 495 2321 489 2331
9832 4 2 2 3 958 961 1316 2322
9833 4 2 2 3 1393 2293 1315 2338
9834 4 2 2 3 104 2294 994 2326
9835 4 2 2 3 1420 1371 1258 2305
9836 4 2 2 3 1177 1209 1262 2293
9837 4 2 2 3 448 1282 504 2341
9838 4 2 2 3 1315 1262 1209 2293
9839 4 2 2 3 1231 2295 1229 2335
9840 4 2 2 3 994 529 105 2294
9841 4 2 2 3 499 2299 503 2333
9842 4 2 2 3 1307 2317 1305 2344
9843 4 2 2 3 1314 1385 2309 2333
9844 4 2 2 3 2304 2305 1204 2340
9845 4 2 2 3 462 2292 518 2327
9846 4 2 2 3 1401 2326 2313 2357
9847 4 2 2 3 1217 1235 87 1356
9848 4 2 2 3 1235 1356 1218 2343
9849 4 2 2 3 994 2294 996 2342
9850 4 2 2 3 2311 2331 2290 2342
9851 4 2 2 3 1382 1383 2300 2308
9852 4 2 2 3 1231 1192 2295 2335
9853 4 2 2 3 981 436 110 2303
9854 4 2 2 3 1236 96 455 2350
9855 4 2 2 3 1236 455 2302 2350
9856 4 2 2 3 2307 2323 2298 2356
9857 4 2 2 3 2312 2299 2334 2349
9858 4 2 2 3 94 2302 456 2332
9859 4 2 2 3 1198 1207 2302 2340
9860 4 2 2 3 1336 2310 2299 2316
9861 4 2 2 3 1315 1393 1262 2293
9862 4 2 2 3 961 1386 1316 2322
9863 4 2 2 3 1192 1191 1183 2335
9864 4 2 2 3 1420 1258 1203 2305
9865 4 2 2 3 1193 1181 2303 2354
9866 4 2 2 3 978 2311 2303 2329
9867 4 2 2 3 524 1275 1290 2351
9868 4 2 2 3 462 2307 2292 2327
9869 4 2 2 3 1248 1354 1213 2314
9870 4 2 2 3 1401 1403 993 2326
9871 4 2 2 3 1385 2333 1384 2349
9872 4 2 2 3 958 2313 972 2322
9873 4 2 2 3 2306 2328 2323 2352
9874 4 2 2 3 2298 2317 1227 2356
9875 4 2 2 3 1322 1349 1348 979
9876 4 2 2 3 1224 1223 2298 2327
9877 4 2 2 3 1409 2349 2328 2355
9878 4 2 2 3 480 485 479 2348
9879 4 2 2 3 1224 2307 2298 2356
9880 4 2 2 3 996 2294 502 2342
9881 4 2 2 3 1291 2296 1353 2345
9882 4 2 2 3 1409 2300 2349 2355
9883 4 2 2 3 1177 1197 1209 2293
9884 4 2 2 3 978 438 2303 2311
9885 4 2 2 3 1259 2306 1335 2320
9886 4 2 2 3 1338 1402 1336 2294
9887 4 2 2 3 87 86 1416 1343
9888 4 2 2 3 462 463 518 2292
9889 4 2 2 3 1192 2295 1185 2340
9890 4 2 2 3 1184 1185 2295 2304
9891 4 2 2 3 1336 1402 1410 2294
9892 4 2 2 3 994 2313 2294 2342
9893 4 2 2 3 2288 2344 2323 2346
9894 4 2 2 3 1242 1199 2302 2340
9895 4 2 2 3 2310 1337 2347 2348
9896 4 2 2 3 2297 2302 457 2350
9897 4 2 2 3 1310 1405 485 1276
9898 4 2 2 3 1192 1183 2295 2335
9899 4 2 2 3 473 1304 450 477
9900 4 2 2 3 1311 1404 990 2326
9901 4 2 2 3 467 485 466 1276
9902 4 2 2 3 2293 2322 1263 2325
9903 4 2 2 3 2301 2307 464 2332
9904 4 2 2 3 1384 1314 1285 2333
9905 4 2 2 3 967 2311 969 2342
9906 4 2 2 3 969 2313 968 2342
9907 4 2 2 3 2328 2349 2300 2355
9908 4 2 2 3 1258 2305 1259 2319
9909 4 2 2 3 2306 2320 2291 2328
9910 4 2 2 3 95 1236 455 2302
9911 4 2 2 3 1227 2298 1223 2314
9912 4 2 2 3 1204 2305 1207 2340
9913 4 2 2 3 1349 1412 101 444
9914 4 2 2 3 2296 2314 1353 2345
9915 4 2 2 3 464 2301 462 2307
9916 4 2 2 3 2297 2305 1207 2354
9917 4 2 2 3 437 1193 435 486
9918 4 2 2 3 1382 2308 2300 2355
9919 4 2 2 3 1396 1299 1390 1211
9920 4 2 2 3 2293 2322 2290 2338
9921 4 2 2 3 2310 2316 1337 2348
9922 4 2 2 3 993 1319 1403 1401
9923 4 2 2 3 474 524 1275 1290
9924 4 2 2 3 1262 2293 1263 2325
9925 4 2 2 3 1196 989 976 2325
9926 4 2 2 3 1282 504 511 448
9927 4 2 2 3 2290 2320 2312 2331
9928 4 2 2 3 1230 1229 2317 2335
9929 4 2 2 3 2303 2311 438 2353
9930 4 2 2 3 1290 1304 1303 473
9931 4 2 2 3 452 2300 453 2333
9932 4 2 2 3 1366 1316 1386 2322
9933 4 2 2 3 101 1349 444 516
9934 4 2 2 3 1290 473 474 2351
9935 4 2 2 3 2317 2335 2295 2344
9936 4 2 2 3 1241 1372 1380 2335
9937 4 2 2 3 1263 2322 2293 2338
9938 4 2 2 3 2288 2323 2307 2346
9939 4 2 2 3 1413 442 1349 1370
9940 4 2 2 3 1385 1383 1314 2309
9941 4 2 2 3 1360 2328 1359 2355
9942 4 2 2 3 1335 2306 1400 2320
9943 4 2 2 3 1357 2296 1332 2337
9944 4 2 2 3 486 1190 1193 2350
9945 4 2 2 3 479 2315 503 2316
9946 4 2 2 3 456 2302 457 2332
9947 4 2 2 3 1202 1258 1260 2319
9948 4 2 2 3 975 986 2322 2325
9949 4 2 2 3 2299 2334 499 2339
9950 4 2 2 3 1290 1288 1304 2351
9951 4 2 2 3 2298 2307 2292 2323
9952 4 2 2 3 1275 1277 524 1276
9953 4 2 2 3 1316 1401 1319 2313
9954 4 2 2 3 495 2334 2331 2339
9955 4 2 2 3 1393 1263 1262 2293
9956 4 2 2 3 94 2302 2332 2346
9957 4 2 2 3 1251 1249 1223 2314
9958 4 2 2 3 2299 2333 499 2334
9959 4 2 2 3 1236 2302 1189 2350
9960 4 2 2 3 2290 2321 2320 2331
9961 4 2 2 3 976 973 974 2325
9962 4 2 2 3 994 996 968 2342
9963 4 2 2 3 535 452 2309 2324
9964 4 2 2 3 991 2310 104 2326
9965 4 2 2 3 442 1370 1413 2348
9966 4 2 2 3 1189 1236 1199 2302
9967 4 2 2 3 1245 1351 1292 2343
9968 4 2 2 3 1235 1218 1234 2343
9969 4 2 2 3 1387 1386 986 2325
9970 4 2 2 3 974 976 2293 2329
9971 4 2 2 3 1198 1208 1207 2340
9972 4 2 2 3 1242 1199 1236 2302
9973 4 2 2 3 2294 2313 994 2326
9974 4 2 2 3 2344 2346 2295 2356
9975 4 2 2 3 1242 2302 1233 2346
9976 4 2 2 3 464 463 462 2330
9977 4 2 2 3 1349 1413 444 516
9978 4 2 2 3 980 1321 979 2347
9979 4 2 2 3 1402 2294 1338 2326
9980 4 2 2 3 441 2321 2301 2353
9981 4 2 2 3 1237 1234 1245 2343
9982 4 2 2 3 987 981 1186 2329
9983 4 2 2 3 501 531 536 2316
9984 4 2 2 3 2298 2344 2317 2356
9985 4 2 2 3 515 1343 511 1282
9986 4 2 2 3 521 530 534 2296
9987 4 2 2 3 1405 442 1413 2348
9988 4 2 2 3 1230 2317 1241 2335
9989 4 2 2 3 2292 2307 2298 2327
9990 4 2 2 3 1211 1248 1213 2314
9991 4 2 2 3 1187 1188 1186 2303
9992 4 2 2 3 2298 2323 2344 2356
9993 4 2 2 3 1336 2299 1285 2316
9994 4 2 2 3 2289 2305 2297 2354
9995 4 2 2 3 94 2332 2307 2346
9996 4 2 2 3 1361 2323 2328 2352
9997 4 2 2 3 1306 1307 1305 2344
9998 4 2 2 3 477 1304 1342 448
9999 4 2 2 3 1417 1420 2304 2352
10000 4 2 2 3 1391 1299 1212 1390
10001 4 2 2 3 1297 1298 1299 2314
10002 4 2 2 3 536 503 499 2299
10003 4 2 2 3 967 107 2311 2342
10004 4 2 2 3 2288 2307 2301 2332
10005 4 2 2 3 958 972 961 2322
10006 4 2 2 3 1402 2326 1401 2357
10007 4 2 2 3 1307 2335 2317 2344
10008 4 2 2 3 2289 2320 2319 2338
10009 4 2 2 3 1234 1351 1245 2343
10010 4 2 2 3 521 2296 91 2327
10011 4 2 2 3 455 95 96 1236
10012 4 2 2 3 524 1277 1275 2351
10013 4 2 2 3 2292 2328 2301 2330
10014 4 2 2 3 2301 2328 2291 2330
10015 4 2 2 3 534 1249 91 2296
10016 4 2 2 3 1342 450 1304 477
10017 4 2 2 3 2288 2297 2302 2332
10018 4 2 2 3 993 1311 990 2326
10019 4 2 2 3 1306 2298 1298 2337
10020 4 2 2 3 1249 2318 1246 2345
10021 4 2 2 3 2301 2306 2291 2328
10022 4 2 2 3 1304 450 1303 473
10023 4 2 2 3 1188 1179 2329 2354
10024 4 2 2 3 969 972 968 2313
10025 4 2 2 3 1348 964 1322 979
10026 4 2 2 3 1247 1227 1223 2314
10027 4 2 2 3 2312 2320 2291 2331
10028 4 2 2 3 2290 2311 2321 2331
10029 4 2 2 3 1343 1217 87 1356
10030 4 2 2 3 442 1405 485 2348
10031 4 2 2 3 522 457 490 2332
10032 4 2 2 3 1233 2302 94 2346
10033 4 2 2 3 1258 1371 1259 2305
10034 4 2 2 3 1232 2295 1231 2346
10035 4 2 2 3 1236 1189 96 2350
10036 4 2 2 3 526 2321 2311 2331
10037 4 2 2 3 1241 1380 1330 2335
10038 4 2 2 3 1241 1372 1391 1380
10039 4 2 2 3 1263 2293 1393 2338
10040 4 2 2 3 2295 2304 2288 2344
10041 4 2 2 3 1405 1413 1370 2348
10042 4 2 2 3 1231 1229 1230 2335
10043 4 2 2 3 1210 1185 2304 2340
10044 4 2 2 3 994 968 2313 2342
10045 4 2 2 3 1334 2319 2320 2338
10046 4 2 2 3 1229 2295 1232 2356
10047 4 2 2 3 1314 2309 2315 2333
10048 4 2 2 3 1307 1256 2335 2344
10049 4 2 2 3 1244 1191 1231 2335
10050 4 2 2 3 529 502 2294 2339
10051 4 2 2 3 528 91 1251 2327
10052 4 2 2 3 469 2301 441 2321
10053 4 2 2 3 524 505 2315 2351
10054 4 2 2 3 439 457 2297 2353
10055 4 2 2 3 1290 1303 474 473
10056 4 2 2 3 1184 1185 1183 2295
10057 4 2 2 3 1201 2297 1207 2354
10058 4 2 2 3 1276 466 467 465
10059 4 2 2 3 1330 1380 1372 2335
10060 4 2 2 3 512 2347 516 2348
10061 4 2 2 3 1329 2347 1337 2348
10062 4 2 2 3 526 2311 107 2342
10063 4 2 2 3 1409 2328 1360 2355
10064 4 2 2 3 1202 1203 1258 2305
10065 4 2 2 3 1199 1192 1185 2340
10066 4 2 2 3 1232 1231 1242 2346
10067 4 2 2 3 2331 2342 2294 2357
10068 4 2 2 3 986 961 975 2322
10069 4 2 2 3 1246 2318 1237 2345
10070 4 2 2 3 91 521 534 2296
10071 4 2 2 3 1334 2319 1259 2320
10072 4 2 2 3 474 473 524 2351
10073 4 2 2 3 2318 2341 470 2343
10074 4 2 2 3 1384 2299 1410 2312
10075 4 2 2 3 2300 2330 2328 2355
10076 4 2 2 3 993 958 956 1319
10077 4 2 2 3 2312 2331 2294 2357
10078 4 2 2 3 2295 2346 1232 2356
10079 4 2 2 3 1418 2312 1333 2349
10080 4 2 2 3 1361 2328 2306 2352
10081 4 2 2 3 94 1233 456 2302
10082 4 2 2 3 1291 1332 1357 2296
10083 4 2 2 3 2296 2314 2298 2337
10084 4 2 2 3 1299 1372 1391 2317
10085 4 2 2 3 105 502 996 2294
10086 4 2 2 3 1354 2314 1248 2345
10087 4 2 2 3 1305 1298 1306 2298
10088 4 2 2 3 524 505 523 2315
10089 4 2 2 3 994 2313 992 2326
10090 4 2 2 3 1284 1336 1285 2316
10091 4 2 2 3 1351 1218 1356 2343
10092 4 2 2 3 2296 2336 2308 2355
10093 4 2 2 3 522 456 457 2332
10094 4 2 2 3 2328 2330 2292 2355
10095 4 2 2 3 1186 2303 1188 2329
10096 4 2 2 3 454 2330 2300 2336
10097 4 2 2 3 1207 2297 1201 2350
10098 4 2 2 3 1287 2309 2308 2324
10099 4 2 2 3 2328 2330 2300 2349
10100 4 2 2 3 440 438 2311 2353
10101 4 2 2 3 456 455 457 2302
10102 4 2 2 3 1412 1349 1413 444
10103 4 2 2 3 32 1362 460 1253
10104 4 2 2 3 521 2296 2327 2336
10105 4 2 2 3 1387 1175 1392 2325
10106 4 2 2 3 2298 2323 2292 2337
10107 4 2 2 3 1198 2302 1199 2340
10108 4 2 2 3 1383 2308 1287 2309
10109 4 2 2 3 994 968 992 2313
10110 4 2 2 3 435 2297 457 2350
10111 4 2 2 3 2296 1357 2314 2337
10112 4 2 2 3 508 517 96 2350
10113 4 2 2 3 533 2308 521 2336
10114 4 2 2 3 1282 511 515 448
10115 4 2 2 3 2295 2288 2304 2340
10116 4 2 2 3 980 1328 1321 2347
10117 4 2 2 3 996 994 105 2294
10118 4 2 2 3 1412 100 101 444
10119 4 2 2 3 1184 1210 1185 2304
10120 4 2 2 3 1391 1299 1216 1212
10121 4 2 2 3 1224 2298 1222 2356
10122 4 2 2 3 1353 2296 1357 2314
10123 4 2 2 3 94 2307 1224 2346
10124 4 2 2 3 1261 1263 2322 2325
10125 4 2 2 3 1231 1232 1229 2295
10126 4 2 2 3 978 977 2311 2329
10127 4 2 2 3 2305 2306 2288 2352
10128 4 2 2 3 1241 1330 1221 2335
10129 4 2 2 3 2295 2344 2288 2346
10130 4 2 2 3 1342 450 477 448
10131 4 2 2 3 1357 1353 1291 2296
10132 4 2 2 3 1378 2316 1310 2348
10133 4 2 2 3 1343 87 515 511
10134 4 2 2 3 2291 2330 2328 2349
10135 4 2 2 3 94 478 2307 2332
10136 4 2 2 3 444 1413 442 516
10137 4 2 2 3 2296 2337 2336 2355
10138 4 2 2 3 455 457 2302 2350
10139 4 2 2 3 1343 1416 1217 1356
10140 4 2 2 3 1365 2313 1316 2322
10141 4 2 2 3 105 529 502 2294
10142 4 2 2 3 1333 1335 1400 2320
10143 4 2 2 3 470 530 533 2341
10144 4 2 2 3 1329 2310 1337 2347
10145 4 2 2 3 470 2318 530 2341
10146 4 2 2 3 1198 1189 2302 2350
10147 4 2 2 3 1303 474 1275 1290
10148 4 2 2 3 1417 1371 1420 2352
10149 4 2 2 3 1314 1384 1385 2333
10150 4 2 2 3 1189 1199 1198 2302
10151 4 2 2 3 1224 2346 2307 2356
10152 4 2 2 3 1284 1283 1310 2316
10153 4 2 2 3 1336 1337 2310 2316
10154 4 2 2 3 441 2301 490 2353
10155 4 2 2 3 1288 1280 1304 2341
10156 4 2 2 3 530 521 533 2308
10157 4 2 2 3 2292 2327 2298 2337
10158 4 2 2 3 2298 2327 2296 2337
10159 4 2 2 3 1298 2314 1357 2337
10160 4 2 2 3 86 87 515 1343
10161 4 2 2 3 1222 1224 1223 2298
10162 4 2 2 3 1251 91 1249 2296
10163 4 2 2 3 1400 2306 1335 2328
10164 4 2 2 3 1401 2313 1373 2357
10165 4 2 2 3 1382 2300 1409 2355
10166 4 2 2 3 1222 2298 1227 2356
10167 4 2 2 3 1328 990 1311 1404
10168 4 2 2 3 1331 1329 1328 2347
10169 4 2 2 3 438 436 2303 2353
10170 4 2 2 3 1409 2300 1385 2349
10171 4 2 2 3 1210 2304 1204 2340
10172 4 2 2 3 454 500 2300 2330
10173 4 2 2 3 1246 1249 90 2318
10174 4 2 2 3 1188 1179 1206 2329
10175 4 2 2 3 1306 2323 2298 2337
10176 4 2 2 3 454 2308 533 2336
10177 4 2 2 3 965 1175 1387 2325
10178 4 2 2 3 1216 1241 1228 2317
10179 4 2 2 3 439 490 457 2353
10180 4 2 2 3 975 973 986 2325
10181 4 2 2 3 1205 1203 1204 2304
10182 4 2 2 3 2294 2331 2312 2339
10183 4 2 2 3 109 436 981 2303
10184 4 2 2 3 1303 450 474 473
10185 4 2 2 3 481 2310 2347 2348
10186 4 2 2 3 1299 1212 1390 1211
10187 4 2 2 3 1249 2314 2296 2345
10188 4 2 2 3 500 2300 2330 2334
10189 4 2 2 3 481 2316 2310 2348
10190 4 2 2 3 1358 2337 1332 2355
10191 4 2 2 3 1292 1281 2318 2343
10192 4 2 2 3 1204 2304 1203 2305
10193 4 2 2 3 1218 1351 1234 2343
10194 4 2 2 3 1183 1185 1192 2295
10195 4 2 2 3 1178 1209 1179 2319
10196 4 2 2 3 454 453 452 2300
10197 4 2 2 3 1187 1193 1188 2303
10198 4 2 2 3 2291 2320 2321 2331
10199 4 2 2 3 1321 1322 1323 963
10200 4 2 2 3 1223 1249 1247 2314
10201 4 2 2 3 435 439 457 2297
10202 4 2 2 3 1361 2323 1359 2328
10203 4 2 2 3 1299 1216 1212 1211
10204 4 2 2 3 978 108 438 2311
10205 4 2 2 3 1369 2306 1371 2352
10206 4 2 2 3 1370 1349 1321 2347
10207 4 2 2 3 1420 1205 201 2304
10208 4 2 2 3 991 104 994 2326
10209 4 2 2 3 1189 508 96 2350
10210 4 2 2 3 1331 2310 1329 2347
10211 4 2 2 3 982 103 2310 2347
10212 4 2 2 3 1259 1371 1335 2306
10213 4 2 2 3 2300 2334 2333 2349
10214 4 2 2 3 104 105 994 529
10215 4 2 2 3 1287 1332 1291 2308
10216 4 2 2 3 1205 1184 201 2304
10217 4 2 2 3 1198 1199 1208 2340
10218 4 2 2 3 1224 2307 93 2327
10219 4 2 2 3 499 501 2299 2339
10220 4 2 2 3 1314 1283 1285 2315
10221 4 2 2 3 2305 2319 1180 2354
10222 4 2 2 3 1221 1330 1241 1380
10223 4 2 2 3 1383 1385 1382 2300
10224 4 2 2 3 1242 1236 1233 2302
10225 4 2 2 3 1277 1290 1275 2351
10226 4 2 2 3 452 533 454 2308
10227 4 2 2 3 458 2309 452 2333
10228 4 2 2 3 1384 2312 1418 2349
10229 4 2 2 3 2331 2339 2294 2342
10230 4 2 2 3 94 456 478 2332
10231 4 2 2 3 502 2294 2339 2342
10232 4 2 2 3 469 464 2301 2330
10233 4 2 2 3 1227 1222 1223 2298
10234 4 2 2 3 2294 2312 2299 2339
10235 4 2 2 3 489 469 441 2321
10236 4 2 2 3 995 1311 993 1403
10237 4 2 2 3 535 533 452 2324
10238 4 2 2 3 481 2310 531 2347
10239 4 2 2 3 485 442 443 1405
10240 4 2 2 3 2290 2342 2331 2357
10241 4 2 2 3 531 2310 103 2347
10242 4 2 2 3 2291 2334 2330 2349
10243 4 2 2 3 2330 2334 2300 2349
10244 4 2 2 3 1417 2304 1419 2344
10245 4 2 2 3 1304 1282 1342 448
10246 4 2 2 3 93 2307 528 2327
10247 4 2 2 3 495 493 2334 2339
10248 4 2 2 3 2289 2311 2303 2353
10249 4 2 2 3 497 26 25 1268
10250 4 2 2 3 1378 1337 2316 2348
10251 4 2 2 3 2304 2305 2288 2352
10252 4 2 2 3 1338 2310 1331 2326
10253 4 2 2 3 104 531 529 2310
10254 4 2 2 3 1174 1221 1330 2335
10255 4 2 2 3 511 1235 88 2343
10256 4 2 2 3 1224 92 1223 2327
10257 4 2 2 3 1223 92 1251 2327
10258 4 2 2 3 1359 2337 1358 2355
10259 4 2 2 3 1180 2305 1202 2319
10260 4 2 2 3 528 521 91 2327
10261 4 2 2 3 495 2331 494 2339
10262 4 2 2 3 458 2315 2309 2333
10263 4 2 2 3 1228 1241 1230 2317
10264 4 2 2 3 1260 1258 1259 2319
10265 4 2 2 3 1284 1310 1378 2316
10266 4 2 2 3 1198 1207 1201 2350
10267 4 2 2 3 1334 1259 1335 2320
10268 4 2 2 3 2295 2288 2340 2346
10269 4 2 2 3 2312 2334 2299 2339
10270 4 2 2 3 969 974 975 2322
10271 4 2 2 3 515 1343 1282 1415
10272 4 2 2 3 448 515 1282 1415
10273 4 2 2 3 986 965 1387 2325
10274 4 2 2 3 478 464 2307 2332
10275 4 2 2 3 1307 1257 1256 2344
10276 4 2 2 3 89 2318 470 2343
10277 4 2 2 3 1306 2323 1320 2344
10278 4 2 2 3 493 499 2334 2339
10279 4 2 2 3 1247 1211 1227 2314
10280 4 2 2 3 1287 1289 2309 2324
10281 4 2 2 3 440 2311 2321 2353
10282 4 2 2 3 1353 2314 1354 2345
10283 4 2 2 3 1369 1361 2306 2352
10284 4 2 2 3 442 443 1405 1413
10285 4 2 2 3 1207 2305 1180 2354
10286 4 2 2 3 1372 2317 1307 2335
10287 4 2 2 3 1228 1227 2317 2356
10288 4 2 2 3 1418 1389 1333 2312
10289 4 2 2 3 978 109 981 2303
10290 4 2 2 3 2290 2331 2312 2357
10291 4 2 2 3 480 479 2316 2348
10292 4 2 2 3 1208 1204 1207 2340
10293 4 2 2 3 1245 1246 1237 2345
10294 4 2 2 3 2300 2336 2330 2355
10295 4 2 2 3 2317 2344 2295 2356
10296 4 2 2 3 1282 1342 448 1415
10297 4 2 2 3 961 957 1316 1386
10298 4 2 2 3 438 439 436 2353
10299 4 2 2 3 485 443 466 1406
10300 4 2 2 3 523 503 479 2315
10301 4 2 2 3 1409 1382 1385 2300
10302 4 2 2 3 1289 2309 2324 2351
10303 4 2 2 3 1289 2315 2309 2351
10304 4 2 2 3 1398 519 100 1412
10305 4 2 2 3 1200 1193 486 1190
10306 4 2 2 3 536 479 503 2316
10307 4 2 2 3 465 1276 466 1278
10308 4 2 2 3 1369 1335 1371 2306
10309 4 2 2 3 1275 1276 465 1278
10310 4 2 2 3 1353 1297 1354 2314
10311 4 2 2 3 524 1275 465 482
10312 4 2 2 3 469 463 464 2330
10313 4 2 2 3 95 455 456 2302
10314 4 2 2 3 2330 2336 2292 2355
10315 4 2 2 3 1257 1420 201 2304
10316 4 2 2 3 1261 1263 1366 2322
10317 4 2 2 3 1193 1181 1188 2303
10318 4 2 2 3 2309 2315 505 2351
10319 4 2 2 3 1242 1233 1232 2346
10320 4 2 2 3 973 976 989 2325
10321 4 2 2 3 1230 1229 1228 2317
10322 4 2 2 3 1389 2312 1402 2357
10323 4 2 2 3 494 2339 2331 2342
10324 4 2 2 3 528 1251 92 2327
10325 4 2 2 3 1281 2341 2318 2343
10326 4 2 2 3 95 1233 1236 2302
10327 4 2 2 3 1257 201 1184 2304
10328 4 2 2 3 500 453 2300 2334
10329 4 2 2 3 1402 1401 1373 2357
10330 4 2 2 3 109 978 438 2303
10331 4 2 2 3 2304 2288 2344 2352
10332 4 2 2 3 146 1186 1195 2329
10333 4 2 2 3 1179 1197 1206 2329
10334 4 2 2 3 2289 2319 2305 2354
10335 4 2 2 3 519 100 1412 444
10336 4 2 2 3 1232 94 1224 2346
10337 4 2 2 3 92 1224 93 2327
10338 4 2 2 3 1418 1384 1410 2312
10339 4 2 2 3 1228 1227 1216 2317
10340 4 2 2 3 453 2333 2300 2334
10341 4 2 2 3 522 490 464 2332
10342 4 2 2 3 1178 2319 1179 2354
10343 4 2 2 3 431 448 1342 1415
10344 4 2 2 3 1366 1365 1316 2322
10345 4 2 2 3 95 456 1233 2302
10346 4 2 2 3 1174 1244 1221 2335
10347 4 2 2 3 528 2307 462 2327
10348 4 2 2 3 980 1323 1321 1328
10349 4 2 2 3 2289 2297 2353 2354
10350 4 2 2 3 1190 1201 1193 2350
10351 4 2 2 3 1336 1284 1337 2316
10352 4 2 2 3 1306 1359 2323 2337
10353 4 2 2 3 2296 2327 2336 2337
10354 4 2 2 3 1401 1402 1338 2326
10355 4 2 2 3 458 503 2315 2333
10356 4 2 2 3 1387 965 1173 1175
10357 4 2 2 3 1412 100 1398 1348
10358 4 2 2 3 535 2324 2309 2351
10359 4 2 2 3 1399 519 1398 1412
10360 4 2 2 3 2308 2336 2300 2355
10361 4 2 2 3 1283 1277 1310 2315
10362 4 2 2 3 1292 2318 1291 2345
10363 4 2 2 3 1382 1287 1383 2308
10364 4 2 2 3 443 485 1405 1406
10365 4 2 2 3 454 533 521 2336
10366 4 2 2 3 505 2309 458 2315
10367 4 2 2 3 1360 1359 1358 2355
10368 4 2 2 3 1224 1232 2346 2356
10369 4 2 2 3 982 103 991 2310
10370 4 2 2 3 980 1321 1323 963
10371 4 2 2 3 1316 958 957 961
10372 4 2 2 3 453 454 500 2300
10373 4 2 2 3 1383 1287 1289 2309
10374 4 2 2 3 1320 1417 1419 2344
10375 4 2 2 3 1248 1211 1247 2314
10376 4 2 2 3 1296 2318 1281 2341
10377 4 2 2 3 2303 2353 2297 2354
10378 4 2 2 3 1331 1337 1329 2310
10379 4 2 2 3 1361 1335 2306 2328
10380 4 2 2 3 1230 1244 1231 2335
10381 4 2 2 3 1369 2323 1361 2352
10382 4 2 2 3 992 972 958 2313
10383 4 2 2 3 1280 2341 1281 2343
10384 4 2 2 3 1344 1250 1245 2345
10385 4 2 2 3 1319 958 956 1316
10386 4 2 2 3 1382 1332 2308 2355
10387 4 2 2 3 1180 2319 1178 2354
10388 4 2 2 3 1402 1389 1410 2312
10389 4 2 2 3 480 442 485 2348
10390 4 2 2 3 489 2321 526 2331
10391 4 2 2 3 969 975 972 2322
10392 4 2 2 3 995 1311 990 993
10393 4 2 2 3 2289 2321 2311 2353
10394 4 2 2 3 1382 1409 1360 2355
10395 4 2 2 3 1344 1248 1250 2345
10396 4 2 2 3 472 2324 535 2351
10397 4 2 2 3 1278 465 1275 482
10398 4 2 2 3 1200 1193 437 486
10399 4 2 2 3 2312 2331 2291 2334
10400 4 2 2 3 1208 1210 1204 2340
10401 4 2 2 3 1378 1329 1337 2348
10402 4 2 2 3 146 987 1186 2329
10403 4 2 2 3 1419 2304 1257 2344
10404 4 2 2 3 1387 1392 1261 2325
10405 4 2 2 3 1344 1245 1292 2345
10406 4 2 2 3 1188 2303 1181 2354
10407 4 2 2 3 1201 1207 1181 2354
10408 4 2 2 3 524 1275 482 474
10409 4 2 2 3 1344 1354 1248 2345
10410 4 2 2 3 529 501 502 2339
10411 4 2 2 3 1195 976 146 2329
10412 4 2 2 3 2304 2344 1417 2352
10413 4 2 2 3 1262 1263 1261 2325
10414 4 2 2 3 1232 1233 94 2346
10415 4 2 2 3 1416 1225 1363 1411
10416 4 2 2 3 1316 1373 1401 2313
10417 4 2 2 3 1197 1195 1206 2329
10418 4 2 2 3 1229 1228 2317 2356
10419 4 2 2 3 92 93 528 2327
10420 4 2 2 3 1292 1245 1308 1351
10421 4 2 2 3 1212 1216 1391 1241
10422 4 2 2 3 515 448 431 1415
10423 4 2 2 3 1182 1257 202 1184
10424 4 2 2 3 1230 1221 1244 2335
10425 4 2 2 3 1335 1369 1361 2306
10426 4 2 2 3 1334 1315 2319 2338
10427 4 2 2 3 440 2311 526 2321
10428 4 2 2 3 1307 1306 1320 2344
10429 4 2 2 3 1378 1337 1284 2316
10430 4 2 2 3 1408 1212 1391 1241
10431 4 2 2 3 463 2330 454 2336
10432 4 2 2 3 1241 1221 1230 2335
10433 4 2 2 3 1410 1285 1336 2299
10434 4 2 2 3 1412 1399 519 444
10435 4 2 2 3 1256 1372 1307 2335
10436 4 2 2 3 500 2330 495 2334
10437 4 2 2 3 1419 1417 1257 2304
10438 4 2 2 3 1331 1338 1337 2310
10439 4 2 2 3 89 1237 2318 2343
10440 4 2 2 3 1234 1308 1245 1351
10441 4 2 2 3 2313 2342 2290 2357
10442 4 2 2 3 481 531 2310 2316
10443 4 2 2 3 1415 434 515 1411
10444 4 2 2 3 1292 1351 1281 2343
10445 4 2 2 3 1380 1221 1330 1172
10446 4 2 2 3 502 2339 494 2342
10447 4 2 2 3 963 1322 964 979
10448 4 2 2 3 974 977 976 2329
10449 4 2 2 3 490 2301 464 2332
10450 4 2 2 3 512 516 442 2348
10451 4 2 2 3 1319 959 993 1403
10452 4 2 2 3 469 490 441 2301
10453 4 2 2 3 965 989 1175 2325
10454 4 2 2 3 1373 2313 1365 2357
10455 4 2 2 3 501 536 499 2299
10456 4 2 2 3 1404 1338 1331 2326
10457 4 2 2 3 1358 1357 1332 2337
10458 4 2 2 3 1365 1373 1316 2313
10459 4 2 2 3 1337 1338 1336 2310
10460 4 2 2 3 1260 1315 1178 2319
10461 4 2 2 3 1321 1328 1329 2347
10462 4 2 2 3 96 517 455 2350
10463 4 2 2 3 462 528 93 2307
10464 4 2 2 3 1306 1298 1357 2337
10465 4 2 2 3 495 489 494 2331
10466 4 2 2 3 1174 1330 1221 1172
10467 4 2 2 3 976 987 146 2329
10468 4 2 2 3 1378 1310 1405 2348
10469 4 2 2 3 2323 2344 2288 2352
10470 4 2 2 3 526 494 2331 2342
10471 4 2 2 3 2294 2342 2313 2357
10472 4 2 2 3 530 90 534 2318
10473 4 2 2 3 1304 450 1342 1303
10474 4 2 2 3 109 438 436 2303
10475 4 2 2 3 505 535 2309 2351
10476 4 2 2 3 481 531 103 2347
10477 4 2 2 3 1248 1245 1250 2345
10478 4 2 2 3 458 452 453 2333
10479 4 2 2 3 1289 1314 2309 2315
10480 4 2 2 3 2331 2334 2312 2339
10481 4 2 2 3 521 2327 528 2336
10482 4 2 2 3 517 486 435 2350
10483 4 2 2 3 1288 1289 2324 2351
10484 4 2 2 3 1275 474 1303 1300
10485 4 2 2 3 1279 1280 1281 2343
10486 4 2 2 3 1392 1387 195 1175
10487 4 2 2 3 2312 2334 2291 2349
10488 4 2 2 3 1174 203 1182 2335
10489 4 2 2 3 2292 2336 2327 2337
10490 4 2 2 3 203 1256 1182 2335
10491 4 2 2 3 478 464 462 2307
10492 4 2 2 3 980 979 102 2347
10493 4 2 2 3 1373 1365 1374 2357
10494 4 2 2 3 1206 1186 1188 2329
10495 4 2 2 3 1380 1221 1172 1379
10496 4 2 2 3 1391 1408 1241 1380
10497 4 2 2 3 495 494 493 2339
10498 4 2 2 3 1312 990 1311 1328
10499 4 2 2 3 1287 1382 1332 2308
10500 4 2 2 3 1291 1281 1296 2318
10501 4 2 2 3 1205 1204 1210 2304
10502 4 2 2 3 470 2341 504 2343
10503 4 2 2 3 2289 2353 2303 2354
10504 4 2 2 3 1299 1305 1372 2317
10505 4 2 2 3 86 1225 1416 1411
10506 4 2 2 3 100 964 1398 1348
10507 4 2 2 3 1384 1285 1410 2299
10508 4 2 2 3 2336 2337 2292 2355
10509 4 2 2 3 1334 2320 1350 2338
10510 4 2 2 3 474 1275 482 1300
10511 4 2 2 3 1189 1190 508 2350
10512 4 2 2 3 1256 1257 202 1182
10513 4 2 2 3 440 438 108 2311
10514 4 2 2 3 1180 1207 1204 2305
10515 4 2 2 3 1288 2324 1296 2341
10516 4 2 2 3 1392 1177 1262 2325
10517 4 2 2 3 1210 1184 1205 2304
10518 4 2 2 3 478 93 94 2307
10519 4 2 2 3 968 972 992 2313
10520 4 2 2 3 1175 1177 1392 2325
10521 4 2 2 3 515 1343 1415 1411
10522 4 2 2 3 1369 1320 2323 2352
10523 4 2 2 3 1356 1279 1351 2343
10524 4 2 2 3 1406 1405 443 1413
10525 4 2 2 3 1218 1240 1234 1351
10526 4 2 2 3 973 989 965 2325
10527 4 2 2 3 991 103 104 2310
10528 4 2 2 3 981 109 110 436
10529 4 2 2 3 1295 27 1347 525
10530 4 2 2 3 93 1224 94 2307
10531 4 2 2 3 474 1303 1300 475
10532 4 2 2 3 517 508 1190 2350
10533 4 2 2 3 1387 1173 195 1175
10534 4 2 2 3 1347 27 28 525
10535 4 2 2 3 961 986 957 1386
10536 4 2 2 3 1417 2344 1320 2352
10537 4 2 2 3 1354 1344 1248 1250
10538 4 2 2 3 499 2333 453 2334
10539 4 2 2 3 1276 1406 466 1278
10540 4 2 2 3 1180 1178 1179 2354
10541 4 2 2 3 499 493 501 2339
10542 4 2 2 3 1191 1244 1174 2335
10543 4 2 2 3 147 1196 976 1195
10544 4 2 2 3 1178 1202 1260 2319
10545 4 2 2 3 456 522 478 2332
10546 4 2 2 3 1289 1277 2315 2351
10547 4 2 2 3 1175 989 1196 2325
10548 4 2 2 3 442 443 1413 444
10549 4 2 2 3 977 978 987 2329
10550 4 2 2 3 458 505 535 2309
10551 4 2 2 3 434 1415 1414 1411
10552 4 2 2 3 102 516 512 2347
10553 4 2 2 3 464 490 469 2301
10554 4 2 2 3 1263 1393 1375 2338
10555 4 2 2 3 1213 1354 1248 1215
10556 4 2 2 3 86 1225 1217 1416
10557 4 2 2 3 1278 466 465 445
10558 4 2 2 3 986 973 965 2325
10559 4 2 2 3 2302 2340 2288 2346
10560 4 2 2 3 1199 1242 179 1192
10561 4 2 2 3 1401 1404 1403 2326
10562 4 2 2 3 103 531 104 2310
10563 4 2 2 3 1218 1235 1217 1356
10564 4 2 2 3 1413 429 430 444
10565 4 2 2 3 2302 2288 2332 2346
10566 4 2 2 3 430 1399 429 1413
10567 4 2 2 3 1411 434 515 520
10568 4 2 2 3 1172 1330 1380 1379
10569 4 2 2 3 1245 1344 1292 1308
10570 4 2 2 3 519 100 99 1398
10571 4 2 2 3 996 502 106 2342
10572 4 2 2 3 454 463 500 2330
10573 4 2 2 3 478 522 464 2332
10574 4 2 2 3 1249 1248 1247 2314
10575 4 2 2 3 445 1278 466 1272
10576 4 2 2 3 1248 2314 1249 2345
10577 4 2 2 3 993 956 959 1319
10578 4 2 2 3 1369 1320 1361 2323
10579 4 2 2 3 144 110 1194 1187
10580 4 2 2 3 1278 1273 445 482
10581 4 2 2 3 1218 1352 1240 1351
10582 4 2 2 3 1323 980 984 1328
10583 4 2 2 3 1342 450 448 449
10584 4 2 2 3 89 470 504 2343
10585 4 2 2 3 518 528 2327 2336
10586 4 2 2 3 1334 1393 1315 2338
10587 4 2 2 3 1320 2344 2323 2352
10588 4 2 2 3 1292 1291 1353 2345
10589 4 2 2 3 1351 1218 1352 1356
10590 4 2 2 3 975 961 972 2322
10591 4 2 2 3 978 977 108 2311
10592 4 2 2 3 430 1399 1413 444
10593 4 2 2 3 458 535 452 2309
10594 4 2 2 3 1307 1419 1257 2344
10595 4 2 2 3 1260 1315 198 1178
10596 4 2 2 3 1178 1315 1209 2319
10597 4 2 2 3 990 984 980 1328
10598 4 2 2 3 429 1274 1399 430
10599 4 2 2 3 1195 1186 1206 2329
10600 4 2 2 3 102 101 516 979
10601 4 2 2 3 1303 474 450 475
10602 4 2 2 3 481 480 2316 2348
10603 4 2 2 3 517 1190 486 2350
10604 4 2 2 3 196 1392 1175 1177
10605 4 2 2 3 1187 144 110 981
10606 4 2 2 3 1333 1400 1418 2349
10607 4 2 2 3 465 1278 445 482
10608 4 2 2 3 1228 1222 1227 2356
10609 4 2 2 3 2307 2332 2288 2346
10610 4 2 2 3 1363 1225 85 1411
10611 4 2 2 3 1335 1333 1334 2320
10612 4 2 2 3 1278 1406 466 1272
10613 4 2 2 3 1390 1212 1391 1408
10614 4 2 2 3 481 536 531 2316
10615 4 2 2 3 1278 1273 482 1300
10616 4 2 2 3 530 470 89 2318
10617 4 2 2 3 1213 1390 1396 1301
10618 4 2 2 3 1361 1400 1335 2328
10619 4 2 2 3 1374 1350 1389 2357
10620 4 2 2 3 1400 2328 1409 2349
10621 4 2 2 3 1287 1288 1289 2324
10622 4 2 2 3 1360 1361 1359 2328
10623 4 2 2 3 1350 1334 1333 2320
10624 4 2 2 3 500 469 495 2330
10625 4 2 2 3 449 448 1342 431
10626 4 2 2 3 993 959 995 1403
10627 4 2 2 3 1213 1396 1354 1215
10628 4 2 2 3 528 462 518 2327
10629 4 2 2 3 86 85 1225 1411
10630 4 2 2 3 97 36 492 1325
10631 4 2 2 3 1301 1213 1390 1214
10632 4 2 2 3 435 457 455 2350
10633 4 2 2 3 1237 1246 89 2318
10634 4 2 2 3 1180 1204 1203 2305
10635 4 2 2 3 1181 1207 1180 2354
10636 4 2 2 3 1292 1281 1291 2318
10637 4 2 2 3 478 462 93 2307
10638 4 2 2 3 1353 1357 1298 2314
10639 4 2 2 3 1202 1180 1203 2305
10640 4 2 2 3 1420 1257 1417 2304
10641 4 2 2 3 1329 1370 2347 2348
10642 4 2 2 3 440 2321 441 2353
10643 4 2 2 3 1176 1177 1175 2325
10644 4 2 2 3 1314 1383 1289 2309
10645 4 2 2 3 1376 1218 1217 1356
10646 4 2 2 3 88 87 1235 511
10647 4 2 2 3 986 1377 1386 1387
10648 4 2 2 3 473 472 535 2351
10649 4 2 2 3 440 108 526 2311
10650 4 2 2 3 1174 1330 203 2335
10651 4 2 2 3 438 440 439 2353
10652 4 2 2 3 1236 180 1189 1199
10653 4 2 2 3 203 1330 1256 2335
10654 4 2 2 3 1215 1354 1248 1250
10655 4 2 2 3 1389 1418 1410 2312
10656 4 2 2 3 1334 1315 1259 2319
10657 4 2 2 3 1361 1320 1359 2323
10658 4 2 2 3 1388 519 99 1398
10659 4 2 2 3 986 1377 988 1386
10660 4 2 2 3 180 1236 1242 1199
10661 4 2 2 3 964 1322 963 1324
10662 4 2 2 3 482 1275 1278 1300
10663 4 2 2 3 489 526 494 2331
10664 4 2 2 3 1288 1287 1296 2324
10665 4 2 2 3 1395 1354 1396 1215
10666 4 2 2 3 1178 1180 1202 2319
10667 4 2 2 3 518 521 528 2336
10668 4 2 2 3 1305 1307 1372 2317
10669 4 2 2 3 1385 1384 1418 2349
10670 4 2 2 3 1217 1219 1218 1376
10671 4 2 2 3 1224 1222 1232 2356
10672 4 2 2 3 515 86 1411 520
10673 4 2 2 3 969 968 967 2342
10674 4 2 2 3 1408 1243 1212 1241
10675 4 2 2 3 479 481 480 2316
10676 4 2 2 3 1414 434 1411 520
10677 4 2 2 3 441 490 439 2353
10678 4 2 2 3 1316 958 956 957
10679 4 2 2 3 1411 85 1363 1364
10680 4 2 2 3 147 1196 989 976
10681 4 2 2 3 91 92 528 1251
10682 4 2 2 3 443 429 1274 1413
10683 4 2 2 3 990 1312 984 1328
10684 4 2 2 3 1363 85 1225 1364
10685 4 2 2 3 1376 1217 1225 1416
10686 4 2 2 3 1274 1406 443 1413
10687 4 2 2 3 503 505 458 2315
10688 4 2 2 3 494 106 502 2342
10689 4 2 2 3 1413 1399 1412 444
10690 4 2 2 3 90 91 534 1249
10691 4 2 2 3 1192 1242 179 1231
10692 4 2 2 3 106 526 107 2342
10693 4 2 2 3 526 106 494 2342
10694 4 2 2 3 1414 1415 434 1265
10695 4 2 2 3 1240 1308 1245 1234
10696 4 2 2 3 957 986 988 1386
10697 4 2 2 3 967 977 969 2311
10698 4 2 2 3 1413 443 429 444
10699 4 2 2 3 1392 1262 1261 2325
10700 4 2 2 3 482 474 1300 475
10701 4 2 2 3 517 498 486 1190
10702 4 2 2 3 1179 1188 1181 2354
10703 4 2 2 3 434 515 431 1415
10704 4 2 2 3 493 499 453 2334
10705 4 2 2 3 1369 1417 1320 2352
10706 4 2 2 3 993 994 992 2326
10707 4 2 2 3 1288 1290 1289 2351
10708 4 2 2 3 1416 1376 1217 1356
10709 4 2 2 3 1270 1303 450 475
10710 4 2 2 3 89 1246 90 2318
10711 4 2 2 3 1280 1288 1296 2341
10712 4 2 2 3 1183 1191 1174 2335
10713 4 2 2 3 530 89 90 2318
10714 4 2 2 3 107 526 108 2311
10715 4 2 2 3 1208 1199 1185 2340
10716 4 2 2 3 458 499 503 2333
10717 4 2 2 3 977 967 108 2311
10718 4 2 2 3 1270 1300 1303 475
10719 4 2 2 3 1240 1308 1234 1351
10720 4 2 2 3 987 976 977 2329
10721 4 2 2 3 1273 488 482 1300
10722 4 2 2 3 990 1312 1311 995
10723 4 2 2 3 1363 1376 1225 1416
10724 4 2 2 3 1231 178 1192 1191
10725 4 2 2 3 199 1260 1202 1258
10726 4 2 2 3 505 524 473 2351
10727 4 2 2 3 1359 1320 1306 2323
10728 4 2 2 3 1177 1209 197 1262
10729 4 2 2 3 1263 1365 1366 2322
10730 4 2 2 3 1397 995 959 1403
10731 4 2 2 3 1370 1321 1329 2347
10732 4 2 2 3 489 440 526 2321
10733 4 2 2 3 1382 1358 1332 2355
10734 4 2 2 3 517 508 498 1190
10735 4 2 2 3 1327 983 965 1387
10736 4 2 2 3 1187 1186 145 981
10737 4 2 2 3 1250 1344 1245 1308
10738 4 2 2 3 1354 1344 1250 1309
10739 4 2 2 3 471 470 472 2341
10740 4 2 2 3 447 445 466 1272
10741 4 2 2 3 1262 1209 197 1315
10742 4 2 2 3 440 441 439 2353
10743 4 2 2 3 965 1173 1327 1387
10744 4 2 2 3 86 85 1411 520
10745 4 2 2 3 1399 519 1388 1398
10746 4 2 2 3 488 445 1273 482
10747 4 2 2 3 982 980 102 2347
10748 4 2 2 3 1377 986 983 1387
10749 4 2 2 3 31 30 483 1345
10750 4 2 2 3 1334 1350 1375 2338
10751 4 2 2 3 990 991 993 2326
10752 4 2 2 3 431 434 1415 1265
10753 4 2 2 3 1174 1244 177 1221
10754 4 2 2 3 1315 1209 198 1178
10755 4 2 2 3 1303 450 1342 1270
10756 4 2 2 3 1289 1277 1314 2315
10757 4 2 2 3 1196 1176 1175 2325
10758 4 2 2 3 1306 1358 1359 2337
10759 4 2 2 3 430 519 1399 444
10760 4 2 2 3 1401 1338 1404 2326
10761 4 2 2 3 196 1392 1177 1262
10762 4 2 2 3 1344 1353 1354 2345
10763 4 2 2 3 965 148 1175 989
10764 4 2 2 3 956 1317 1319 1316
10765 4 2 2 3 1298 1297 1353 2314
10766 4 2 2 3 1344 1250 1309 1308
10767 4 2 2 3 472 533 535 2324
10768 4 2 2 3 1229 1222 1228 2356
10769 4 2 2 3 986 965 983 1387
10770 4 2 2 3 96 181 508 1189
10771 4 2 2 3 1408 1241 1380 1238
10772 4 2 2 3 1235 1234 88 2343
10773 4 2 2 3 1358 1306 1357 2337
10774 4 2 2 3 1200 1193 1194 437
10775 4 2 2 3 447 466 1406 1272
10776 4 2 2 3 967 107 108 2311
10777 4 2 2 3 1360 1409 1400 2328
10778 4 2 2 3 106 107 967 2342
10779 4 2 2 3 1260 1259 1315 2319
10780 4 2 2 3 1280 1296 1281 2341
10781 4 2 2 3 178 1231 1244 1191
10782 4 2 2 3 1283 1314 1277 2315
10783 4 2 2 3 964 971 100 1398
10784 4 2 2 3 523 505 503 2315
10785 4 2 2 3 481 2347 512 2348
10786 4 2 2 3 201 202 1257 1184
10787 4 2 2 3 488 1273 1269 1300
10788 4 2 2 3 1256 1330 1372 2335
10789 4 2 2 3 1316 956 1317 957
10790 4 2 2 3 1183 1174 1182 2335
10791 4 2 2 3 957 1318 1316 1386
10792 4 2 2 3 504 511 88 2343
10793 4 2 2 3 1270 450 1342 449
10794 4 2 2 3 518 463 454 2336
10795 4 2 2 3 1399 1274 429 1413
10796 4 2 2 3 1273 445 446 1272
10797 4 2 2 3 1382 1360 1358 2355
10798 4 2 2 3 971 99 100 1398
10799 4 2 2 3 1329 1378 1370 2348
10800 4 2 2 3 1319 1397 959 1403
10801 4 2 2 3 963 962 964 1324
10802 4 2 2 3 443 466 1406 447
10803 4 2 2 3 1411 1368 85 1364
10804 4 2 2 3 1308 1240 1352 1351
10805 4 2 2 3 1346 29 30 532
10806 4 2 2 3 1398 964 1355 1348
10807 4 2 2 3 434 1414 1265 432
10808 4 2 2 3 1399 1274 1339 430
10809 4 2 2 3 428 1339 1274 430
10810 4 2 2 3 481 103 512 2347
10811 4 2 2 3 1265 431 434 432
10812 4 2 2 3 514 85 1368 1364
10813 4 2 2 3 1376 1352 1218 1356
10814 4 2 2 3 987 145 1186 981
10815 4 2 2 3 967 968 106 2342
10816 4 2 2 3 1274 429 428 430
10817 4 2 2 3 94 95 456 1233
10818 4 2 2 3 983 1327 1377 1387
10819 4 2 2 3 964 1355 971 1398
10820 4 2 2 3 1400 1409 1418 2349
10821 4 2 2 3 88 89 504 2343
10822 4 2 2 3 1348 962 1355 1324
10823 4 2 2 3 1381 1388 99 1398
10824 4 2 2 3 85 1368 1411 520
10825 4 2 2 3 1210 1208 1185 2340
10826 4 2 2 3 479 536 481 2316
10827 4 2 2 3 500 493 453 2334
10828 4 2 2 3 1250 1215 1354 1309
10829 4 2 2 3 964 962 1355 1348
10830 4 2 2 3 1289 1290 1277 2351
10831 4 2 2 3 1390 1302 1301 1214
10832 4 2 2 3 1196 1175 148 989
10833 4 2 2 3 1221 1380 1238 1379
10834 4 2 2 3 1213 1212 1390 1214
10835 4 2 2 3 521 518 454 2336
10836 4 2 2 3 1270 450 449 451
10837 4 2 2 3 440 489 441 2321
10838 4 2 2 3 1279 1281 1351 2343
10839 4 2 2 3 1198 1190 1189 2350
10840 4 2 2 3 1311 995 1397 1403
10841 4 2 2 3 176 1174 1221 1172
10842 4 2 2 3 1272 447 446 1274
10843 4 2 2 3 1380 1241 1221 1238
10844 4 2 2 3 181 96 1236 1189
10845 4 2 2 3 520 85 1368 514
10846 4 2 2 3 527 1346 29 1347
10847 4 2 2 3 983 986 1377 988
10848 4 2 2 3 1295 1294 509 1293
10849 4 2 2 3 1405 1370 1378 2348
10850 4 2 2 3 1241 1408 1243 1238
10851 4 2 2 3 445 468 1273 446
10852 4 2 2 3 1226 1225 85 1364
10853 4 2 2 3 990 984 1312 995
10854 4 2 2 3 1407 1408 1380 1238
10855 4 2 2 3 1248 1246 1245 2345
10856 4 2 2 3 156 995 155 1313
10857 4 2 2 3 988 1318 957 1386
10858 4 2 2 3 1237 88 1234 2343
10859 4 2 2 3 1342 1264 431 1415
10860 4 2 2 3 514 1367 1226 1364
10861 4 2 2 3 1180 1179 1181 2354
10862 4 2 2 3 1215 1395 1354 1309
10863 4 2 2 3 1174 177 176 1221
10864 4 2 2 3 1361 1360 1400 2328
10865 4 2 2 3 500 495 493 2334
10866 4 2 2 3 199 1260 1178 1202
10867 4 2 2 3 450 1270 475 451
10868 4 2 2 3 1252 1272 446 1274
10869 4 2 2 3 435 455 517 2350
10870 4 2 2 3 6 508 1189 1190
10871 4 2 2 3 149 1173 965 1175
10872 4 2 2 3 1313 984 1312 156
10873 4 2 2 3 1313 984 156 995
10874 4 2 2 3 1225 1219 1217 1376
10875 4 2 2 3 1369 1371 1417 2352
10876 4 2 2 3 1272 446 1273 1252
10877 4 2 2 3 1312 1323 984 1328
10878 4 2 2 3 96 181 6 508
10879 4 2 2 3 1409 1385 1418 2349
10880 4 2 2 3 965 148 149 1175
10881 4 2 2 3 1367 514 1368 1364
10882 4 2 2 3 179 180 1242 1199
10883 4 2 2 3 1190 1198 1201 2350
10884 4 2 2 3 1191 1244 177 1174
10885 4 2 2 3 88 1237 89 2343
10886 4 2 2 3 512 103 102 2347
10887 4 2 2 3 968 996 106 2342
10888 4 2 2 3 471 504 470 2341
10889 4 2 2 3 1367 84 514 1226
10890 4 2 2 3 491 35 1286 1326
10891 4 2 2 3 505 473 535 2351
10892 4 2 2 3 1219 1352 1218 1376
10893 4 2 2 3 103 982 102 2347
10894 4 2 2 3 978 108 109 438
10895 4 2 2 3 1318 1316 1317 957
10896 4 2 2 3 447 446 445 1272
10897 4 2 2 3 995 1312 1311 1313
10898 4 2 2 3 508 6 63 1190
10899 4 2 2 3 1339 519 506 513
10900 4 2 2 3 1323 980 963 984
10901 4 2 2 3 1260 198 199 1178
10902 4 2 2 3 1203 199 1202 1258
10903 4 2 2 3 433 431 1265 432
10904 4 2 2 3 512 442 480 2348
10905 4 2 2 3 498 508 63 1190
10906 4 2 2 3 458 453 499 2333
10907 4 2 2 3 513 1340 506 1388
10908 4 2 2 3 1326 491 36 492
10909 4 2 2 3 1339 519 513 1388
10910 4 2 2 3 1376 1225 190 1363
10911 4 2 2 3 85 514 1226 1364
10912 4 2 2 3 1318 988 1377 1386
10913 4 2 2 3 1390 1302 1243 1408
10914 4 2 2 3 1313 984 995 1312
10915 4 2 2 3 994 993 991 2326
10916 4 2 2 3 1330 1174 204 1172
10917 4 2 2 3 508 181 6 1189
10918 4 2 2 3 449 1342 1270 1264
10919 4 2 2 3 976 146 147 1195
10920 4 2 2 3 31 483 487 1345
10921 4 2 2 3 1271 451 1264 433
10922 4 2 2 3 427 446 447 1274
10923 4 2 2 3 1246 1248 1249 2345
10924 4 2 2 3 962 1355 971 964
10925 4 2 2 3 1415 1264 431 1265
10926 4 2 2 3 971 1381 99 1398
10927 4 2 2 3 445 1273 1278 1272
10928 4 2 2 3 1302 1390 1212 1214
10929 4 2 2 3 1236 180 181 1189
10930 4 2 2 3 1368 510 1414 520
10931 4 2 2 3 1264 449 1342 431
10932 4 2 2 3 513 506 1339 1388
10933 4 2 2 3 1307 1320 1419 2344
10934 4 2 2 3 996 105 106 502
10935 4 2 2 3 432 1414 510 520
10936 4 2 2 3 451 449 1270 1264
10937 4 2 2 3 1222 1229 1232 2356
10938 4 2 2 3 1368 514 1367 1268
10939 4 2 2 3 502 501 493 2339
10940 4 2 2 3 1214 1301 1213 1215
10941 4 2 2 3 204 1330 1172 1379
10942 4 2 2 3 1219 1225 190 1376
10943 4 2 2 3 475 1269 484 1271
10944 4 2 2 3 1344 1292 1353 2345
10945 4 2 2 3 1334 1375 1393 2338
10946 4 2 2 3 433 431 1264 1265
10947 4 2 2 3 483 1394 1346 484
10948 4 2 2 3 960 1317 956 957
10949 4 2 2 3 1212 1390 1243 1408
10950 4 2 2 3 469 500 463 2330
10951 4 2 2 3 983 966 1327 965
10952 4 2 2 3 484 1394 1346 1271
10953 4 2 2 3 162 98 1341 97
10954 4 2 2 3 1324 158 157 985
10955 4 2 2 3 446 468 1273 1252
10956 4 2 2 3 34 461 507 1255
10957 4 2 2 3 966 1173 1327 965
10958 4 2 2 3 1374 1389 1402 2357
10959 4 2 2 3 433 1264 1271 1266
10960 4 2 2 3 1273 468 488 487
10961 4 2 2 3 481 512 480 2348
10962 4 2 2 3 513 519 99 1388
10963 4 2 2 3 451 1271 476 433
10964 4 2 2 3 1362 460 1253 459
10965 4 2 2 3 1308 1245 1250 1240
10966 4 2 2 3 459 1253 1362 1252
10967 4 2 2 3 1373 1374 1402 2357
10968 4 2 2 3 532 30 1346 1345
10969 4 2 2 3 427 1252 446 1274
10970 4 2 2 3 1322 1323 963 1324
10971 4 2 2 3 195 1327 1173 1387
10972 4 2 2 3 484 1346 476 1271
10973 4 2 2 3 1205 201 200 1420
10974 4 2 2 3 1203 200 199 1258
10975 4 2 2 3 510 1293 1414 432
10976 4 2 2 3 1172 1221 1220 1379
10977 4 2 2 3 459 1362 468 1252
10978 4 2 2 3 1406 447 1272 1274
10979 4 2 2 3 1309 1250 187 1308
10980 4 2 2 3 1286 1255 34 507
10981 4 2 2 3 1220 175 1221 1172
10982 4 2 2 3 1274 429 427 428
10983 4 2 2 3 1273 468 1362 1252
10984 4 2 2 3 1209 198 197 1315
10985 4 2 2 3 161 162 98 1341
10986 4 2 2 3 1250 1240 187 1308
10987 4 2 2 3 487 488 1273 1394
10988 4 2 2 3 36 1326 492 1325
10989 4 2 2 3 161 1388 970 1381
10990 4 2 2 3 502 493 494 2339
10991 4 2 2 3 1346 527 1266 1347
10992 4 2 2 3 1220 182 10 1379
10993 4 2 2 3 1388 1341 161 970
10994 4 2 2 3 195 196 1392 1175
10995 4 2 2 3 1194 64 1200 437
10996 4 2 2 3 1269 1300 1270 475
10997 4 2 2 3 483 1346 476 484
10998 4 2 2 3 1339 1274 1254 428
10999 4 2 2 3 1293 510 1414 1368
11000 4 2 2 3 1411 1368 1414 520
11001 4 2 2 3 1212 1390 1302 1243
11002 4 2 2 3 461 1255 427 507
11003 4 2 2 3 1269 484 488 475
11004 4 2 2 3 519 1339 1399 1388
11005 4 2 2 3 1270 1271 451 1264
11006 4 2 2 3 514 1368 510 1268
11007 4 2 2 3 1273 468 445 488
11008 4 2 2 3 150 1173 966 965
11009 4 2 2 3 956 1317 959 1319
11010 4 2 2 3 434 1414 432 520
11011 4 2 2 3 1324 157 1323 985
11012 4 2 2 3 520 1368 510 514
11013 4 2 2 3 1187 145 144 981
11014 4 2 2 3 427 447 429 1274
11015 4 2 2 3 433 1271 476 1266
11016 4 2 2 3 1220 1221 1238 1379
11017 4 2 2 3 475 1270 1269 1271
11018 4 2 2 3 513 99 98 970
11019 4 2 2 3 1225 191 190 1363
11020 4 2 2 3 144 110 7 1194
11021 4 2 2 3 99 970 1381 971
11022 4 2 2 3 99 513 1388 970
11023 4 2 2 3 155 959 154 1397
11024 4 2 2 3 1256 202 203 1182
11025 4 2 2 3 84 85 514 1226
11026 4 2 2 3 1192 179 178 1231
11027 4 2 2 3 1340 1339 506 1388
11028 4 2 2 3 34 35 1286 507
11029 4 2 2 3 427 1254 1274 428
11030 4 2 2 3 1367 84 192 1267
11031 4 2 2 3 970 1388 99 1381
11032 4 2 2 3 460 1362 468 459
11033 4 2 2 3 1362 487 1273 1394
11034 4 2 2 3 159 971 1355 1398
11035 4 2 2 3 64 1200 437 486
11036 4 2 2 3 25 497 1268 496
11037 4 2 2 3 1317 960 1318 957
11038 4 2 2 3 1317 154 959 1397
11039 4 2 2 3 1240 1239 1352 1218
11040 4 2 2 3 519 1399 1339 430
11041 4 2 2 3 1327 194 195 1173
11042 4 2 2 3 31 487 1362 1345
11043 4 2 2 3 1254 427 1255 507
11044 4 2 2 3 10 205 1220 1379
11045 4 2 2 3 1273 468 487 1362
11046 4 2 2 3 1240 188 1308 1352
11047 4 2 2 3 1295 537 1266 1265
11048 4 2 2 3 514 1367 1268 496
11049 4 2 2 3 484 476 475 1271
11050 4 2 2 3 1397 959 1317 1319
11051 4 2 2 3 496 1268 25 1267
11052 4 2 2 3 971 159 1381 1398
11053 4 2 2 3 188 1240 1239 1352
11054 4 2 2 3 151 152 983 1377
11055 4 2 2 3 1327 151 11 966
11056 4 2 2 3 431 1264 449 433
11057 4 2 2 3 1341 1340 492 513
11058 4 2 2 3 154 959 960 1317
11059 4 2 2 3 496 25 83 1267
11060 4 2 2 3 527 433 476 1266
11061 4 2 2 3 1394 484 1269 1271
11062 4 2 2 3 1221 175 176 1172
11063 4 2 2 3 1174 204 203 1330
11064 4 2 2 3 1388 98 1341 970
11065 4 2 2 3 970 160 161 1381
11066 4 2 2 3 1388 513 98 970
11067 4 2 2 3 1294 509 1293 1268
11068 4 2 2 3 193 84 1267 192
11069 4 2 2 3 459 460 1253 461
11070 4 2 2 3 1186 146 145 987
11071 4 2 2 3 1172 205 204 1379
11072 4 2 2 3 513 1341 1340 1388
11073 4 2 2 3 187 188 1308 1240
11074 4 2 2 3 1226 191 1225 1364
11075 4 2 2 3 83 193 84 1267
11076 4 2 2 3 1363 1225 191 1364
11077 4 2 2 3 98 161 1341 970
11078 4 2 2 3 1200 486 498 1190
11079 4 2 2 3 1194 110 7 437
11080 4 2 2 3 476 475 1271 451
11081 4 2 2 3 487 1362 1345 1394
11082 4 2 2 3 1264 451 449 433
11083 4 2 2 3 184 1243 1214 1302
11084 4 2 2 3 1173 150 149 965
11085 4 2 2 3 1311 995 1313 1397
11086 4 2 2 3 537 433 1265 432
11087 4 2 2 3 1362 487 31 460
11088 4 2 2 3 29 28 527 1347
11089 4 2 2 3 1271 475 1270 451
11090 4 2 2 3 186 1395 1215 1309
11091 4 2 2 3 519 1339 428 430
11092 4 2 2 3 1252 427 1254 1274
11093 4 2 2 3 1380 1407 1238 1379
11094 4 2 2 3 1381 160 159 971
11095 4 2 2 3 427 1254 428 507
11096 4 2 2 3 527 476 1346 1266
11097 4 2 2 3 1368 1293 510 1268
11098 4 2 2 3 971 159 1355 962
11099 4 2 2 3 1219 190 189 1376
11100 4 2 2 3 985 1323 963 984
11101 4 2 2 3 1266 537 433 1265
11102 4 2 2 3 1266 433 537 525
11103 4 2 2 3 83 25 2 1267
11104 4 2 2 3 97 3 36 1325
11105 4 2 2 3 1293 509 537 432
11106 4 2 2 3 182 1238 183 1407
11107 4 2 2 3 509 1293 510 432
11108 4 2 2 3 153 154 960 1317
11109 4 2 2 3 1293 537 1295 1265
11110 4 2 2 3 460 461 33 1253
11111 4 2 2 3 1367 192 84 1226
11112 4 2 2 3 1271 1346 476 1266
11113 4 2 2 3 459 1253 1252 1254
11114 4 2 2 3 1177 197 196 1262
11115 4 2 2 3 1172 1220 175 1379
11116 4 2 2 3 1239 1352 1218 1219
11117 4 2 2 3 1347 527 433 525
11118 4 2 2 3 983 1327 151 1377
11119 4 2 2 3 189 188 1239 1352
11120 4 2 2 3 497 510 509 1268
11121 4 2 2 3 1341 492 98 513
11122 4 2 2 3 959 960 1317 956
11123 4 2 2 3 1266 527 433 1347
11124 4 2 2 3 1286 428 1254 507
11125 4 2 2 3 519 428 1339 506
11126 4 2 2 3 487 488 1394 483
11127 4 2 2 3 1250 187 186 1309
11128 4 2 2 3 1254 1339 428 1286
11129 4 2 2 3 1286 1254 1255 507
11130 4 2 2 3 1313 995 155 1397
11131 4 2 2 3 446 459 468 1252
11132 4 2 2 3 433 1266 1347 525
11133 4 2 2 3 525 537 1295 509
11134 4 2 2 3 184 185 1301 1214
11135 4 2 2 3 7 64 1194 437
11136 4 2 2 3 98 1341 513 1388
11137 4 2 2 3 483 30 532 1345
11138 4 2 2 3 1323 963 1324 985
11139 4 2 2 3 1293 537 1265 432
11140 4 2 2 3 510 1293 509 1268
11141 4 2 2 3 1226 1367 192 1364
11142 4 2 2 3 959 155 995 1397
11143 4 2 2 3 157 1323 985 984
11144 4 2 2 3 31 32 1362 460
11145 4 2 2 3 1408 183 1243 1407
11146 4 2 2 3 1173 1327 150 966
11147 4 2 2 3 175 205 1172 1379
11148 4 2 2 3 1395 185 186 1215
11149 4 2 2 3 1407 1243 1408 1238
11150 4 2 2 3 157 1323 984 1312
11151 4 2 2 3 152 983 1377 988
11152 4 2 2 3 1327 11 194 966
11153 4 2 2 3 1381 970 160 971
11154 4 2 2 3 984 156 157 1312
11155 4 2 2 3 988 1377 152 1318
11156 4 2 2 3 510 514 1268 496
11157 4 2 2 3 1243 1302 1212 1214
11158 4 2 2 3 1250 186 1215 1309
11159 4 2 2 3 1200 64 63 486
11160 4 2 2 3 1295 27 525 509
11161 4 2 2 3 33 34 1255 461
11162 4 2 2 3 1407 183 1243 1238
11163 4 2 2 3 1394 1346 1345 483
11164 4 2 2 3 537 1295 1266 525
11165 4 2 2 3 988 152 153 1318
11166 4 2 2 3 184 183 1243 1302
11167 4 2 2 3 1294 27 1295 509
11168 4 2 2 3 507 35 1286 491
11169 4 2 2 3 966 1327 151 983
11170 4 2 2 3 1252 446 459 427
11171 4 2 2 3 532 1346 476 483
11172 4 2 2 3 488 1273 1394 1269
11173 4 2 2 3 1355 159 158 962
11174 4 2 2 3 1266 433 1264 1265
11175 4 2 2 3 189 1352 1219 1376
11176 4 2 2 3 97 162 3 1325
11177 4 2 2 3 1367 1268 496 1267
11178 4 2 2 3 1265 1414 1293 432
11179 4 2 2 3 498 63 1200 1190
11180 4 2 2 3 988 153 960 1318
11181 4 2 2 3 1324 963 962 985
11182 4 2 2 3 460 33 32 1253
11183 4 2 2 3 1226 192 191 1364
11184 4 2 2 3 1326 1286 491 1340
11185 4 2 2 3 1317 960 153 1318
11186 4 2 2 3 488 1394 483 484
11187 4 2 2 3 1352 1239 189 1219
11188 4 2 2 3 461 1253 459 1254
11189 4 2 2 3 2 193 83 1267
11190 4 2 2 3 1220 1407 182 1379
11191 4 2 2 3 427 459 1252 1254
11192 4 2 2 3 36 35 491 1326
11193 4 2 2 3 1255 461 427 1254
11194 4 2 2 3 506 1286 1339 1340
11195 4 2 2 3 150 194 11 966
11196 4 2 2 3 1286 506 491 1340
11197 4 2 2 3 1243 1302 183 1408
11198 4 2 2 3 1238 1407 182 1220
11199 4 2 2 3 1301 1302 184 1214
11200 4 2 2 3 486 63 1200 498
11201 4 2 2 3 492 98 97 1341
11202 4 2 2 3 509 537 1295 1293
11203 4 2 2 3 1327 150 194 1173
11204 4 2 2 3 148 147 1196 989
11205 4 2 2 3 960 988 1318 957
11206 4 2 2 3 28 525 527 1347
11207 4 2 2 3 492 1325 1340 1341
11208 4 2 2 3 1367 514 84 496
11209 4 2 2 3 84 1367 496 1267
11210 4 2 2 3 427 461 459 1254
11211 4 2 2 3 205 175 10 1220
11212 4 2 2 3 177 178 1244 1191
11213 4 2 2 3 468 487 1362 460
11214 4 2 2 3 158 1355 962 1324
11215 4 2 2 3 476 1346 532 527
11216 4 2 2 3 205 175 1220 1379
11217 4 2 2 3 484 488 1394 1269
11218 4 2 2 3 1255 1253 33 461
11219 4 2 2 3 1324 962 158 985
11220 4 2 2 3 1326 492 1325 1340
11221 4 2 2 3 461 1255 1253 1254
11222 4 2 2 3 506 492 1340 513
11223 4 2 2 3 496 83 84 1267
11224 4 2 2 3 1286 1339 428 506
11225 4 2 2 3 532 1346 29 527
11226 4 2 2 3 507 1286 428 506
11227 4 2 2 3 506 507 1286 491
11228 4 2 2 3 491 506 492 1340
11229 4 2 2 3 1325 492 97 1341
11230 4 2 2 3 1220 1238 1407 1379
11231 4 2 2 3 1394 1345 487 483
11232 4 2 2 3 1347 1266 1295 525
11233 4 2 2 3 1268 497 510 496
11234 4 2 2 3 492 1326 491 1340
11235 4 2 2 3 1346 532 1345 483
11236 4 2 2 3 97 162 1325 1341
11237 4 2 2 3 194 150 1327 966
11238 4 2 2 3 2301 2323 2307 2288
11239 4 2 2 3 2307 2323 2301 2292
11240 4 2 2 3 1356 511 87 1343
11241 4 2 2 3 1356 87 511 1235
11242 4 2 2 3 2341 448 1304 471
11243 4 2 2 3 2341 1304 448 1282
11244 4 2 2 3 2324 530 2308 2318
11245 4 2 2 3 2324 2308 530 533
11246 4 2 2 3 2343 1343 1282 511
11247 4 2 2 3 2343 1282 1343 1279
11248 4 2 2 3 2314 1396 1299 1297
11249 4 2 2 3 2314 1299 1396 1211
11250 4 2 2 3 26 509 1268 497
11251 4 2 2 3 26 1268 509 1294
11252 4 2 2 3 2310 501 2316 531
11253 4 2 2 3 2310 2316 501 2299
11254 4 2 2 3 2349 2320 1400 2291
11255 4 2 2 3 2349 1400 2320 1333
11256 4 2 2 3 2338 1365 1263 2322
11257 4 2 2 3 2338 1263 1365 1375
11258 4 2 2 3 2355 2296 1332 2308
11259 4 2 2 3 2355 1332 2296 2337
11260 4 2 2 3 2347 990 980 1328
11261 4 2 2 3 2347 980 990 982
11262 4 2 2 3 2352 1420 2305 1371
11263 4 2 2 3 2352 2305 1420 2304
11264 4 2 2 3 1343 86 1411 515
11265 4 2 2 3 1343 1411 86 1416
11266 4 2 2 3 1348 979 101 964
11267 4 2 2 3 101 979 1348 1349
11268 4 2 2 3 533 2341 472 470
11269 4 2 2 3 472 2341 533 2324
11270 4 2 2 3 2345 1292 2343 1245
11271 4 2 2 3 2343 1292 2345 2318
11272 4 2 2 3 2343 1237 2345 1245
11273 4 2 2 3 2345 1237 2343 2318
11274 4 2 2 3 2324 452 2308 533
11275 4 2 2 3 2324 2308 452 2309
11276 4 2 2 3 100 1348 101 964
11277 4 2 2 3 101 1348 100 1412
11278 4 2 2 3 2297 2353 435 439
11279 4 2 2 3 2297 435 2353 2303
11280 4 2 2 3 436 435 2353 439
11281 4 2 2 3 436 2353 435 2303
11282 4 2 2 3 2329 981 978 987
11283 4 2 2 3 2329 978 981 2303
11284 4 2 2 3 485 1406 1276 1405
11285 4 2 2 3 1276 1406 485 466
11286 4 2 2 3 1321 963 979 1322
11287 4 2 2 3 979 963 1321 980
11288 4 2 2 3 2325 975 974 2322
11289 4 2 2 3 2325 974 975 973
11290 4 2 2 3 1213 1390 1211 1396
11291 4 2 2 3 1213 1211 1390 1212
11292 4 2 2 3 1420 1203 200 1205
11293 4 2 2 3 1420 200 1203 1258
11294 4 2 2 3 1274 443 447 429
11295 4 2 2 3 1274 447 443 1406
11296 4 2 2 3 964 1324 1348 1322
11297 4 2 2 3 1348 1324 964 962
11298 4 2 2 3 1300 488 475 1269
11299 4 2 2 3 1300 475 488 482
11300 4 2 2 3 1215 1396 1301 1213
11301 4 2 2 3 1215 1301 1396 1395
11302 4 2 2 3 1215 1301 185 1214
11303 4 2 2 3 1215 185 1301 1395
11304 4 2 2 4 1457 2363 1595 2386
11305 4 2 2 4 2361 2382 2376 2409
11306 4 2 2 4 834 2403 1580 2412
11307 4 2 2 4 835 2403 834 2412
11308 4 2 2 4 2361 2405 2382 2409
11309 4 2 2 4 2376 2382 2361 2405
11310 4 2 2 4 2358 2368 2359 2398
11311 4 2 2 4 1457 1595 2363 2375
11312 4 2 2 4 1447 2363 1457 2386
11313 4 2 2 4 2358 2359 2368 2376
11314 4 2 2 4 1580 2403 834 2423
11315 4 2 2 4 2358 2359 2376 2398
11316 4 2 2 4 2358 2374 2368 2398
11317 4 2 2 4 1457 2375 2363 2419
11318 4 2 2 4 2362 2382 2405 2409
11319 4 2 2 4 1229 2370 2363 2386
11320 4 2 2 4 834 1582 807 2412
11321 4 2 2 4 1439 812 781 2367
11322 4 2 2 4 2365 2369 1553 2392
11323 4 2 2 4 775 2378 2360 2382
11324 4 2 2 4 1229 2370 2386 2414
11325 4 2 2 4 1439 2367 781 2389
11326 4 2 2 4 1231 2363 1242 2419
11327 4 2 2 4 2361 1553 2369 2392
11328 4 2 2 4 1580 1582 834 2412
11329 4 2 2 4 863 2362 2373 2409
11330 4 2 2 4 2358 2376 2367 2398
11331 4 2 2 4 1457 2363 1447 2419
11332 4 2 2 4 2368 2382 2376 2405
11333 4 2 2 4 779 2362 2382 2391
11334 4 2 2 4 2365 2379 1499 2425
11335 4 2 2 4 2361 2376 801 2409
11336 4 2 2 4 834 1581 1580 2423
11337 4 2 2 4 1665 2374 2368 2387
11338 4 2 2 4 2361 2369 1553 2421
11339 4 2 2 4 2368 2376 2361 2405
11340 4 2 2 4 834 843 1581 2423
11341 4 2 2 4 1439 1442 812 2367
11342 4 2 2 4 801 2376 2361 2397
11343 4 2 2 4 775 2360 778 2382
11344 4 2 2 4 2360 2378 775 2399
11345 4 2 2 4 802 2376 2382 2409
11346 4 2 2 4 1430 2390 2384 2411
11347 4 2 2 4 1446 2363 1231 2419
11348 4 2 2 4 1595 2363 2375 2418
11349 4 2 2 4 2360 2370 2378 2399
11350 4 2 2 4 1222 2363 2370 2378
11351 4 2 2 4 2361 1553 2405 2421
11352 4 2 2 4 2380 2394 1590 2396
11353 4 2 2 4 1433 1446 1242 2419
11354 4 2 2 4 865 2377 2364 2395
11355 4 2 2 4 779 2362 802 2382
11356 4 2 2 4 784 2362 2371 2373
11357 4 2 2 4 779 802 2362 2409
11358 4 2 2 4 2379 2397 2366 2411
11359 4 2 2 4 2363 2378 2358 2387
11360 4 2 2 4 1665 2375 2374 2387
11361 4 2 2 4 834 2403 833 2423
11362 4 2 2 4 777 2378 2382 2407
11363 4 2 2 4 827 2394 2380 2396
11364 4 2 2 4 775 778 2360 2399
11365 4 2 2 4 2364 2371 831 2391
11366 4 2 2 4 2367 2376 2359 2398
11367 4 2 2 4 1222 2378 2370 2399
11368 4 2 2 4 1222 2363 1229 2370
11369 4 2 2 4 1439 781 1484 2389
11370 4 2 2 4 1442 2367 1439 2389
11371 4 2 2 4 1612 1608 1609 2408
11372 4 2 2 4 831 2371 2364 2377
11373 4 2 2 4 1251 2388 2364 2399
11374 4 2 2 4 2359 2368 2400 2404
11375 4 2 2 4 1539 2388 1211 2414
11376 4 2 2 4 82 1484 1439 781
11377 4 2 2 4 2360 2370 2363 2378
11378 4 2 2 4 1501 2380 2365 2410
11379 4 2 2 4 777 2378 775 2382
11380 4 2 2 4 807 834 1581 1582
11381 4 2 2 4 2360 778 2382 2391
11382 4 2 2 4 1446 1231 1242 2419
11383 4 2 2 4 807 2412 1582 2417
11384 4 2 2 4 2363 2358 2378 2419
11385 4 2 2 4 775 868 778 2399
11386 4 2 2 4 1433 1242 2372 2419
11387 4 2 2 4 2384 2400 1657 2404
11388 4 2 2 4 1658 2366 1504 2400
11389 4 2 2 4 1430 1432 2384 2390
11390 4 2 2 4 1470 2397 2379 2411
11391 4 2 2 4 778 2391 2360 2399
11392 4 2 2 4 1581 834 1580 1582
11393 4 2 2 4 1448 2374 1509 2375
11394 4 2 2 4 1425 1457 1595 2386
11395 4 2 2 4 1227 2388 2370 2414
11396 4 2 2 4 2378 2382 2358 2387
11397 4 2 2 4 1553 2365 1554 2369
11398 4 2 2 4 1567 2400 2368 2404
11399 4 2 2 4 790 2371 2377 2381
11400 4 2 2 4 1425 1447 1457 2386
11401 4 2 2 4 1448 1509 1452 2375
11402 4 2 2 4 802 801 2376 2409
11403 4 2 2 4 834 807 835 2412
11404 4 2 2 4 863 2362 784 2373
11405 4 2 2 4 2363 1596 2386 2418
11406 4 2 2 4 1499 850 2365 2425
11407 4 2 2 4 2368 2374 2358 2387
11408 4 2 2 4 2360 2382 2378 2387
11409 4 2 2 4 2372 2378 2358 2419
11410 4 2 2 4 1601 2387 2360 2418
11411 4 2 2 4 2384 2398 2389 2411
11412 4 2 2 4 835 833 834 2403
11413 4 2 2 4 1430 1479 2390 2411
11414 4 2 2 4 1549 2371 2373 2381
11415 4 2 2 4 1221 1507 1506 2386
11416 4 2 2 4 802 2382 2362 2409
11417 4 2 2 4 1601 2360 2406 2418
11418 4 2 2 4 2377 2395 90 2403
11419 4 2 2 4 780 2371 2362 2391
11420 4 2 2 4 1482 1591 1502 2394
11421 4 2 2 4 1553 2392 2361 2405
11422 4 2 2 4 850 2380 2365 2425
11423 4 2 2 4 1603 2360 2387 2416
11424 4 2 2 4 76 1497 2365 2410
11425 4 2 2 4 779 2382 778 2391
11426 4 2 2 4 2360 2378 2363 2387
11427 4 2 2 4 1446 1231 2363 2386
11428 4 2 2 4 2373 2383 2369 2421
11429 4 2 2 4 2359 2400 2384 2404
11430 4 2 2 4 2360 2393 1603 2406
11431 4 2 2 4 1438 812 1442 2367
11432 4 2 2 4 2366 2392 1504 2400
11433 4 2 2 4 1506 2386 1507 2414
11434 4 2 2 4 1430 1479 1432 2390
11435 4 2 2 4 2363 2370 2360 2418
11436 4 2 2 4 1603 2393 2360 2416
11437 4 2 2 4 1227 1211 2388 2414
11438 4 2 2 4 1470 2379 2366 2411
11439 4 2 2 4 1614 2364 2371 2377
11440 4 2 2 4 1229 2363 1231 2386
11441 4 2 2 4 1554 2369 2365 2380
11442 4 2 2 4 2374 2375 1437 2402
11443 4 2 2 4 1665 2368 1548 2387
11444 4 2 2 4 2358 2375 2363 2387
11445 4 2 2 4 1646 849 858 862
11446 4 2 2 4 1563 1483 858 2413
11447 4 2 2 4 1475 2366 2379 2385
11448 4 2 2 4 1446 2363 1447 2386
11449 4 2 2 4 1572 2377 2381 2412
11450 4 2 2 4 1223 2388 1251 2399
11451 4 2 2 4 1648 1459 1663 2385
11452 4 2 2 4 2401 2408 1608 2417
11453 4 2 2 4 1501 2394 2380 2410
11454 4 2 2 4 790 2377 829 2381
11455 4 2 2 4 1438 812 2367 2424
11456 4 2 2 4 1595 2363 1596 2386
11457 4 2 2 4 2384 2359 2398 2411
11458 4 2 2 4 1428 2372 1236 2424
11459 4 2 2 4 1553 1505 2392 2405
11460 4 2 2 4 1557 1506 1507 2414
11461 4 2 2 4 2366 2397 2359 2411
11462 4 2 2 4 1221 1424 1507 2386
11463 4 2 2 4 1241 2386 1506 2414
11464 4 2 2 4 1456 2389 2384 2398
11465 4 2 2 4 1548 2387 2368 2416
11466 4 2 2 4 837 1612 1608 804
11467 4 2 2 4 1595 1596 2363 2418
11468 4 2 2 4 2366 2359 2397 2400
11469 4 2 2 4 1663 2385 1496 2410
11470 4 2 2 4 1437 1436 1435 2402
11471 4 2 2 4 1591 1531 1482 1502
11472 4 2 2 4 1437 2374 1448 2375
11473 4 2 2 4 2358 2363 2375 2419
11474 4 2 2 4 2366 2397 2379 2400
11475 4 2 2 4 785 831 2371 2391
11476 4 2 2 4 784 2362 780 2371
11477 4 2 2 4 1431 2384 1432 2390
11478 4 2 2 4 1447 2363 1446 2419
11479 4 2 2 4 800 802 801 2376
11480 4 2 2 4 2386 2414 2370 2418
11481 4 2 2 4 2361 2397 2376 2400
11482 4 2 2 4 777 775 783 2382
11483 4 2 2 4 2389 2398 2359 2411
11484 4 2 2 4 1456 2384 2389 2411
11485 4 2 2 4 1452 1437 1448 2375
11486 4 2 2 4 1245 2395 1543 2403
11487 4 2 2 4 1607 2400 1505 2405
11488 4 2 2 4 790 2373 2371 2381
11489 4 2 2 4 90 2377 865 2395
11490 4 2 2 4 1646 858 849 2426
11491 4 2 2 4 1433 2372 1429 2419
11492 4 2 2 4 1233 2372 1232 2378
11493 4 2 2 4 2361 2376 2368 2400
11494 4 2 2 4 790 2371 831 2377
11495 4 2 2 4 807 1582 1673 2417
11496 4 2 2 4 804 1608 837 2417
11497 4 2 2 4 2363 2360 2387 2418
11498 4 2 2 4 800 2376 801 2397
11499 4 2 2 4 1242 1232 1233 2372
11500 4 2 2 4 1580 1581 1641 2423
11501 4 2 2 4 851 1499 2379 2425
11502 4 2 2 4 81 1484 781 2389
11503 4 2 2 4 1499 2365 1471 2379
11504 4 2 2 4 1591 2394 1482 2413
11505 4 2 2 4 836 834 843 1581
11506 4 2 2 4 2374 2375 2358 2387
11507 4 2 2 4 862 858 1646 1563
11508 4 2 2 4 1500 1493 1502 2410
11509 4 2 2 4 1651 1217 1235 2423
11510 4 2 2 4 1603 2360 1601 2387
11511 4 2 2 4 807 864 2412 2417
11512 4 2 2 4 1554 2365 1501 2380
11513 4 2 2 4 1673 805 807 2417
11514 4 2 2 4 1232 1242 1231 2363
11515 4 2 2 4 1567 2368 2374 2404
11516 4 2 2 4 1601 2360 1603 2406
11517 4 2 2 4 1550 2371 2362 2421
11518 4 2 2 4 2397 2411 1480 2420
11519 4 2 2 4 829 2381 2377 2412
11520 4 2 2 4 2362 2371 1550 2393
11521 4 2 2 4 787 2367 812 2424
11522 4 2 2 4 850 828 77 2365
11523 4 2 2 4 2373 2409 2362 2421
11524 4 2 2 4 1539 1538 2388 2414
11525 4 2 2 4 812 82 1439 781
11526 4 2 2 4 1549 2371 1550 2373
11527 4 2 2 4 780 2362 779 2391
11528 4 2 2 4 1607 1505 1552 2405
11529 4 2 2 4 1614 2371 2364 2393
11530 4 2 2 4 1665 1530 2374 2375
11531 4 2 2 4 1612 1611 796 2408
11532 4 2 2 4 837 2408 2401 2417
11533 4 2 2 4 2369 2380 1620 2383
11534 4 2 2 4 1563 2413 858 2426
11535 4 2 2 4 1437 2402 2375 2419
11536 4 2 2 4 828 2365 850 2380
11537 4 2 2 4 1550 2373 2371 2421
11538 4 2 2 4 837 1608 1612 2408
11539 4 2 2 4 2363 2386 2370 2418
11540 4 2 2 4 1222 1232 2363 2378
11541 4 2 2 4 1646 849 862 1656
11542 4 2 2 4 2376 2397 2359 2400
11543 4 2 2 4 1472 2397 1470 2411
11544 4 2 2 4 865 2364 1249 2395
11545 4 2 2 4 2362 2405 1547 2421
11546 4 2 2 4 2358 2398 2367 2402
11547 4 2 2 4 1624 843 1617 2423
11548 4 2 2 4 1444 1428 1236 2424
11549 4 2 2 4 1563 858 1646 2426
11550 4 2 2 4 1554 2365 1553 2392
11551 4 2 2 4 76 2394 1494 2410
11552 4 2 2 4 1441 2389 1490 2411
11553 4 2 2 4 827 2380 846 2396
11554 4 2 2 4 1495 1496 2385 2410
11555 4 2 2 4 2358 2382 2368 2387
11556 4 2 2 4 804 837 803 2417
11557 4 2 2 4 850 794 2380 2425
11558 4 2 2 4 1547 2405 2362 2416
11559 4 2 2 4 2371 2373 2362 2421
11560 4 2 2 4 96 1444 1236 2424
11561 4 2 2 4 2358 2374 2398 2402
11562 4 2 2 4 863 2373 792 2409
11563 4 2 2 4 1496 1663 1459 2385
11564 4 2 2 4 779 2362 863 2409
11565 4 2 2 4 1471 2379 2365 2385
11566 4 2 2 4 2368 2376 2359 2400
11567 4 2 2 4 1553 1552 1505 2405
11568 4 2 2 4 1493 2394 1502 2410
11569 4 2 2 4 1229 1222 1232 2363
11570 4 2 2 4 812 1442 1439 1438
11571 4 2 2 4 1661 2384 1657 2404
11572 4 2 2 4 1222 1224 2378 2399
11573 4 2 2 4 1639 2369 2383 2421
11574 4 2 2 4 1551 2377 2371 2381
11575 4 2 2 4 1639 2383 2373 2421
11576 4 2 2 4 837 1608 2408 2417
11577 4 2 2 4 2367 786 2407 2424
11578 4 2 2 4 1620 2369 1554 2380
11579 4 2 2 4 1543 1638 1245 2403
11580 4 2 2 4 2368 2387 2382 2416
11581 4 2 2 4 2361 2397 2379 2425
11582 4 2 2 4 96 1236 808 2424
11583 4 2 2 4 1241 1221 1506 2386
11584 4 2 2 4 1437 1435 2374 2402
11585 4 2 2 4 1229 1228 2370 2414
11586 4 2 2 4 2366 2384 2359 2400
11587 4 2 2 4 1472 2379 1470 2397
11588 4 2 2 4 1472 1480 2397 2411
11589 4 2 2 4 1648 1663 1594 2385
11590 4 2 2 4 861 2364 831 2391
11591 4 2 2 4 1563 73 858 1483
11592 4 2 2 4 1668 1608 1612 804
11593 4 2 2 4 1236 2372 808 2424
11594 4 2 2 4 1614 2371 1572 2377
11595 4 2 2 4 77 828 76 2365
11596 4 2 2 4 1595 1621 1425 2386
11597 4 2 2 4 775 778 783 2382
11598 4 2 2 4 807 834 836 1581
11599 4 2 2 4 1516 2364 2377 2395
11600 4 2 2 4 1251 2364 91 2399
11601 4 2 2 4 1431 1430 1432 2384
11602 4 2 2 4 2370 2388 1223 2399
11603 4 2 2 4 790 831 829 2377
11604 4 2 2 4 2370 2388 1538 2414
11605 4 2 2 4 1435 1436 2398 2402
11606 4 2 2 4 2360 2382 2362 2391
11607 4 2 2 4 1235 1217 87 2423
11608 4 2 2 4 1249 2364 1251 2388
11609 4 2 2 4 792 2373 2369 2409
11610 4 2 2 4 801 2361 2409 2425
11611 4 2 2 4 1471 1499 1497 2365
11612 4 2 2 4 2365 2380 2369 2425
11613 4 2 2 4 1617 843 87 2423
11614 4 2 2 4 763 2380 2369 2383
11615 4 2 2 4 2369 2380 794 2425
11616 4 2 2 4 781 2389 2367 2420
11617 4 2 2 4 1553 2369 1669 2421
11618 4 2 2 4 796 837 1612 2408
11619 4 2 2 4 1578 2383 2380 2396
11620 4 2 2 4 1657 1658 1504 2400
11621 4 2 2 4 1508 1452 1509 2375
11622 4 2 2 4 1482 1502 1493 2394
11623 4 2 2 4 1517 2388 2364 2395
11624 4 2 2 4 804 1668 1608 2417
11625 4 2 2 4 1656 862 1646 1563
11626 4 2 2 4 1495 1496 1459 2385
11627 4 2 2 4 1459 1648 1570 2415
11628 4 2 2 4 1501 2365 1534 2410
11629 4 2 2 4 779 780 863 2362
11630 4 2 2 4 1669 1553 1554 2369
11631 4 2 2 4 836 843 1624 1581
11632 4 2 2 4 1457 1440 2375 2419
11633 4 2 2 4 1438 2367 1450 2424
11634 4 2 2 4 760 2373 824 2383
11635 4 2 2 4 2358 2382 2378 2407
11636 4 2 2 4 1509 2374 1530 2375
11637 4 2 2 4 77 76 1497 2365
11638 4 2 2 4 1432 1479 1492 2390
11639 4 2 2 4 1211 1540 1539 1541
11640 4 2 2 4 1435 2398 2374 2402
11641 4 2 2 4 1232 1231 1229 2363
11642 4 2 2 4 2389 1480 2411 2420
11643 4 2 2 4 1475 2366 1470 2379
11644 4 2 2 4 776 2372 2378 2407
11645 4 2 2 4 801 2397 2361 2425
11646 4 2 2 4 1595 2375 1597 2418
11647 4 2 2 4 1549 2373 1550 2421
11648 4 2 2 4 1517 2364 1516 2395
11649 4 2 2 4 1572 2377 1551 2381
11650 4 2 2 4 1446 1447 1426 2386
11651 4 2 2 4 1611 1542 1655 2422
11652 4 2 2 4 2368 2382 2405 2416
11653 4 2 2 4 1549 1551 2371 2381
11654 4 2 2 4 2362 2360 2391 2393
11655 4 2 2 4 78 851 1499 2379
11656 4 2 2 4 1504 2366 2385 2392
11657 4 2 2 4 1614 2393 2364 2406
11658 4 2 2 4 830 2377 90 2403
11659 4 2 2 4 792 2369 2373 2383
11660 4 2 2 4 781 81 2389 2420
11661 4 2 2 4 1477 2366 2390 2411
11662 4 2 2 4 792 2373 760 2383
11663 4 2 2 4 837 2401 803 2417
11664 4 2 2 4 801 2379 2397 2425
11665 4 2 2 4 1540 1211 1539 2388
11666 4 2 2 4 1441 1490 1430 2411
11667 4 2 2 4 1233 776 2372 2378
11668 4 2 2 4 865 831 2364 2377
11669 4 2 2 4 1638 1237 1245 2403
11670 4 2 2 4 2358 2375 2374 2402
11671 4 2 2 4 1248 2388 1544 2395
11672 4 2 2 4 827 2396 846 2426
11673 4 2 2 4 2358 2378 2372 2407
11674 4 2 2 4 1479 1477 2390 2411
11675 4 2 2 4 1497 2385 2365 2410
11676 4 2 2 4 1617 1217 1651 2423
11677 4 2 2 4 1596 2414 2386 2418
11678 4 2 2 4 1504 2385 2366 2415
11679 4 2 2 4 1624 1617 1641 2423
11680 4 2 2 4 1469 1529 1423 2390
11681 4 2 2 4 1658 1504 2366 2415
11682 4 2 2 4 1499 851 850 2425
11683 4 2 2 4 1471 2365 1497 2385
11684 4 2 2 4 784 2371 790 2373
11685 4 2 2 4 2359 2411 2397 2420
11686 4 2 2 4 802 2376 866 2382
11687 4 2 2 4 1433 1429 1446 2419
11688 4 2 2 4 1617 1624 771 843
11689 4 2 2 4 804 805 1668 2417
11690 4 2 2 4 786 2372 2407 2424
11691 4 2 2 4 760 2383 824 2401
11692 4 2 2 4 1493 1482 1531 1502
11693 4 2 2 4 1480 2389 1481 2420
11694 4 2 2 4 776 2378 777 2407
11695 4 2 2 4 1427 2372 1428 2424
11696 4 2 2 4 77 1497 1499 2365
11697 4 2 2 4 779 783 778 2382
11698 4 2 2 4 2362 2393 1550 2416
11699 4 2 2 4 1516 2395 2377 2403
11700 4 2 2 4 1594 1570 1648 2415
11701 4 2 2 4 1493 1500 1496 2410
11702 4 2 2 4 1663 1594 2385 2410
11703 4 2 2 4 2366 2385 1475 2415
11704 4 2 2 4 1578 2380 1590 2396
11705 4 2 2 4 1543 1245 1544 2395
11706 4 2 2 4 1673 1626 807 805
11707 4 2 2 4 777 2382 783 2407
11708 4 2 2 4 2368 2400 1607 2405
11709 4 2 2 4 1433 1428 1429 2372
11710 4 2 2 4 1572 2371 1551 2377
11711 4 2 2 4 824 2383 2373 2401
11712 4 2 2 4 784 863 780 2362
11713 4 2 2 4 1445 1446 1426 2386
11714 4 2 2 4 1617 87 1217 2423
11715 4 2 2 4 2362 2382 2360 2416
11716 4 2 2 4 1611 1655 796 2422
11717 4 2 2 4 2365 2385 1534 2410
11718 4 2 2 4 1516 2364 1614 2377
11719 4 2 2 4 1216 1539 1211 2414
11720 4 2 2 4 1658 2366 1645 2390
11721 4 2 2 4 1518 1544 2388 2395
11722 4 2 2 4 771 87 1617 843
11723 4 2 2 4 2369 2409 2373 2421
11724 4 2 2 4 2362 2360 2393 2416
11725 4 2 2 4 1495 1471 1497 2385
11726 4 2 2 4 1246 90 2395 2403
11727 4 2 2 4 2358 2376 2368 2382
11728 4 2 2 4 1423 1529 1528 2390
11729 4 2 2 4 831 790 785 2371
11730 4 2 2 4 1482 2394 1485 2413
11731 4 2 2 4 2367 2407 2402 2424
11732 4 2 2 4 2369 2361 2409 2421
11733 4 2 2 4 1459 1461 1648 1663
11734 4 2 2 4 1550 2362 1547 2421
11735 4 2 2 4 1620 1669 1554 2369
11736 4 2 2 4 783 779 802 2382
11737 4 2 2 4 1221 1244 1424 2386
11738 4 2 2 4 1547 2362 1550 2416
11739 4 2 2 4 796 1655 795 2422
11740 4 2 2 4 1657 1504 2392 2400
11741 4 2 2 4 763 794 2369 2380
11742 4 2 2 4 1620 1639 2369 2383
11743 4 2 2 4 1596 2370 2414 2418
11744 4 2 2 4 1665 1548 1546 2387
11745 4 2 2 4 1645 2366 2384 2390
11746 4 2 2 4 2364 2388 1517 2406
11747 4 2 2 4 1567 2368 1665 2374
11748 4 2 2 4 761 2396 2383 2408
11749 4 2 2 4 1442 1450 1438 2367
11750 4 2 2 4 1516 1543 2395 2403
11751 4 2 2 4 1572 2381 1674 2412
11752 4 2 2 4 80 2397 1480 2420
11753 4 2 2 4 1475 2379 1471 2385
11754 4 2 2 4 1251 1249 91 2364
11755 4 2 2 4 1495 2385 1497 2410
11756 4 2 2 4 1582 1626 807 1673
11757 4 2 2 4 830 2377 2403 2412
11758 4 2 2 4 1525 2388 2370 2406
11759 4 2 2 4 1231 1446 1445 2386
11760 4 2 2 4 1578 1620 2380 2383
11761 4 2 2 4 1546 2387 1548 2416
11762 4 2 2 4 2388 2399 2370 2406
11763 4 2 2 4 776 786 2372 2407
11764 4 2 2 4 792 763 2369 2383
11765 4 2 2 4 1489 1571 1529 2390
11766 4 2 2 4 1456 1453 2389 2398
11767 4 2 2 4 792 760 763 2383
11768 4 2 2 4 1223 2370 1227 2388
11769 4 2 2 4 77 1499 850 2365
11770 4 2 2 4 806 1565 805 767
11771 4 2 2 4 2382 2362 2405 2416
11772 4 2 2 4 1529 1469 1489 2390
11773 4 2 2 4 1248 1544 1245 2395
11774 4 2 2 4 1221 1230 1244 2386
11775 4 2 2 4 781 812 787 2367
11776 4 2 2 4 1216 1211 1227 2414
11777 4 2 2 4 1229 2386 1228 2414
11778 4 2 2 4 795 1642 844 849
11779 4 2 2 4 1457 1447 1440 2419
11780 4 2 2 4 781 782 81 2420
11781 4 2 2 4 1230 2386 1241 2414
11782 4 2 2 4 1456 1430 2384 2411
11783 4 2 2 4 1452 1508 1457 2375
11784 4 2 2 4 2402 2407 2372 2424
11785 4 2 2 4 1612 1610 1668 804
11786 4 2 2 4 1557 1241 1506 2414
11787 4 2 2 4 73 858 862 1563
11788 4 2 2 4 1472 1470 1480 2411
11789 4 2 2 4 863 784 792 2373
11790 4 2 2 4 1614 2364 1517 2406
11791 4 2 2 4 2373 2381 824 2401
11792 4 2 2 4 76 1494 1497 2410
11793 4 2 2 4 1222 2370 1223 2399
11794 4 2 2 4 1571 2390 1489 2415
11795 4 2 2 4 824 2373 790 2381
11796 4 2 2 4 1434 2402 1437 2419
11797 4 2 2 4 1626 805 1565 767
11798 4 2 2 4 1624 771 843 836
11799 4 2 2 4 1427 1428 1444 2424
11800 4 2 2 4 865 1249 90 2395
11801 4 2 2 4 1529 1571 1528 2390
11802 4 2 2 4 1517 1614 1516 2364
11803 4 2 2 4 1501 1554 1534 2365
11804 4 2 2 4 1503 2365 1554 2392
11805 4 2 2 4 1221 1241 1230 2386
11806 4 2 2 4 802 866 783 2382
11807 4 2 2 4 1456 2398 2384 2404
11808 4 2 2 4 807 1581 1626 1582
11809 4 2 2 4 807 805 864 2417
11810 4 2 2 4 837 817 1612 804
11811 4 2 2 4 1223 1249 1251 2388
11812 4 2 2 4 787 786 2367 2424
11813 4 2 2 4 1245 1246 2395 2403
11814 4 2 2 4 2405 2409 2361 2421
11815 4 2 2 4 1607 2368 1567 2400
11816 4 2 2 4 808 2372 786 2424
11817 4 2 2 4 1440 1437 2375 2419
11818 4 2 2 4 792 824 760 2373
11819 4 2 2 4 1493 1519 1500 1502
11820 4 2 2 4 1612 1609 1611 2408
11821 4 2 2 4 785 861 831 2391
11822 4 2 2 4 1484 82 81 781
11823 4 2 2 4 830 2403 835 2412
11824 4 2 2 4 865 831 861 2364
11825 4 2 2 4 1665 1597 2375 2387
11826 4 2 2 4 1578 1535 2383 2396
11827 4 2 2 4 91 1249 865 2364
11828 4 2 2 4 1670 1525 2370 2406
11829 4 2 2 4 1431 1644 2384 2390
11830 4 2 2 4 763 2380 2383 2396
11831 4 2 2 4 2375 2402 2358 2419
11832 4 2 2 4 1503 2385 2365 2392
11833 4 2 2 4 2359 2384 2366 2411
11834 4 2 2 4 1595 1596 1621 2386
11835 4 2 2 4 1479 1430 1490 2411
11836 4 2 2 4 1231 1445 1244 2386
11837 4 2 2 4 1485 1482 1493 2394
11838 4 2 2 4 1549 2373 1671 2381
11839 4 2 2 4 1548 2368 1607 2405
11840 4 2 2 4 1659 2405 1553 2421
11841 4 2 2 4 1580 2403 1555 2412
11842 4 2 2 4 2361 2379 2397 2400
11843 4 2 2 4 1659 1547 2405 2421
11844 4 2 2 4 849 1646 1642 1656
11845 4 2 2 4 1508 1509 1530 2375
11846 4 2 2 4 761 2383 762 2408
11847 4 2 2 4 862 72 1465 1563
11848 4 2 2 4 2379 2392 2366 2400
11849 4 2 2 4 1638 1543 1556 2403
11850 4 2 2 4 1450 2367 1443 2402
11851 4 2 2 4 2384 2398 2359 2404
11852 4 2 2 4 1638 2403 1556 2423
11853 4 2 2 4 1581 836 807 1626
11854 4 2 2 4 849 1642 1646 2426
11855 4 2 2 4 817 1612 1611 796
11856 4 2 2 4 2363 2387 2375 2418
11857 4 2 2 4 1534 2365 1503 2385
11858 4 2 2 4 1493 1519 1496 1500
11859 4 2 2 4 1612 817 837 796
11860 4 2 2 4 1610 1612 817 804
11861 4 2 2 4 2359 2389 2411 2420
11862 4 2 2 4 1564 1483 1563 2413
11863 4 2 2 4 2364 2393 2391 2406
11864 4 2 2 4 1642 844 1655 795
11865 4 2 2 4 762 2383 760 2401
11866 4 2 2 4 2359 2376 2367 2420
11867 4 2 2 4 1670 2370 1596 2418
11868 4 2 2 4 1548 2368 2405 2416
11869 4 2 2 4 805 1668 1565 806
11870 4 2 2 4 2360 2391 2393 2406
11871 4 2 2 4 1517 1518 2388 2395
11872 4 2 2 4 793 2409 2369 2425
11873 4 2 2 4 780 785 2371 2391
11874 4 2 2 4 808 1236 95 2372
11875 4 2 2 4 2364 2388 1249 2395
11876 4 2 2 4 1461 1459 1496 1663
11877 4 2 2 4 1539 1216 1587 2414
11878 4 2 2 4 1642 1523 848 1656
11879 4 2 2 4 866 2382 2376 2407
11880 4 2 2 4 1555 2403 2377 2412
11881 4 2 2 4 1658 1645 1666 2390
11882 4 2 2 4 2379 2392 2361 2425
11883 4 2 2 4 2365 2392 2379 2425
11884 4 2 2 4 2367 2389 1442 2398
11885 4 2 2 4 861 91 2364 2399
11886 4 2 2 4 1242 1233 1236 2372
11887 4 2 2 4 786 808 776 2372
11888 4 2 2 4 1457 1508 1595 2375
11889 4 2 2 4 1614 1602 2393 2406
11890 4 2 2 4 80 1480 1481 2420
11891 4 2 2 4 1620 1639 1669 2369
11892 4 2 2 4 1476 1477 2366 2390
11893 4 2 2 4 1641 1617 1651 2423
11894 4 2 2 4 2367 2376 2358 2407
11895 4 2 2 4 1578 2380 1501 2394
11896 4 2 2 4 805 1668 1626 1565
11897 4 2 2 4 2370 2399 2360 2406
11898 4 2 2 4 844 1523 848 1642
11899 4 2 2 4 90 830 865 2377
11900 4 2 2 4 1222 1229 1228 2370
11901 4 2 2 4 1525 1538 2370 2388
11902 4 2 2 4 1555 1516 2377 2403
11903 4 2 2 4 805 1626 807 767
11904 4 2 2 4 81 1481 1484 2389
11905 4 2 2 4 2371 2391 2364 2393
11906 4 2 2 4 2379 2385 2366 2392
11907 4 2 2 4 1666 2390 1571 2415
11908 4 2 2 4 1234 1245 1638 1237
11909 4 2 2 4 786 788 2367 2407
11910 4 2 2 4 1478 1479 1477 2390
11911 4 2 2 4 1453 1442 2389 2398
11912 4 2 2 4 847 2413 827 2426
11913 4 2 2 4 2367 2398 1443 2402
11914 4 2 2 4 1668 805 1673 2417
11915 4 2 2 4 776 95 1233 2372
11916 4 2 2 4 1476 2366 1475 2415
11917 4 2 2 4 1647 2386 1596 2414
11918 4 2 2 4 2362 2391 2371 2393
11919 4 2 2 4 801 2379 79 2397
11920 4 2 2 4 1639 1669 2369 2421
11921 4 2 2 4 812 1439 82 840
11922 4 2 2 4 1496 1500 1663 2410
11923 4 2 2 4 2364 2399 2388 2406
11924 4 2 2 4 1481 2389 81 2420
11925 4 2 2 4 1563 1465 73 1483
11926 4 2 2 4 1563 1562 2413 2426
11927 4 2 2 4 828 2380 827 2394
11928 4 2 2 4 2358 2372 2402 2407
11929 4 2 2 4 1477 1470 2366 2411
11930 4 2 2 4 2396 2408 761 2422
11931 4 2 2 4 1540 1248 1211 2388
11932 4 2 2 4 1652 1234 1638 2423
11933 4 2 2 4 1571 1464 1460 2415
11934 4 2 2 4 788 2376 2367 2407
11935 4 2 2 4 1578 1620 1554 2380
11936 4 2 2 4 1575 2373 1639 2383
11937 4 2 2 4 1671 2381 2373 2401
11938 4 2 2 4 1609 1608 2401 2408
11939 4 2 2 4 95 1236 1233 2372
11940 4 2 2 4 862 1465 73 1563
11941 4 2 2 4 1241 1587 1216 2414
11942 4 2 2 4 1475 1470 1471 2379
11943 4 2 2 4 1544 1248 1540 2388
11944 4 2 2 4 1540 1539 1538 2388
11945 4 2 2 4 1503 1554 1553 2392
11946 4 2 2 4 1547 1550 2393 2416
11947 4 2 2 4 807 864 835 2412
11948 4 2 2 4 828 850 794 2380
11949 4 2 2 4 1652 1638 1556 2423
11950 4 2 2 4 1597 2375 2387 2418
11951 4 2 2 4 789 2381 829 2412
11952 4 2 2 4 1423 1492 1469 2390
11953 4 2 2 4 762 760 824 2401
11954 4 2 2 4 849 1642 848 1656
11955 4 2 2 4 862 1606 72 1563
11956 4 2 2 4 851 2379 801 2425
11957 4 2 2 4 1549 1551 1550 2371
11958 4 2 2 4 1464 1571 1489 2415
11959 4 2 2 4 1663 1496 1519 1500
11960 4 2 2 4 2383 2396 1535 2408
11961 4 2 2 4 779 863 802 2409
11962 4 2 2 4 1443 1450 1442 2367
11963 4 2 2 4 802 800 866 2376
11964 4 2 2 4 784 780 785 2371
11965 4 2 2 4 93 2378 1224 2399
11966 4 2 2 4 2384 2390 2366 2411
11967 4 2 2 4 1424 1425 1507 2386
11968 4 2 2 4 830 829 2377 2412
11969 4 2 2 4 848 844 1642 849
11970 4 2 2 4 1507 1425 1621 2386
11971 4 2 2 4 763 2383 761 2396
11972 4 2 2 4 1596 2370 1538 2414
11973 4 2 2 4 2372 2358 2402 2419
11974 4 2 2 4 1614 1551 1572 2371
11975 4 2 2 4 1578 1554 1501 2380
11976 4 2 2 4 1449 1448 1435 2374
11977 4 2 2 4 1436 1443 2398 2402
11978 4 2 2 4 794 793 2369 2425
11979 4 2 2 4 1448 1437 1435 2374
11980 4 2 2 4 2358 2402 2367 2407
11981 4 2 2 4 795 845 2422 2426
11982 4 2 2 4 1435 1449 2374 2404
11983 4 2 2 4 796 2408 1611 2422
11984 4 2 2 4 1626 1673 1668 805
11985 4 2 2 4 785 790 784 2371
11986 4 2 2 4 1245 1237 1246 2403
11987 4 2 2 4 1504 1569 2385 2415
11988 4 2 2 4 1492 1423 1432 2390
11989 4 2 2 4 771 1617 87 1217
11990 4 2 2 4 1545 1544 1543 1245
11991 4 2 2 4 1671 2381 2401 2417
11992 4 2 2 4 800 2376 2397 2420
11993 4 2 2 4 1455 2384 1644 2404
11994 4 2 2 4 1568 1448 1449 2374
11995 4 2 2 4 1233 94 776 2378
11996 4 2 2 4 1516 1556 1543 2403
11997 4 2 2 4 1440 1452 1457 2375
11998 4 2 2 4 1425 1426 1447 2386
11999 4 2 2 4 1667 1668 1610 806
12000 4 2 2 4 792 2369 793 2409
12001 4 2 2 4 1614 1615 2371 2393
12002 4 2 2 4 1609 2401 1574 2408
12003 4 2 2 4 1450 2367 2402 2424
12004 4 2 2 4 1456 1458 2398 2404
12005 4 2 2 4 817 1612 1610 1611
12006 4 2 2 4 1657 1607 1567 2400
12007 4 2 2 4 2367 2376 788 2420
12008 4 2 2 4 1579 2413 1562 2426
12009 4 2 2 4 797 761 2408 2422
12010 4 2 2 4 1658 1569 1504 2415
12011 4 2 2 4 1571 1460 1570 2415
12012 4 2 2 4 1655 798 796 795
12013 4 2 2 4 1645 2384 1644 2390
12014 4 2 2 4 833 843 834 2423
12015 4 2 2 4 1613 817 1611 796
12016 4 2 2 4 1603 2387 1546 2416
12017 4 2 2 4 1563 1646 1562 2426
12018 4 2 2 4 1623 1617 86 1619
12019 4 2 2 4 803 805 804 2417
12020 4 2 2 4 80 1472 1480 2397
12021 4 2 2 4 1440 1434 1437 2419
12022 4 2 2 4 1572 1551 1674 2381
12023 4 2 2 4 1434 2372 2402 2419
12024 4 2 2 4 1435 2374 2398 2404
12025 4 2 2 4 792 763 794 2369
12026 4 2 2 4 1552 1548 1607 2405
12027 4 2 2 4 2383 2401 762 2408
12028 4 2 2 4 847 827 846 2426
12029 4 2 2 4 1445 1424 1244 2386
12030 4 2 2 4 1431 1432 1423 2390
12031 4 2 2 4 784 790 824 2373
12032 4 2 2 4 791 803 2401 2417
12033 4 2 2 4 801 2409 793 2425
12034 4 2 2 4 1247 1211 1248 2388
12035 4 2 2 4 1578 1535 1620 2383
12036 4 2 2 4 1469 1492 1478 2390
12037 4 2 2 4 1227 1223 1222 2370
12038 4 2 2 4 2382 2387 2360 2416
12039 4 2 2 4 1431 1528 1644 2390
12040 4 2 2 4 1538 1670 1525 2370
12041 4 2 2 4 1659 1550 1547 2421
12042 4 2 2 4 1229 1231 1230 2386
12043 4 2 2 4 1665 1597 1530 2375
12044 4 2 2 4 1535 2408 2396 2422
12045 4 2 2 4 1666 1569 1658 2415
12046 4 2 2 4 1606 772 1522 1656
12047 4 2 2 4 2364 2391 861 2399
12048 4 2 2 4 762 761 760 2383
12049 4 2 2 4 1606 1465 72 1563
12050 4 2 2 4 1440 1437 1452 2375
12051 4 2 2 4 1509 1448 1568 2374
12052 4 2 2 4 1590 1579 1562 2426
12053 4 2 2 4 1659 1552 1553 2405
12054 4 2 2 4 2361 2392 2379 2400
12055 4 2 2 4 86 771 1623 770
12056 4 2 2 4 1441 1456 1453 2389
12057 4 2 2 4 1661 1645 1657 2384
12058 4 2 2 4 1492 1479 1478 2390
12059 4 2 2 4 1489 2390 1476 2415
12060 4 2 2 4 1574 2401 2383 2408
12061 4 2 2 4 1642 2422 1537 2426
12062 4 2 2 4 1442 1443 2367 2398
12063 4 2 2 4 1476 2390 2366 2415
12064 4 2 2 4 1223 1247 1249 2388
12065 4 2 2 4 776 775 777 2378
12066 4 2 2 4 1556 2403 1580 2423
12067 4 2 2 4 1591 1482 1564 2413
12068 4 2 2 4 782 1481 81 2420
12069 4 2 2 4 1555 2377 1572 2412
12070 4 2 2 4 2359 2389 2367 2398
12071 4 2 2 4 1211 1539 1212 1541
12072 4 2 2 4 1596 1670 1538 2370
12073 4 2 2 4 1572 1516 1614 2377
12074 4 2 2 4 86 1623 1619 770
12075 4 2 2 4 2359 2367 2389 2420
12076 4 2 2 4 78 1499 1471 2379
12077 4 2 2 4 1540 1211 1213 1541
12078 4 2 2 4 865 861 91 2364
12079 4 2 2 4 1602 1614 1517 2406
12080 4 2 2 4 1539 1587 1557 2414
12081 4 2 2 4 791 824 2381 2401
12082 4 2 2 4 1617 86 771 1623
12083 4 2 2 4 1228 1229 1230 2386
12084 4 2 2 4 858 1483 74 2413
12085 4 2 2 4 1449 1568 2374 2404
12086 4 2 2 4 2373 2383 1575 2401
12087 4 2 2 4 1241 1557 1587 2414
12088 4 2 2 4 1247 1223 1227 2388
12089 4 2 2 4 1548 1665 1567 2368
12090 4 2 2 4 1435 1436 1443 2398
12091 4 2 2 4 862 849 848 1656
12092 4 2 2 4 1475 1476 1470 2366
12093 4 2 2 4 772 1606 862 1656
12094 4 2 2 4 791 2401 2381 2417
12095 4 2 2 4 789 2381 2412 2417
12096 4 2 2 4 1213 1248 1544 1215
12097 4 2 2 4 2360 2370 2406 2418
12098 4 2 2 4 1670 2406 2370 2418
12099 4 2 2 4 1578 1501 1579 2394
12100 4 2 2 4 1534 2385 1594 2410
12101 4 2 2 4 1545 1248 1544 1245
12102 4 2 2 4 1431 1423 1528 2390
12103 4 2 2 4 1518 1544 1540 2388
12104 4 2 2 4 1652 1651 1218 2423
12105 4 2 2 4 2361 2400 2368 2405
12106 4 2 2 4 1483 1564 1482 2413
12107 4 2 2 4 790 829 789 2381
12108 4 2 2 4 1657 2392 1505 2400
12109 4 2 2 4 1554 1503 1534 2365
12110 4 2 2 4 1465 1563 1564 1483
12111 4 2 2 4 1595 1597 1596 2418
12112 4 2 2 4 866 783 2382 2407
12113 4 2 2 4 1546 1603 1601 2387
12114 4 2 2 4 1211 1248 1540 1213
12115 4 2 2 4 789 791 2381 2417
12116 4 2 2 4 830 835 829 2412
12117 4 2 2 4 1450 1443 1436 2402
12118 4 2 2 4 1227 2370 1228 2414
12119 4 2 2 4 1212 1216 1539 1211
12120 4 2 2 4 1626 836 807 767
12121 4 2 2 4 1517 2388 1525 2406
12122 4 2 2 4 1429 2372 1434 2419
12123 4 2 2 4 1574 2383 1535 2408
12124 4 2 2 4 1615 1550 2371 2393
12125 4 2 2 4 2365 2385 2379 2392
12126 4 2 2 4 767 1626 836 867
12127 4 2 2 4 96 809 1444 2424
12128 4 2 2 4 1536 2408 1535 2422
12129 4 2 2 4 787 786 788 2367
12130 4 2 2 4 1428 1427 1429 2372
12131 4 2 2 4 1429 1447 1446 2419
12132 4 2 2 4 763 846 2380 2396
12133 4 2 2 4 1653 1619 85 1533
12134 4 2 2 4 1603 2393 1602 2406
12135 4 2 2 4 1601 1603 1602 2406
12136 4 2 2 4 1435 2398 1458 2404
12137 4 2 2 4 2369 2409 2361 2425
12138 4 2 2 4 776 808 95 2372
12139 4 2 2 4 1594 2385 1569 2415
12140 4 2 2 4 1483 1584 1465 1466
12141 4 2 2 4 1439 1484 1441 2389
12142 4 2 2 4 794 793 792 2369
12143 4 2 2 4 73 72 1465 862
12144 4 2 2 4 1567 2374 1568 2404
12145 4 2 2 4 844 1649 1523 1642
12146 4 2 2 4 1499 78 850 851
12147 4 2 2 4 1477 1470 1476 2366
12148 4 2 2 4 1218 1651 1235 2423
12149 4 2 2 4 2362 2409 2405 2421
12150 4 2 2 4 1671 1672 2381 2417
12151 4 2 2 4 1427 1434 1429 2372
12152 4 2 2 4 1613 817 1610 1611
12153 4 2 2 4 1644 2384 1661 2404
12154 4 2 2 4 1564 1591 1531 1482
12155 4 2 2 4 86 1617 771 1217
12156 4 2 2 4 85 1619 1653 770
12157 4 2 2 4 836 1581 1625 1626
12158 4 2 2 4 817 1613 798 796
12159 4 2 2 4 1228 1227 1222 2370
12160 4 2 2 4 1212 1539 1216 1587
12161 4 2 2 4 1610 817 1667 806
12162 4 2 2 4 1606 862 1656 1563
12163 4 2 2 4 96 808 809 2424
12164 4 2 2 4 795 849 845 2426
12165 4 2 2 4 1649 844 1655 1642
12166 4 2 2 4 1674 1582 2412 2417
12167 4 2 2 4 1483 1564 1584 1466
12168 4 2 2 4 1659 1553 1669 2421
12169 4 2 2 4 1609 1608 1574 2401
12170 4 2 2 4 1671 2401 1608 2417
12171 4 2 2 4 1439 812 1438 840
12172 4 2 2 4 1507 1424 234 1425
12173 4 2 2 4 1530 1567 1665 2374
12174 4 2 2 4 1525 1540 1538 2388
12175 4 2 2 4 771 1624 1617 1623
12176 4 2 2 4 1544 1540 1213 1215
12177 4 2 2 4 763 760 761 2383
12178 4 2 2 4 1464 1489 1476 2415
12179 4 2 2 4 805 804 1668 806
12180 4 2 2 4 1621 1507 234 1425
12181 4 2 2 4 1230 1228 2386 2414
12182 4 2 2 4 1246 90 1249 2395
12183 4 2 2 4 1575 1671 1549 2373
12184 4 2 2 4 1549 1639 2373 2421
12185 4 2 2 4 1657 1504 1505 2392
12186 4 2 2 4 1584 1465 1564 1483
12187 4 2 2 4 865 830 831 2377
12188 4 2 2 4 1227 1211 1247 2388
12189 4 2 2 4 851 79 801 2379
12190 4 2 2 4 781 787 788 2367
12191 4 2 2 4 1424 1445 1426 2386
12192 4 2 2 4 2376 2382 2358 2407
12193 4 2 2 4 232 1457 1452 1508
12194 4 2 2 4 1653 1619 1623 770
12195 4 2 2 4 1671 2373 1575 2401
12196 4 2 2 4 1504 1569 1594 2385
12197 4 2 2 4 791 803 837 2401
12198 4 2 2 4 781 2367 788 2420
12199 4 2 2 4 1547 2393 1603 2416
12200 4 2 2 4 1519 1493 1531 1502
12201 4 2 2 4 1249 1247 1248 2388
12202 4 2 2 4 1626 1625 836 867
12203 4 2 2 4 1225 85 1619 1533
12204 4 2 2 4 1249 2388 1248 2395
12205 4 2 2 4 1435 1458 1449 2404
12206 4 2 2 4 778 780 779 2391
12207 4 2 2 4 1570 1460 1459 2415
12208 4 2 2 4 1567 1607 1548 2368
12209 4 2 2 4 800 2397 826 2420
12210 4 2 2 4 1579 2394 1591 2413
12211 4 2 2 4 1466 1483 1564 1482
12212 4 2 2 4 1601 2406 1670 2418
12213 4 2 2 4 1218 1235 1651 1217
12214 4 2 2 4 1615 1614 1602 2393
12215 4 2 2 4 1544 1540 1248 1213
12216 4 2 2 4 1620 1575 1639 2383
12217 4 2 2 4 1494 2394 1493 2410
12218 4 2 2 4 1605 1465 72 1606
12219 4 2 2 4 1555 1556 1516 2403
12220 4 2 2 4 1624 836 1581 1625
12221 4 2 2 4 1549 1671 1551 2381
12222 4 2 2 4 792 784 824 2373
12223 4 2 2 4 836 1624 771 769
12224 4 2 2 4 830 833 835 2403
12225 4 2 2 4 827 828 846 2380
12226 4 2 2 4 72 71 1473 1606
12227 4 2 2 4 1438 813 1451 1454
12228 4 2 2 4 1231 1244 1230 2386
12229 4 2 2 4 1542 1537 1642 2422
12230 4 2 2 4 1459 1475 2385 2415
12231 4 2 2 4 1555 1516 1572 2377
12232 4 2 2 4 1442 1453 1443 2398
12233 4 2 2 4 1472 79 2379 2397
12234 4 2 2 4 763 828 794 2380
12235 4 2 2 4 2359 2397 2376 2420
12236 4 2 2 4 1461 1459 1648 1570
12237 4 2 2 4 788 2376 800 2420
12238 4 2 2 4 1455 1644 1661 2404
12239 4 2 2 4 1615 1550 1551 2371
12240 4 2 2 4 14 13 823 1589
12241 4 2 2 4 1439 1441 1442 2389
12242 4 2 2 4 1551 1614 1615 2371
12243 4 2 2 4 1490 2389 1480 2411
12244 4 2 2 4 1489 1460 1571 1464
12245 4 2 2 4 1672 2412 2381 2417
12246 4 2 2 4 1234 1652 1218 2423
12247 4 2 2 4 1469 1478 1489 2390
12248 4 2 2 4 782 80 1481 2420
12249 4 2 2 4 1485 2394 75 2413
12250 4 2 2 4 789 2412 864 2417
12251 4 2 2 4 1645 1644 1528 2390
12252 4 2 2 4 1451 813 1438 2424
12253 4 2 2 4 1548 2405 1547 2416
12254 4 2 2 4 1540 1544 1643 1215
12255 4 2 2 4 1504 2385 1503 2392
12256 4 2 2 4 1496 1519 1498 1663
12257 4 2 2 4 1643 1213 1540 1215
12258 4 2 2 4 765 764 1662 810
12259 4 2 2 4 770 1623 1653 1513
12260 4 2 2 4 791 824 790 2381
12261 4 2 2 4 1595 233 1457 1425
12262 4 2 2 4 79 851 78 2379
12263 4 2 2 4 91 90 865 1249
12264 4 2 2 4 801 802 793 2409
12265 4 2 2 4 1623 771 1624 769
12266 4 2 2 4 1619 85 86 770
12267 4 2 2 4 789 803 791 2417
12268 4 2 2 4 827 75 2394 2413
12269 4 2 2 4 1233 1232 94 2378
12270 4 2 2 4 1484 1490 1441 2389
12271 4 2 2 4 1569 1666 1571 2415
12272 4 2 2 4 83 24 816 1526
12273 4 2 2 4 1481 1480 1490 2389
12274 4 2 2 4 1456 1458 1453 2398
12275 4 2 2 4 1655 844 798 795
12276 4 2 2 4 1456 2384 1455 2404
12277 4 2 2 4 76 828 827 2394
12278 4 2 2 4 1441 1453 1442 2389
12279 4 2 2 4 1495 1475 1471 2385
12280 4 2 2 4 1456 1430 1431 2384
12281 4 2 2 4 1575 1549 1639 2373
12282 4 2 2 4 1674 1673 1582 2417
12283 4 2 2 4 1663 1534 1594 2410
12284 4 2 2 4 776 777 786 2407
12285 4 2 2 4 1493 1519 1498 1496
12286 4 2 2 4 80 826 2397 2420
12287 4 2 2 4 1222 1224 1232 2378
12288 4 2 2 4 1457 232 1595 1508
12289 4 2 2 4 1574 1575 2383 2401
12290 4 2 2 4 1430 1441 208 1490
12291 4 2 2 4 1556 1580 1641 2423
12292 4 2 2 4 797 761 762 2408
12293 4 2 2 4 1606 1605 1465 1563
12294 4 2 2 4 88 2403 1237 2423
12295 4 2 2 4 1551 1672 1674 2381
12296 4 2 2 4 1650 1649 841 1655
12297 4 2 2 4 762 2401 837 2408
12298 4 2 2 4 1597 2387 1601 2418
12299 4 2 2 4 1647 1596 1538 2414
12300 4 2 2 4 831 830 829 2377
12301 4 2 2 4 845 846 2396 2426
12302 4 2 2 4 1495 1459 1475 2385
12303 4 2 2 4 1469 1421 1423 1529
12304 4 2 2 4 1666 1528 1571 2390
12305 4 2 2 4 1241 1212 1216 1587
12306 4 2 2 4 1619 1617 86 1217
12307 4 2 2 4 1431 1644 1455 2384
12308 4 2 2 4 1446 1242 179 1433
12309 4 2 2 4 1436 1437 1434 2402
12310 4 2 2 4 1671 1608 1672 2417
12311 4 2 2 4 1518 1517 1516 2395
12312 4 2 2 4 770 771 1623 769
12313 4 2 2 4 827 75 76 2394
12314 4 2 2 4 1547 1550 1603 2393
12315 4 2 2 4 1517 1518 1525 2388
12316 4 2 2 4 1606 72 772 862
12317 4 2 2 4 1570 1569 1571 2415
12318 4 2 2 4 1213 1211 1212 1541
12319 4 2 2 4 1424 1426 1425 2386
12320 4 2 2 4 833 2403 88 2423
12321 4 2 2 4 763 761 846 2396
12322 4 2 2 4 1476 1489 1478 2390
12323 4 2 2 4 1570 1640 1460 1571
12324 4 2 2 4 96 95 808 1236
12325 4 2 2 4 71 72 772 1606
12326 4 2 2 4 1460 1464 1459 2415
12327 4 2 2 4 1668 1673 1608 2417
12328 4 2 2 4 1476 1478 1477 2390
12329 4 2 2 4 233 1595 1621 1425
12330 4 2 2 4 858 2413 847 2426
12331 4 2 2 4 227 1431 1423 1528
12332 4 2 2 4 1472 78 1471 2379
12333 4 2 2 4 231 1448 1509 1452
12334 4 2 2 4 1479 1430 208 1490
12335 4 2 2 4 1535 1578 1590 2396
12336 4 2 2 4 1595 1508 1597 2375
12337 4 2 2 4 1451 809 813 2424
12338 4 2 2 4 1637 1234 1638 1652
12339 4 2 2 4 1477 1480 1470 2411
12340 4 2 2 4 1557 1241 1587 1506
12341 4 2 2 4 772 773 71 1606
12342 4 2 2 4 1674 2381 1672 2412
12343 4 2 2 4 1491 1460 1640 1571
12344 4 2 2 4 1665 1546 1597 2387
12345 4 2 2 4 1509 1568 1530 2374
12346 4 2 2 4 846 828 763 2380
12347 4 2 2 4 866 2376 788 2407
12348 4 2 2 4 845 2396 761 2422
12349 4 2 2 4 1555 1572 1674 2412
12350 4 2 2 4 1579 1502 1591 2394
12351 4 2 2 4 1624 836 1625 1627
12352 4 2 2 4 89 830 90 2403
12353 4 2 2 4 1530 1597 1508 2375
12354 4 2 2 4 1535 2396 1537 2422
12355 4 2 2 4 1583 1463 1498 1663
12356 4 2 2 4 1246 89 90 2403
12357 4 2 2 4 764 19 1662 20
12358 4 2 2 4 1534 1503 1594 2385
12359 4 2 2 4 1456 1455 1458 2404
12360 4 2 2 4 1555 1580 1556 2403
12361 4 2 2 4 79 1472 80 2397
12362 4 2 2 4 1621 1596 1647 2386
12363 4 2 2 4 1236 1444 181 1428
12364 4 2 2 4 1503 1504 1594 2385
12365 4 2 2 4 1574 1575 1535 2383
12366 4 2 2 4 1545 1250 1248 1245
12367 4 2 2 4 1567 1530 1568 2374
12368 4 2 2 4 836 1624 769 1627
12369 4 2 2 4 180 1236 1428 1433
12370 4 2 2 4 1642 1537 1646 2426
12371 4 2 2 4 1568 1449 229 2404
12372 4 2 2 4 1496 1463 1461 1663
12373 4 2 2 4 1670 1601 1602 2406
12374 4 2 2 4 1449 1568 230 1448
12375 4 2 2 4 1472 79 78 2379
12376 4 2 2 4 1623 770 769 1513
12377 4 2 2 4 1543 1638 1545 1245
12378 4 2 2 4 1216 1227 1228 2414
12379 4 2 2 4 73 74 858 1483
12380 4 2 2 4 1222 1223 1224 2399
12381 4 2 2 4 1618 1218 1651 1217
12382 4 2 2 4 837 762 791 2401
12383 4 2 2 4 1619 86 85 1225
12384 4 2 2 4 1644 1431 227 1528
12385 4 2 2 4 1564 1563 1465 1584
12386 4 2 2 4 1645 1528 1666 2390
12387 4 2 2 4 1546 1601 1597 2387
12388 4 2 2 4 771 87 86 1217
12389 4 2 2 4 1444 181 96 1236
12390 4 2 2 4 1496 1498 1463 1663
12391 4 2 2 4 1248 1245 1246 2395
12392 4 2 2 4 1541 1213 1540 1643
12393 4 2 2 4 1570 1594 1569 2415
12394 4 2 2 4 1559 1626 767 867
12395 4 2 2 4 1602 1517 1525 2406
12396 4 2 2 4 1218 1234 1637 1652
12397 4 2 2 4 1607 1657 1505 2400
12398 4 2 2 4 229 1455 1661 2404
12399 4 2 2 4 1232 1224 94 2378
12400 4 2 2 4 798 1649 844 1655
12401 4 2 2 4 1574 1535 1536 2408
12402 4 2 2 4 1604 71 773 1606
12403 4 2 2 4 1605 72 1473 1606
12404 4 2 2 4 1432 1430 209 1479
12405 4 2 2 4 775 776 94 2378
12406 4 2 2 4 1611 2408 1536 2422
12407 4 2 2 4 1524 1522 848 1523
12408 4 2 2 4 845 761 797 2422
12409 4 2 2 4 1460 1491 1489 1571
12410 4 2 2 4 845 847 846 2426
12411 4 2 2 4 1536 1535 1537 2422
12412 4 2 2 4 1459 1461 1460 1570
12413 4 2 2 4 789 829 864 2412
12414 4 2 2 4 1564 1531 1466 1482
12415 4 2 2 4 1567 1568 1661 2404
12416 4 2 2 4 796 797 2408 2422
12417 4 2 2 4 1552 1547 1548 2405
12418 4 2 2 4 845 2396 2422 2426
12419 4 2 2 4 867 1512 1559 1627
12420 4 2 2 4 789 791 790 2381
12421 4 2 2 4 1450 2402 1434 2424
12422 4 2 2 4 1640 1511 1491 1571
12423 4 2 2 4 788 866 800 2376
12424 4 2 2 4 798 841 1649 1655
12425 4 2 2 4 229 1449 1455 2404
12426 4 2 2 4 79 80 826 2397
12427 4 2 2 4 866 777 783 2407
12428 4 2 2 4 841 798 1650 1655
12429 4 2 2 4 817 814 1667 806
12430 4 2 2 4 1448 1568 230 1509
12431 4 2 2 4 1653 770 1513 799
12432 4 2 2 4 856 764 854 1633
12433 4 2 2 4 1674 1582 1580 2412
12434 4 2 2 4 803 864 805 2417
12435 4 2 2 4 1562 1564 1563 2413
12436 4 2 2 4 1565 1668 1667 806
12437 4 2 2 4 1546 1548 1547 2416
12438 4 2 2 4 75 1494 76 2394
12439 4 2 2 4 1490 1441 207 1484
12440 4 2 2 4 89 1246 1237 2403
12441 4 2 2 4 1549 1550 1639 2421
12442 4 2 2 4 1231 1242 179 1446
12443 4 2 2 4 806 768 1565 767
12444 4 2 2 4 1544 1518 1543 2395
12445 4 2 2 4 1431 1455 1456 2384
12446 4 2 2 4 1484 1441 207 1439
12447 4 2 2 4 814 1635 1610 1667
12448 4 2 2 4 782 781 788 2420
12449 4 2 2 4 94 93 775 2378
12450 4 2 2 4 824 791 762 2401
12451 4 2 2 4 764 19 765 1662
12452 4 2 2 4 1494 1493 1496 2410
12453 4 2 2 4 1511 1489 1491 1571
12454 4 2 2 4 842 1649 1523 844
12455 4 2 2 4 768 1565 1667 806
12456 4 2 2 4 787 808 786 2424
12457 4 2 2 4 1225 1619 86 1217
12458 4 2 2 4 1648 1461 1463 1663
12459 4 2 2 4 863 792 793 2409
12460 4 2 2 4 1452 1509 231 1508
12461 4 2 2 4 1661 1644 1645 2384
12462 4 2 2 4 1522 848 1523 1656
12463 4 2 2 4 1635 1613 817 1610
12464 4 2 2 4 1236 180 1242 1433
12465 4 2 2 4 1511 1529 1489 1571
12466 4 2 2 4 769 1624 1623 1627
12467 4 2 2 4 1625 1626 1559 867
12468 4 2 2 4 1613 798 818 817
12469 4 2 2 4 1610 817 814 1667
12470 4 2 2 4 1648 1664 1461 1570
12471 4 2 2 4 1579 1591 1562 2413
12472 4 2 2 4 1485 1494 75 2394
12473 4 2 2 4 209 1492 1432 1479
12474 4 2 2 4 826 801 79 2397
12475 4 2 2 4 1488 1482 1531 1493
12476 4 2 2 4 1663 1500 1534 2410
12477 4 2 2 4 1671 1672 1551 2381
12478 4 2 2 4 1450 1434 1427 2424
12479 4 2 2 4 1553 1505 1503 2392
12480 4 2 2 4 94 1224 93 2378
12481 4 2 2 4 809 787 813 2424
12482 4 2 2 4 1583 1498 1519 1663
12483 4 2 2 4 89 1237 88 2403
12484 4 2 2 4 229 1661 1455 1644
12485 4 2 2 4 788 800 826 2420
12486 4 2 2 4 1647 1507 1621 2386
12487 4 2 2 4 1438 1450 1451 2424
12488 4 2 2 4 767 768 1565 1559
12489 4 2 2 4 1537 2422 2396 2426
12490 4 2 2 4 767 1565 1626 1559
12491 4 2 2 4 1512 1559 766 867
12492 4 2 2 4 80 782 826 2420
12493 4 2 2 4 1590 1537 2396 2426
12494 4 2 2 4 1652 1637 1218 1651
12495 4 2 2 4 1240 1245 1638 1234
12496 4 2 2 4 812 1438 825 813
12497 4 2 2 4 1651 1617 1618 1217
12498 4 2 2 4 1661 1568 229 2404
12499 4 2 2 4 1670 1602 1525 2406
12500 4 2 2 4 833 89 88 2403
12501 4 2 2 4 825 1438 812 840
12502 4 2 2 4 1493 1531 1488 1519
12503 4 2 2 4 1486 1511 1489 1491
12504 4 2 2 4 1484 1481 1490 2389
12505 4 2 2 4 1674 2412 1672 2417
12506 4 2 2 4 1542 1611 1536 2422
12507 4 2 2 4 1536 1611 1609 2408
12508 4 2 2 4 1518 1540 1525 2388
12509 4 2 2 4 1238 1241 1221 1506
12510 4 2 2 4 24 83 2 1526
12511 4 2 2 4 1490 1480 1479 2411
12512 4 2 2 4 1451 1444 809 2424
12513 4 2 2 4 1635 1613 818 817
12514 4 2 2 4 1468 1510 1421 1529
12515 4 2 2 4 1574 1608 1671 2401
12516 4 2 2 4 1221 1244 177 1424
12517 4 2 2 4 1535 1575 1620 2383
12518 4 2 2 4 1579 1501 1502 2394
12519 4 2 2 4 1528 1423 226 1529
12520 4 2 2 4 1619 1225 1618 1217
12521 4 2 2 4 1516 1543 1518 2395
12522 4 2 2 4 1529 1486 1511 1489
12523 4 2 2 4 868 92 861 2399
12524 4 2 2 4 1459 1464 1475 2415
12525 4 2 2 4 1602 1603 1615 2393
12526 4 2 2 4 1587 1241 1238 1506
12527 4 2 2 4 1659 1547 1552 2405
12528 4 2 2 4 843 833 88 2423
12529 4 2 2 4 1470 1472 1471 2379
12530 4 2 2 4 1512 867 769 1627
12531 4 2 2 4 864 829 835 2412
12532 4 2 2 4 1445 1231 178 1446
12533 4 2 2 4 864 803 789 2417
12534 4 2 2 4 1224 1223 92 2399
12535 4 2 2 4 1562 1591 1564 2413
12536 4 2 2 4 1234 1638 1240 1637
12537 4 2 2 4 1537 1535 1590 2396
12538 4 2 2 4 74 1483 1482 2413
12539 4 2 2 4 1523 848 842 844
12540 4 2 2 4 1561 1221 1422 1506
12541 4 2 2 4 1500 1501 1534 2410
12542 4 2 2 4 74 847 858 2413
12543 4 2 2 4 1613 1650 798 1655
12544 4 2 2 4 1238 1221 1561 1506
12545 4 2 2 4 1550 1615 1603 2393
12546 4 2 2 4 1469 1468 1421 1529
12547 4 2 2 4 1421 226 1423 1529
12548 4 2 2 4 766 1512 867 769
12549 4 2 2 4 21 764 856 1633
12550 4 2 2 4 868 93 92 2399
12551 4 2 2 4 1234 1218 1235 2423
12552 4 2 2 4 1523 848 1524 842
12553 4 2 2 4 1662 20 1633 764
12554 4 2 2 4 1228 1241 1216 2414
12555 4 2 2 4 1230 1241 1228 2414
12556 4 2 2 4 178 1231 1445 1244
12557 4 2 2 4 1563 1605 1465 1584
12558 4 2 2 4 846 761 845 2396
12559 4 2 2 4 780 861 785 2391
12560 4 2 2 4 773 1586 1604 1606
12561 4 2 2 4 800 801 826 2397
12562 4 2 2 4 768 1667 814 806
12563 4 2 2 4 867 1559 1625 1627
12564 4 2 2 4 1610 817 1635 814
12565 4 2 2 4 782 788 826 2420
12566 4 2 2 4 92 1223 1251 2399
12567 4 2 2 4 798 818 841 1650
12568 4 2 2 4 1460 1461 1664 1570
12569 4 2 2 4 74 827 847 2413
12570 4 2 2 4 1473 1465 72 1605
12571 4 2 2 4 1450 1436 1434 2402
12572 4 2 2 4 1531 1566 1564 1466
12573 4 2 2 4 1249 1248 1246 2395
12574 4 2 2 4 1649 842 798 844
12575 4 2 2 4 1245 1638 1636 1240
12576 4 2 2 4 817 818 1635 814
12577 4 2 2 4 1586 773 772 1606
12578 4 2 2 4 1495 1497 1496 2410
12579 4 2 2 4 848 1522 774 772
12580 4 2 2 4 1520 1488 1531 1519
12581 4 2 2 4 1618 1617 1619 1217
12582 4 2 2 4 1443 1458 1435 2398
12583 4 2 2 4 1458 1455 1449 2404
12584 4 2 2 4 786 866 788 2407
12585 4 2 2 4 1245 1638 1545 1636
12586 4 2 2 4 1463 1583 1648 1663
12587 4 2 2 4 1233 94 95 776
12588 4 2 2 4 1429 1434 1440 2419
12589 4 2 2 4 1479 1480 1477 2411
12590 4 2 2 4 1580 1555 1674 2412
12591 4 2 2 4 1494 1485 1493 2394
12592 4 2 2 4 1505 1504 1503 2392
12593 4 2 2 4 833 830 89 2403
12594 4 2 2 4 1427 1444 1451 2424
12595 4 2 2 4 1597 1601 1596 2418
12596 4 2 2 4 1547 1603 1546 2416
12597 4 2 2 4 1429 1440 1447 2419
12598 4 2 2 4 1469 1486 1529 1489
12599 4 2 2 4 1469 1423 210 1492
12600 4 2 2 4 808 787 809 2424
12601 4 2 2 4 1639 1659 1669 2421
12602 4 2 2 4 1558 1565 1667 768
12603 4 2 2 4 93 1224 92 2399
12604 4 2 2 4 78 77 1499 850
12605 4 2 2 4 774 1522 848 1524
12606 4 2 2 4 1531 1466 1482 1488
12607 4 2 2 4 75 74 1485 2413
12608 4 2 2 4 1215 1544 1643 1545
12609 4 2 2 4 1455 1431 228 1644
12610 4 2 2 4 1439 206 82 840
12611 4 2 2 4 1513 770 769 799
12612 4 2 2 4 1520 1488 1519 1521
12613 4 2 2 4 851 801 793 2425
12614 4 2 2 4 75 827 74 2413
12615 4 2 2 4 1218 1234 1240 1637
12616 4 2 2 4 1241 1243 1212 1587
12617 4 2 2 4 778 861 780 2391
12618 4 2 2 4 849 858 847 2426
12619 4 2 2 4 1650 798 818 1613
12620 4 2 2 4 842 841 1649 798
12621 4 2 2 4 1639 1550 1659 2421
12622 4 2 2 4 819 23 1660 1573
12623 4 2 2 4 1461 1463 1664 1648
12624 4 2 2 4 856 1632 21 1633
12625 4 2 2 4 74 1482 1485 2413
12626 4 2 2 4 852 1598 1649 841
12627 4 2 2 4 1443 1453 1458 2398
12628 4 2 2 4 1510 1468 1486 1529
12629 4 2 2 4 1422 1221 176 1424
12630 4 2 2 4 1469 1486 1468 1529
12631 4 2 2 4 1539 1593 1212 1541
12632 4 2 2 4 1522 1586 774 772
12633 4 2 2 4 1674 1672 1673 2417
12634 4 2 2 4 1633 854 853 764
12635 4 2 2 4 15 14 839 1622
12636 4 2 2 4 1464 1476 1475 2415
12637 4 2 2 4 230 229 1568 1449
12638 4 2 2 4 772 1522 1586 1606
12639 4 2 2 4 88 1237 1234 2423
12640 4 2 2 4 1618 1219 1218 1217
12641 4 2 2 4 1225 1219 1618 1217
12642 4 2 2 4 1448 230 231 1509
12643 4 2 2 4 1590 1562 1537 2426
12644 4 2 2 4 1619 1225 1532 1618
12645 4 2 2 4 1221 177 176 1424
12646 4 2 2 4 813 809 1451 1454
12647 4 2 2 4 1438 5 1439 840
12648 4 2 2 4 845 849 847 2426
12649 4 2 2 4 793 802 863 2409
12650 4 2 2 4 767 766 1559 867
12651 4 2 2 4 1649 1523 1524 842
12652 4 2 2 4 1226 1654 85 1533
12653 4 2 2 4 1235 88 1234 2423
12654 4 2 2 4 814 822 1635 1616
12655 4 2 2 4 1463 1583 1664 1648
12656 4 2 2 4 1558 1667 814 768
12657 4 2 2 4 1623 769 1627 1513
12658 4 2 2 4 233 232 1595 1457
12659 4 2 2 4 1662 1630 19 765
12660 4 2 2 4 1647 1538 1557 2414
12661 4 2 2 4 1653 1654 799 1515
12662 4 2 2 4 841 1598 1649 1650
12663 4 2 2 4 822 1635 818 814
12664 4 2 2 4 1244 1445 177 1424
12665 4 2 2 4 1441 207 208 1490
12666 4 2 2 4 1673 1672 1608 2417
12667 4 2 2 4 1218 1239 1219 1618
12668 4 2 2 4 1466 1531 1566 1488
12669 4 2 2 4 855 841 818 1650
12670 4 2 2 4 1497 1494 1496 2410
12671 4 2 2 4 777 866 786 2407
12672 4 2 2 4 768 767 766 1559
12673 4 2 2 4 1653 85 1654 1533
12674 4 2 2 4 799 1654 84 1515
12675 4 2 2 4 1556 1641 1652 2423
12676 4 2 2 4 1492 1423 210 1432
12677 4 2 2 4 1438 61 5 840
12678 4 2 2 4 1640 1460 1664 1570
12679 4 2 2 4 1542 1536 1537 2422
12680 4 2 2 4 1653 1654 85 799
12681 4 2 2 4 1498 1519 1488 1521
12682 4 2 2 4 1212 1593 1539 1587
12683 4 2 2 4 796 797 837 2408
12684 4 2 2 4 832 1512 769 1513
12685 4 2 2 4 1601 1670 1596 2418
12686 4 2 2 4 1423 211 1421 1469
12687 4 2 2 4 1451 1450 1427 2424
12688 4 2 2 4 1488 1493 1519 1498
12689 4 2 2 4 1651 1637 1218 1618
12690 4 2 2 4 61 1438 825 840
12691 4 2 2 4 823 13 1577 1589
12692 4 2 2 4 1541 1214 1213 1643
12693 4 2 2 4 1431 227 228 1644
12694 4 2 2 4 1613 1635 822 1629
12695 4 2 2 4 1598 1649 1524 852
12696 4 2 2 4 206 82 1484 1439
12697 4 2 2 4 1498 1488 218 1521
12698 4 2 2 4 85 1225 1226 1533
12699 4 2 2 4 766 1512 769 832
12700 4 2 2 4 1536 1609 1574 2408
12701 4 2 2 4 1641 1651 1652 2423
12702 4 2 2 4 225 1421 1510 1529
12703 4 2 2 4 210 211 1423 1469
12704 4 2 2 4 1605 1467 1465 1584
12705 4 2 2 4 1635 814 1616 1558
12706 4 2 2 4 796 795 797 2422
12707 4 2 2 4 234 233 1621 1425
12708 4 2 2 4 1635 818 1613 822
12709 4 2 2 4 208 209 1430 1479
12710 4 2 2 4 770 1653 85 799
12711 4 2 2 4 782 80 81 1481
12712 4 2 2 4 832 1513 1515 1514
12713 4 2 2 4 226 227 1423 1528
12714 4 2 2 4 1654 84 85 799
12715 4 2 2 4 1650 818 855 1629
12716 4 2 2 4 234 235 1424 1507
12717 4 2 2 4 1219 1532 1225 1618
12718 4 2 2 4 1438 825 813 1454
12719 4 2 2 4 1664 216 1463 1462
12720 4 2 2 4 848 774 1524 842
12721 4 2 2 4 1238 182 183 1588
12722 4 2 2 4 5 82 206 840
12723 4 2 2 4 1245 1545 1250 1636
12724 4 2 2 4 1574 1671 1575 2401
12725 4 2 2 4 231 232 1452 1508
12726 4 2 2 4 818 1650 1613 1629
12727 4 2 2 4 832 1513 799 1515
12728 4 2 2 4 797 762 837 2408
12729 4 2 2 4 1455 228 229 1644
12730 4 2 2 4 1561 1221 1220 1422
12731 4 2 2 4 814 1635 1667 1558
12732 4 2 2 4 185 184 1593 1214
12733 4 2 2 4 1560 768 853 1559
12734 4 2 2 4 1627 769 1512 1513
12735 4 2 2 4 1238 1561 1587 1506
12736 4 2 2 4 1649 852 841 842
12737 4 2 2 4 1537 1562 1646 2426
12738 4 2 2 4 1515 1654 84 1527
12739 4 2 2 4 1511 1510 1486 1529
12740 4 2 2 4 1622 14 823 1589
12741 4 2 2 4 1439 5 206 840
12742 4 2 2 4 839 15 1622 859
12743 4 2 2 4 1664 1462 1460 1640
12744 4 2 2 4 1468 1421 212 1469
12745 4 2 2 4 1636 1250 1245 1240
12746 4 2 2 4 1239 1218 1637 1618
12747 4 2 2 4 236 235 1561 1422
12748 4 2 2 4 1510 1421 225 1468
12749 4 2 2 4 1214 1213 1593 1541
12750 4 2 2 4 1560 1558 768 1559
12751 4 2 2 4 1664 1462 1461 1460
12752 4 2 2 4 852 1649 1524 842
12753 4 2 2 4 1532 189 1219 190
12754 4 2 2 4 1628 811 1630 1629
12755 4 2 2 4 1524 859 1600 852
12756 4 2 2 4 1583 216 1463 1664
12757 4 2 2 4 768 1558 1565 1559
12758 4 2 2 4 1484 207 206 1439
12759 4 2 2 4 1220 1221 175 1422
12760 4 2 2 4 1566 219 220 1487
12761 4 2 2 4 850 851 794 2425
12762 4 2 2 4 1213 1212 1593 1541
12763 4 2 2 4 1236 181 180 1428
12764 4 2 2 4 819 1660 1515 1573
12765 4 2 2 4 822 818 1613 1629
12766 4 2 2 4 1474 71 1604 1473
12767 4 2 2 4 1616 814 822 810
12768 4 2 2 4 1240 1250 187 1636
12769 4 2 2 4 218 1498 1521 217
12770 4 2 2 4 1564 1566 1584 1466
12771 4 2 2 4 1587 1241 1243 1238
12772 4 2 2 4 794 851 793 2425
12773 4 2 2 4 70 71 773 1576
12774 4 2 2 4 1538 1539 1557 2414
12775 4 2 2 4 235 1561 1422 1506
12776 4 2 2 4 215 216 1664 1462
12777 4 2 2 4 1515 84 799 815
12778 4 2 2 4 1637 189 1239 1618
12779 4 2 2 4 774 859 1524 852
12780 4 2 2 4 822 855 818 1629
12781 4 2 2 4 1604 773 71 1576
12782 4 2 2 4 839 1585 774 859
12783 4 2 2 4 1462 1664 215 1640
12784 4 2 2 4 1598 1524 1600 852
12785 4 2 2 4 1421 211 212 1469
12786 4 2 2 4 1239 188 189 1637
12787 4 2 2 4 1584 1467 1465 1466
12788 4 2 2 4 832 1515 815 1514
12789 4 2 2 4 799 1513 1653 1515
12790 4 2 2 4 1635 822 1629 1616
12791 4 2 2 4 1467 221 220 1584
12792 4 2 2 4 1214 1593 185 1643
12793 4 2 2 4 1231 179 178 1446
12794 4 2 2 4 860 1599 1600 1598
12795 4 2 2 4 819 24 1573 816
12796 4 2 2 4 1473 1467 1465 1605
12797 4 2 2 4 183 184 1243 1592
12798 4 2 2 4 1451 809 62 1454
12799 4 2 2 4 809 813 62 1454
12800 4 2 2 4 1560 1662 764 810
12801 4 2 2 4 852 1524 774 842
12802 4 2 2 4 815 1515 84 1527
12803 4 2 2 4 1593 1212 1243 1587
12804 4 2 2 4 1650 855 1634 1629
12805 4 2 2 4 814 1616 1558 810
12806 4 2 2 4 1616 822 811 810
12807 4 2 2 4 1515 799 832 815
12808 4 2 2 4 816 1573 1515 1527
12809 4 2 2 4 764 853 1560 810
12810 4 2 2 4 69 224 70 1577
12811 4 2 2 4 1561 1221 1238 1220
12812 4 2 2 4 1220 175 236 1422
12813 4 2 2 4 853 768 1560 810
12814 4 2 2 4 1514 815 832 838
12815 4 2 2 4 18 17 857 1628
12816 4 2 2 4 1629 822 811 1616
12817 4 2 2 4 221 1467 1605 1584
12818 4 2 2 4 193 84 192 1527
12819 4 2 2 4 1463 1664 1462 1461
12820 4 2 2 4 1599 16 860 1600
12821 4 2 2 4 1586 773 774 772
12822 4 2 2 4 189 1532 1219 1618
12823 4 2 2 4 193 83 84 1527
12824 4 2 2 4 217 216 1463 1583
12825 4 2 2 4 1219 1239 189 1618
12826 4 2 2 4 825 1438 61 1454
12827 4 2 2 4 795 845 797 2422
12828 4 2 2 4 1520 218 1488 1521
12829 4 2 2 4 768 1558 1560 810
12830 4 2 2 4 1532 1225 190 1219
12831 4 2 2 4 1600 860 1598 852
12832 4 2 2 4 1515 815 1514 1660
12833 4 2 2 4 1522 774 1586 1524
12834 4 2 2 4 1587 183 1243 1592
12835 4 2 2 4 769 832 1513 799
12836 4 2 2 4 1226 1225 191 1533
12837 4 2 2 4 1586 773 1604 1576
12838 4 2 2 4 856 1632 854 838
12839 4 2 2 4 1577 223 70 1576
12840 4 2 2 4 1586 821 1585 774
12841 4 2 2 4 816 815 84 1527
12842 4 2 2 4 768 814 1558 810
12843 4 2 2 4 1662 1633 1560 764
12844 4 2 2 4 1638 1636 1240 1637
12845 4 2 2 4 1512 766 854 832
12846 4 2 2 4 1421 212 225 1468
12847 4 2 2 4 1634 1628 857 1599
12848 4 2 2 4 191 1654 1226 1533
12849 4 2 2 4 839 1585 821 774
12850 4 2 2 4 1213 1593 1212 1214
12851 4 2 2 4 1629 811 1630 1616
12852 4 2 2 4 1514 832 854 838
12853 4 2 2 4 218 1488 219 1520
12854 4 2 2 4 176 175 1221 1422
12855 4 2 2 4 236 1561 1220 1422
12856 4 2 2 4 815 1514 1660 838
12857 4 2 2 4 1593 1214 1541 1643
12858 4 2 2 4 1474 1604 222 1473
12859 4 2 2 4 1585 1589 821 1586
12860 4 2 2 4 224 223 70 1577
12861 4 2 2 4 184 1243 1592 1214
12862 4 2 2 4 813 825 61 1454
12863 4 2 2 4 1451 62 809 1444
12864 4 2 2 4 1654 192 191 1226
12865 4 2 2 4 1616 811 1630 810
12866 4 2 2 4 1242 180 179 1433
12867 4 2 2 4 1559 853 1560 1631
12868 4 2 2 4 182 10 1561 1220
12869 4 2 2 4 768 766 853 1559
12870 4 2 2 4 1513 832 1512 1514
12871 4 2 2 4 1240 1636 188 1637
12872 4 2 2 4 17 857 1628 1599
12873 4 2 2 4 821 1586 773 774
12874 4 2 2 4 1632 21 22 856
12875 4 2 2 4 1604 222 223 1474
12876 4 2 2 4 85 84 1654 1226
12877 4 2 2 4 1491 1462 215 1640
12878 4 2 2 4 1473 1604 222 1605
12879 4 2 2 4 1588 1561 1587 1238
12880 4 2 2 4 223 1604 1474 1576
12881 4 2 2 4 1631 853 1560 1633
12882 4 2 2 4 1421 225 226 1529
12883 4 2 2 4 860 17 16 1599
12884 4 2 2 4 1587 183 1588 1243
12885 4 2 2 4 1521 1498 1519 1583
12886 4 2 2 4 1585 1586 774 1524
12887 4 2 2 4 224 69 1 1577
12888 4 2 2 4 1589 821 1586 1576
12889 4 2 2 4 1515 815 1660 819
12890 4 2 2 4 855 1634 857 1599
12891 4 2 2 4 821 820 70 1576
12892 4 2 2 4 1487 1466 1566 1488
12893 4 2 2 4 1515 815 1573 816
12894 4 2 2 4 1474 70 223 1576
12895 4 2 2 4 1628 1634 855 1629
12896 4 2 2 4 10 236 1561 1220
12897 4 2 2 4 1515 815 816 1527
12898 4 2 2 4 24 23 819 1573
12899 4 2 2 4 22 23 1660 838
12900 4 2 2 4 1598 860 855 852
12901 4 2 2 4 20 21 1633 764
12902 4 2 2 4 1643 1214 1213 1215
12903 4 2 2 4 1514 854 1632 838
12904 4 2 2 4 1560 1616 1662 810
12905 4 2 2 4 765 1630 811 810
12906 4 2 2 4 1631 854 853 1633
12907 4 2 2 4 1460 1462 1491 1640
12908 4 2 2 4 860 1600 859 852
12909 4 2 2 4 1225 190 191 1532
12910 4 2 2 4 766 1512 854 1631
12911 4 2 2 4 852 855 1598 841
12912 4 2 2 4 838 23 1660 819
12913 4 2 2 4 16 860 1600 859
12914 4 2 2 4 61 62 813 1454
12915 4 2 2 4 18 811 765 1630
12916 4 2 2 4 1515 815 819 1573
12917 4 2 2 4 96 6 181 1444
12918 4 2 2 4 1487 1566 219 1488
12919 4 2 2 4 773 821 70 1576
12920 4 2 2 4 857 1628 1634 855
12921 4 2 2 4 1491 215 214 1640
12922 4 2 2 4 1512 854 1631 1514
12923 4 2 2 4 217 1498 1521 1583
12924 4 2 2 4 1488 1566 219 1520
12925 4 2 2 4 1473 222 221 1605
12926 4 2 2 4 1588 1587 1243 1238
12927 4 2 2 4 857 17 860 1599
12928 4 2 2 4 1631 1632 856 1633
12929 4 2 2 4 854 1512 832 1514
12930 4 2 2 4 1643 186 185 1215
12931 4 2 2 4 185 1214 1643 1215
12932 4 2 2 4 6 96 809 1444
12933 4 2 2 4 186 1250 1545 1636
12934 4 2 2 4 62 6 809 1444
12935 4 2 2 4 221 1467 1473 1605
12936 4 2 2 4 1498 217 1463 1583
12937 4 2 2 4 773 1586 821 1576
12938 4 2 2 4 15 16 1600 859
12939 4 2 2 4 1532 191 1225 1533
12940 4 2 2 4 1512 766 1559 1631
12941 4 2 2 4 1243 1592 1593 1587
12942 4 2 2 4 214 1511 1491 1640
12943 4 2 2 4 69 13 1 1577
12944 4 2 2 4 820 13 1577 823
12945 4 2 2 4 766 853 1559 1631
12946 4 2 2 4 192 84 1654 1527
12947 4 2 2 4 1632 1631 854 1514
12948 4 2 2 4 1584 1566 220 1487
12949 4 2 2 4 1660 1632 22 838
12950 4 2 2 4 1558 1616 1560 810
12951 4 2 2 4 1527 816 1573 1526
12952 4 2 2 4 860 855 857 1599
12953 4 2 2 4 1240 1239 1218 1637
12954 4 2 2 4 856 22 1632 838
12955 4 2 2 4 1488 1531 1566 1520
12956 4 2 2 4 1511 1486 214 1491
12957 4 2 2 4 1585 839 1622 859
12958 4 2 2 4 1250 186 187 1636
12959 4 2 2 4 855 811 1628 1629
12960 4 2 2 4 214 213 1486 1511
12961 4 2 2 4 822 811 855 1629
12962 4 2 2 4 811 1630 18 1628
12963 4 2 2 4 1662 1616 1630 765
12964 4 2 2 4 1566 1584 1466 1487
12965 4 2 2 4 1592 1593 184 1214
12966 4 2 2 4 1577 69 13 820
12967 4 2 2 4 1588 1243 183 1238
12968 4 2 2 4 1654 84 192 1226
12969 4 2 2 4 1600 1585 1622 859
12970 4 2 2 4 188 187 1636 1240
12971 4 2 2 4 1628 857 811 855
12972 4 2 2 4 1466 1584 1467 1487
12973 4 2 2 4 816 84 83 1527
12974 4 2 2 4 1239 1240 188 1637
12975 4 2 2 4 1660 1514 1632 838
12976 4 2 2 4 857 811 18 1628
12977 4 2 2 4 1600 1622 15 859
12978 4 2 2 4 1243 1593 1592 1214
12979 4 2 2 4 838 1660 815 819
12980 4 2 2 4 853 766 854 1631
12981 4 2 2 4 24 1573 816 1526
12982 4 2 2 4 1510 9 213 1468
12983 4 2 2 4 210 209 1492 1432
12984 4 2 2 4 1622 823 14 839
12985 4 2 2 4 854 1631 856 1633
12986 4 2 2 4 820 1577 70 1576
12987 4 2 2 4 821 1589 820 1576
12988 4 2 2 4 765 1616 1630 810
12989 4 2 2 4 1633 853 1560 764
12990 4 2 2 4 236 10 175 1220
12991 4 2 2 4 1243 1212 1593 1214
12992 4 2 2 4 1445 177 178 1244
12993 4 2 2 4 1622 839 1585 1589
12994 4 2 2 4 765 1662 1616 810
12995 4 2 2 4 70 69 1577 820
12996 4 2 2 4 1532 1225 1619 1533
12997 4 2 2 4 1577 820 823 1589
12998 4 2 2 4 83 193 2 1526
12999 4 2 2 4 1486 213 1510 1511
13000 4 2 2 4 1630 18 19 765
13001 4 2 2 4 854 1631 1632 856
13002 4 2 2 4 1584 220 1467 1487
13003 4 2 2 4 1577 820 1589 1576
13004 4 2 2 4 1468 213 1510 1486
13005 4 2 2 4 839 1585 1589 821
13006 4 2 2 4 182 1588 1238 1220
13007 4 2 2 4 815 819 1573 816
13008 4 2 2 4 1589 820 823 821
13009 4 2 2 4 193 83 1527 1526
13010 4 2 2 4 1588 182 1561 1220
13011 4 2 2 4 839 1622 823 1589
13012 4 2 2 4 83 816 1527 1526
13013 4 2 2 4 1238 1588 1561 1220
13014 4 2 2 4 823 839 1589 821
13015 4 2 2 4 2398 2368 2404 2374
13016 4 2 2 4 2398 2404 2368 2359
13017 4 2 2 4 76 2410 828 2394
13018 4 2 2 4 76 828 2410 2365
13019 4 2 2 4 2380 828 2410 2394
13020 4 2 2 4 2380 2410 828 2365
13021 4 2 2 4 1502 2410 1501 1500
13022 4 2 2 4 1501 2410 1502 2394
13023 4 2 2 4 2392 2405 2400 2361
13024 4 2 2 4 2400 2405 2392 1505
13025 4 2 2 4 1507 2414 1647 1557
13026 4 2 2 4 1647 2414 1507 2386
13027 4 2 2 4 2384 2400 1645 1657
13028 4 2 2 4 2384 1645 2400 2366
13029 4 2 2 4 1658 1645 2400 1657
13030 4 2 2 4 1658 2400 1645 2366
13031 4 2 2 4 2423 1237 1638 2403
13032 4 2 2 4 2423 1638 1237 1234
13033 4 2 2 4 2390 1658 2415 1666
13034 4 2 2 4 2390 2415 1658 2366
13035 4 2 2 4 2411 1441 1456 1430
13036 4 2 2 4 2411 1456 1441 2389
13037 4 2 2 4 2423 1624 1581 1641
13038 4 2 2 4 2423 1581 1624 843
13039 4 2 2 4 775 2399 93 868
13040 4 2 2 4 93 2399 775 2378
13041 4 2 2 4 1657 2404 1567 1661
13042 4 2 2 4 1567 2404 1657 2400
13043 4 2 2 4 235 1507 1422 1424
13044 4 2 2 4 235 1422 1507 1506
13045 4 2 2 4 1221 1422 1507 1424
13046 4 2 2 4 1221 1507 1422 1506
13047 4 2 2 4 2419 1242 1232 2363
13048 4 2 2 4 1232 1242 2419 2372
13049 4 2 2 4 1232 2378 2419 2363
13050 4 2 2 4 2419 2378 1232 2372
13051 4 2 2 4 2385 1648 2415 1594
13052 4 2 2 4 2385 2415 1648 1459
13053 4 2 2 4 2396 2426 2394 1590
13054 4 2 2 4 1579 2394 2426 1590
13055 4 2 2 4 1579 2426 2394 2413
13056 4 2 2 4 2394 1578 1590 1579
13057 4 2 2 4 2394 1590 1578 2380
13058 4 2 2 4 2399 778 861 868
13059 4 2 2 4 2399 861 778 2391
13060 4 2 2 4 2422 1655 1642 1542
13061 4 2 2 4 2422 1642 1655 795
13062 4 2 2 4 2425 2392 2369 2365
13063 4 2 2 4 2425 2369 2392 2361
13064 4 2 2 4 1656 772 848 862
13065 4 2 2 4 1656 848 772 1522
13066 4 2 2 4 2426 795 1642 2422
13067 4 2 2 4 2426 1642 795 849
13068 4 2 2 4 2406 2391 2399 2360
13069 4 2 2 4 2406 2399 2391 2364
13070 4 2 2 4 2399 91 92 861
13071 4 2 2 4 2399 92 91 1251
13072 4 2 2 4 1655 796 1613 1611
13073 4 2 2 4 1655 1613 796 798
13074 4 2 2 4 2424 812 813 1438
13075 4 2 2 4 2424 813 812 787
13076 4 2 2 4 1610 804 806 1668
13077 4 2 2 4 806 804 1610 817
13078 4 2 2 4 2424 1434 2372 2402
13079 4 2 2 4 2424 2372 1434 1427
13080 4 2 2 4 1473 1606 1604 1605
13081 4 2 2 4 1604 1606 1473 71
13082 4 2 2 4 1433 1236 2372 1242
13083 4 2 2 4 1433 2372 1236 1428
13084 4 2 2 4 2423 87 88 843
13085 4 2 2 4 2423 88 87 1235
13086 4 2 2 4 1248 1545 1215 1250
13087 4 2 2 4 1215 1545 1248 1544
13088 4 2 2 4 1627 836 867 769
13089 4 2 2 4 1627 867 836 1625
13090 4 2 2 4 855 1650 1598 841
13091 4 2 2 4 1598 1650 855 1634
13092 4 2 2 4 1524 859 1585 1600
13093 4 2 2 4 1524 1585 859 774
13094 4 2 2 4 1215 1545 186 1250
13095 4 2 2 4 186 1545 1215 1643
13096 4 2 2 4 1576 1474 71 1604
13097 4 2 2 4 1576 71 1474 70
13098 4 2 2 4 855 1599 1598 1634
13099 4 2 2 4 1598 1599 855 860
13100 4 2 2 4 225 1468 9 1510
13101 4 2 2 4 9 1468 225 212
13102 4 2 2 4 2426 2394 827 2396
13103 4 2 2 4 2426 827 2394 2413
13104 4 2 2 5 2429 2437 1753 2441
13105 4 2 2 5 1681 1683 2432 2438
13106 4 2 2 5 1848 1711 2432 2449
13107 4 2 2 5 1832 2460 903 2462
13108 4 2 2 5 2434 2439 2430 2490
13109 4 2 2 5 1711 1801 1848 2432
13110 4 2 2 5 2430 2434 1816 2465
13111 4 2 2 5 1832 2462 903 2481
13112 4 2 2 5 1753 2437 2429 2465
13113 4 2 2 5 1816 2434 2430 2490
13114 4 2 2 5 1495 2441 1459 2459
13115 4 2 2 5 1846 1806 900 1845
13116 4 2 2 5 1816 2439 2434 2490
13117 4 2 2 5 1800 2443 879 2447
13118 4 2 2 5 1752 2455 2441 2471
13119 4 2 2 5 1707 1681 2432 2438
13120 4 2 2 5 2432 2443 895 2484
13121 4 2 2 5 2429 2441 1752 2455
13122 4 2 2 5 897 2432 1683 2438
13123 4 2 2 5 1815 1887 2430 2450
13124 4 2 2 5 1866 2470 1871 2475
13125 4 2 2 5 740 55 54 1715
13126 4 2 2 5 76 2444 2437 2459
13127 4 2 2 5 2429 2467 2456 2468
13128 4 2 2 5 1863 2444 2437 2457
13129 4 2 2 5 2442 2454 725 2483
13130 4 2 2 5 1815 1887 2450 2477
13131 4 2 2 5 1761 1459 2441 2459
13132 4 2 2 5 2432 895 2461 2484
13133 4 2 2 5 2455 2456 2441 2471
13134 4 2 2 5 1764 2437 2434 2476
13135 4 2 2 5 900 1806 901 2481
13136 4 2 2 5 1752 2429 1753 2441
13137 4 2 2 5 725 2454 2442 2491
13138 4 2 2 5 1711 1679 1801 2432
13139 4 2 2 5 1707 2438 2432 2449
13140 4 2 2 5 2430 2435 2428 2448
13141 4 2 2 5 757 2470 1866 2475
13142 4 2 2 5 1765 2434 2445 2476
13143 4 2 2 5 1711 1705 2432 2449
13144 4 2 2 5 900 1806 758 1845
13145 4 2 2 5 1815 2430 1816 2465
13146 4 2 2 5 1705 1707 1681 2432
13147 4 2 2 5 1765 2434 1816 2439
13148 4 2 2 5 1860 1866 1871 2475
13149 4 2 2 5 2432 2436 890 2443
13150 4 2 2 5 2441 2455 2429 2456
13151 4 2 2 5 1764 2434 1765 2476
13152 4 2 2 5 1879 2431 2447 2460
13153 4 2 2 5 712 2464 1739 2474
13154 4 2 2 5 1879 2446 2431 2460
13155 4 2 2 5 1711 1705 1679 2432
13156 4 2 2 5 2432 2484 2461 2487
13157 4 2 2 5 1801 2432 1679 2461
13158 4 2 2 5 2428 2430 2448 2451
13159 4 2 2 5 1800 879 2443 2484
13160 4 2 2 5 2456 2467 677 2468
13161 4 2 2 5 2428 2435 2430 2477
13162 4 2 2 5 1753 1764 2437 2465
13163 4 2 2 5 757 1483 1866 2470
13164 4 2 2 5 1762 1753 2437 2441
13165 4 2 2 5 898 2436 2432 2463
13166 4 2 2 5 900 758 1806 2481
13167 4 2 2 5 2447 2460 2431 2469
13168 4 2 2 5 757 1866 1860 2475
13169 4 2 2 5 1845 900 1846 885
13170 4 2 2 5 1683 1705 1681 2432
13171 4 2 2 5 700 2445 2439 2489
13172 4 2 2 5 2434 2437 1764 2465
13173 4 2 2 5 668 2448 2442 2483
13174 4 2 2 5 731 2437 76 2444
13175 4 2 2 5 2448 2451 653 2472
13176 4 2 2 5 890 895 2432 2443
13177 4 2 2 5 2443 2484 2432 2487
13178 4 2 2 5 1679 2432 1705 2461
13179 4 2 2 5 2449 2477 2450 2487
13180 4 2 2 5 1832 903 901 2481
13181 4 2 2 5 747 757 1860 2475
13182 4 2 2 5 1815 2450 2430 2477
13183 4 2 2 5 902 2438 1692 2472
13184 4 2 2 5 879 2443 893 2447
13185 4 2 2 5 1803 2447 914 2460
13186 4 2 2 5 1785 1863 2437 2457
13187 4 2 2 5 1693 664 2472 2491
13188 4 2 2 5 2451 2452 655 2489
13189 4 2 2 5 1761 2441 1459 2471
13190 4 2 2 5 1887 1815 2430 2490
13191 4 2 2 5 2431 2460 2446 2469
13192 4 2 2 5 1764 1785 2437 2476
13193 4 2 2 5 1762 2441 2437 2459
13194 4 2 2 5 2439 2445 2434 2489
13195 4 2 2 5 2449 1847 2477 2487
13196 4 2 2 5 1681 908 1683 2438
13197 4 2 2 5 1887 2430 2450 2490
13198 4 2 2 5 2442 2448 2427 2483
13199 4 2 2 5 1772 2431 2446 2490
13200 4 2 2 5 1806 1832 901 2481
13201 4 2 2 5 1809 1866 1483 2470
13202 4 2 2 5 2430 2452 2451 2489
13203 4 2 2 5 1815 2430 2435 2477
13204 4 2 2 5 1860 1727 669 2475
13205 4 2 2 5 2435 2440 2428 2448
13206 4 2 2 5 1800 879 1803 2447
13207 4 2 2 5 1683 2432 897 2461
13208 4 2 2 5 1496 1495 1459 2459
13209 4 2 2 5 1787 2453 2440 2455
13210 4 2 2 5 1754 1753 1752 2429
13211 4 2 2 5 1719 2464 745 2475
13212 4 2 2 5 758 115 900 1845
13213 4 2 2 5 1848 2432 1805 2449
13214 4 2 2 5 1772 2446 2439 2490
13215 4 2 2 5 1701 1858 2440 2449
13216 4 2 2 5 1754 2429 1752 2455
13217 4 2 2 5 2428 2436 2432 2487
13218 4 2 2 5 745 669 1727 2475
13219 4 2 2 5 2440 2449 1858 2477
13220 4 2 2 5 1797 2439 2446 2458
13221 4 2 2 5 1785 2457 2437 2476
13222 4 2 2 5 1765 2445 1785 2476
13223 4 2 2 5 1805 1848 1801 2432
13224 4 2 2 5 1707 2432 1705 2449
13225 4 2 2 5 913 879 893 2447
13226 4 2 2 5 740 55 1715 742
13227 4 2 2 5 2432 2436 2428 2463
13228 4 2 2 5 655 2451 2448 2452
13229 4 2 2 5 2429 2465 2437 2482
13230 4 2 2 5 2437 2465 2434 2482
13231 4 2 2 5 1787 2440 2435 2455
13232 4 2 2 5 1691 2453 2433 2466
13233 4 2 2 5 2450 2477 1847 2487
13234 4 2 2 5 1809 1866 1777 1483
13235 4 2 2 5 2428 2430 2450 2477
13236 4 2 2 5 898 2432 2438 2463
13237 4 2 2 5 1719 745 1727 2475
13238 4 2 2 5 1741 1806 1845 2481
13239 4 2 2 5 2440 2442 2428 2448
13240 4 2 2 5 908 897 1683 2438
13241 4 2 2 5 1703 2472 2438 2480
13242 4 2 2 5 1832 911 903 2460
13243 4 2 2 5 1459 1464 1724 2471
13244 4 2 2 5 1703 1692 2438 2472
13245 4 2 2 5 1496 1761 1856 2459
13246 4 2 2 5 1753 1754 1841 2465
13247 4 2 2 5 1816 2430 1815 2490
13248 4 2 2 5 1815 2435 2430 2465
13249 4 2 2 5 2427 2440 2435 2448
13250 4 2 2 5 2427 2442 2440 2448
13251 4 2 2 5 1753 2429 1754 2465
13252 4 2 2 5 2435 2440 2427 2455
13253 4 2 2 5 2434 2445 696 2489
13254 4 2 2 5 1764 1765 1785 2476
13255 4 2 2 5 758 1845 1806 2481
13256 4 2 2 5 680 1739 712 2464
13257 4 2 2 5 1699 2466 2454 2485
13258 4 2 2 5 668 2442 725 2483
13259 4 2 2 5 902 1692 650 2472
13260 4 2 2 5 2440 2453 2427 2455
13261 4 2 2 5 2432 2428 2438 2463
13262 4 2 2 5 2428 2450 2436 2487
13263 4 2 2 5 679 2451 655 2489
13264 4 2 2 5 1832 1742 2462 2481
13265 4 2 2 5 1761 1496 1459 2459
13266 4 2 2 5 1723 2471 1464 2473
13267 4 2 2 5 1797 2439 1772 2446
13268 4 2 2 5 1497 76 2437 2459
13269 4 2 2 5 1844 1803 914 2460
13270 4 2 2 5 746 745 2464 2475
13271 4 2 2 5 700 696 2445 2489
13272 4 2 2 5 1757 2460 1832 2462
13273 4 2 2 5 1701 2440 1702 2449
13274 4 2 2 5 890 2432 898 2436
13275 4 2 2 5 747 2470 757 2475
13276 4 2 2 5 721 1866 1777 1776
13277 4 2 2 5 1855 2437 1863 2444
13278 4 2 2 5 2431 2450 2486 2490
13279 4 2 2 5 1878 1765 1816 2439
13280 4 2 2 5 914 879 913 2447
13281 4 2 2 5 1761 1888 2441 2471
13282 4 2 2 5 1683 1704 1680 2461
13283 4 2 2 5 1691 2433 1686 2466
13284 4 2 2 5 1472 677 2456 2467
13285 4 2 2 5 2442 2427 2454 2483
13286 4 2 2 5 700 689 2439 2445
13287 4 2 2 5 1832 1844 911 2460
13288 4 2 2 5 2439 2490 2446 2494
13289 4 2 2 5 1699 1689 2466 2485
13290 4 2 2 5 1693 664 650 2472
13291 4 2 2 5 746 2464 2457 2475
13292 4 2 2 5 1879 1772 2431 2446
13293 4 2 2 5 2446 2458 2439 2492
13294 4 2 2 5 898 2432 897 2438
13295 4 2 2 5 2431 2450 2478 2486
13296 4 2 2 5 1689 2453 1691 2466
13297 4 2 2 5 1693 2472 1694 2491
13298 4 2 2 5 2430 2486 2450 2490
13299 4 2 2 5 1761 1790 1496 1856
13300 4 2 2 5 1720 1719 745 1727
13301 4 2 2 5 903 2462 750 2481
13302 4 2 2 5 1497 731 77 2437
13303 4 2 2 5 1703 1694 2472 2480
13304 4 2 2 5 1477 2456 2433 2471
13305 4 2 2 5 914 1803 879 2447
13306 4 2 2 5 2432 2449 2428 2487
13307 4 2 2 5 2436 2478 2450 2486
13308 4 2 2 5 1800 1807 2443 2447
13309 4 2 2 5 1459 1724 1761 2471
13310 4 2 2 5 1470 2456 2441 2467
13311 4 2 2 5 2429 2455 2435 2468
13312 4 2 2 5 679 655 2452 2489
13313 4 2 2 5 2449 2450 2428 2487
13314 4 2 2 5 1687 1690 1842 2433
13315 4 2 2 5 1479 2433 1686 2473
13316 4 2 2 5 1876 2474 2458 2488
13317 4 2 2 5 1497 2459 2437 2467
13318 4 2 2 5 2437 2444 1855 2459
13319 4 2 2 5 116 900 901 2481
13320 4 2 2 5 1775 2431 1772 2490
13321 4 2 2 5 757 721 1866 1777
13322 4 2 2 5 1497 76 731 2437
13323 4 2 2 5 2430 2428 2450 2451
13324 4 2 2 5 1852 2481 756 2488
13325 4 2 2 5 1815 1816 1763 2465
13326 4 2 2 5 2430 2439 2434 2489
13327 4 2 2 5 1741 1845 758 2481
13328 4 2 2 5 1763 1816 2434 2465
13329 4 2 2 5 1492 1686 1688 2473
13330 4 2 2 5 1802 1803 1800 879
13331 4 2 2 5 1805 2432 1801 2461
13332 4 2 2 5 903 750 751 2481
13333 4 2 2 5 1701 1700 1858 2449
13334 4 2 2 5 896 895 2443 2484
13335 4 2 2 5 2451 2463 653 2472
13336 4 2 2 5 2435 2455 2427 2468
13337 4 2 2 5 1470 2441 2456 2471
13338 4 2 2 5 116 903 751 2481
13339 4 2 2 5 1752 2441 1888 2471
13340 4 2 2 5 2437 2441 2429 2467
13341 4 2 2 5 1814 2455 2435 2465
13342 4 2 2 5 1875 2470 1482 2493
13343 4 2 2 5 1690 1849 1842 2433
13344 4 2 2 5 893 2443 879 2484
13345 4 2 2 5 1465 1777 73 1483
13346 4 2 2 5 725 2454 722 2483
13347 4 2 2 5 735 2448 653 2472
13348 4 2 2 5 1797 2439 2458 2492
13349 4 2 2 5 2448 2451 2430 2452
13350 4 2 2 5 2428 2440 2435 2477
13351 4 2 2 5 1734 2461 2484 2487
13352 4 2 2 5 1788 1858 2449 2477
13353 4 2 2 5 677 1472 2456 2468
13354 4 2 2 5 2439 2445 689 2492
13355 4 2 2 5 1788 2440 1858 2477
13356 4 2 2 5 897 2432 895 2461
13357 4 2 2 5 1693 1703 1694 2472
13358 4 2 2 5 2429 2455 1754 2465
13359 4 2 2 5 1720 669 1860 1727
13360 4 2 2 5 654 2486 2451 2489
13361 4 2 2 5 1702 2449 2440 2480
13362 4 2 2 5 2428 2450 2449 2477
13363 4 2 2 5 669 1720 745 1727
13364 4 2 2 5 1862 1861 2459 2493
13365 4 2 2 5 1785 1863 1784 2437
13366 4 2 2 5 115 900 1845 885
13367 4 2 2 5 914 911 1844 2460
13368 4 2 2 5 1876 693 2474 2488
13369 4 2 2 5 2432 2438 2428 2449
13370 4 2 2 5 1477 2471 2433 2473
13371 4 2 2 5 2431 2469 717 2479
13372 4 2 2 5 1806 900 901 1830
13373 4 2 2 5 1761 2441 1856 2459
13374 4 2 2 5 2438 2449 1707 2480
13375 4 2 2 5 1800 2443 1759 2484
13376 4 2 2 5 1785 2445 2457 2476
13377 4 2 2 5 1689 2453 2466 2485
13378 4 2 2 5 2441 2459 1495 2467
13379 4 2 2 5 721 757 73 1777
13380 4 2 2 5 1496 2459 1861 2493
13381 4 2 2 5 679 654 2451 2489
13382 4 2 2 5 722 2454 725 2491
13383 4 2 2 5 2433 2455 1834 2471
13384 4 2 2 5 2428 2451 2448 2472
13385 4 2 2 5 1834 2455 1752 2471
13386 4 2 2 5 2450 2451 2436 2486
13387 4 2 2 5 1719 2457 2464 2475
13388 4 2 2 5 898 890 895 2432
13389 4 2 2 5 897 1704 1683 2461
13390 4 2 2 5 1860 747 669 757
13391 4 2 2 5 725 2442 668 2448
13392 4 2 2 5 2446 2490 2431 2494
13393 4 2 2 5 2441 2456 2429 2467
13394 4 2 2 5 725 735 2442 2448
13395 4 2 2 5 2435 2440 1787 2477
13396 4 2 2 5 2446 2460 1758 2462
13397 4 2 2 5 2435 2452 2429 2468
13398 4 2 2 5 680 755 712 1739
13399 4 2 2 5 893 2447 2443 2479
13400 4 2 2 5 1863 1855 1784 2437
13401 4 2 2 5 695 2446 2458 2462
13402 4 2 2 5 1719 1739 680 2464
13403 4 2 2 5 1843 2447 1803 2460
13404 4 2 2 5 1784 1764 1785 2437
13405 4 2 2 5 2451 2486 2430 2489
13406 4 2 2 5 1800 882 879 2484
13407 4 2 2 5 1703 1693 1692 2472
13408 4 2 2 5 2430 2451 2450 2486
13409 4 2 2 5 1842 1687 2433 2473
13410 4 2 2 5 700 696 689 2445
13411 4 2 2 5 755 712 1739 2474
13412 4 2 2 5 1849 2433 1690 2453
13413 4 2 2 5 1782 693 755 2474
13414 4 2 2 5 1701 1702 1700 2449
13415 4 2 2 5 1887 1773 1815 2490
13416 4 2 2 5 748 2470 747 2475
13417 4 2 2 5 901 903 116 2481
13418 4 2 2 5 1762 1753 1784 2437
13419 4 2 2 5 2431 2478 2436 2486
13420 4 2 2 5 718 2431 2479 2486
13421 4 2 2 5 1497 2437 77 2467
13422 4 2 2 5 1838 2449 1847 2477
13423 4 2 2 5 1772 1775 1879 2431
13424 4 2 2 5 1694 2472 2442 2491
13425 4 2 2 5 673 1876 1811 2488
13426 4 2 2 5 718 2431 717 2479
13427 4 2 2 5 1790 1496 1459 1761
13428 4 2 2 5 82 1697 1484 2454
13429 4 2 2 5 77 2437 731 2467
13430 4 2 2 5 2433 2456 1477 2466
13431 4 2 2 5 1803 1802 914 879
13432 4 2 2 5 1459 2441 1475 2471
13433 4 2 2 5 1814 1754 2455 2465
13434 4 2 2 5 2431 2478 2450 2490
13435 4 2 2 5 1762 2437 1784 2459
13436 4 2 2 5 2433 2456 2455 2471
13437 4 2 2 5 1694 2442 2472 2480
13438 4 2 2 5 1479 1686 2433 2466
13439 4 2 2 5 714 2468 677 2482
13440 4 2 2 5 901 1832 1806 1830
13441 4 2 2 5 1758 2458 2446 2462
13442 4 2 2 5 902 650 123 2472
13443 4 2 2 5 1471 1470 2441 2467
13444 4 2 2 5 675 1741 758 2481
13445 4 2 2 5 1734 2484 2443 2487
13446 4 2 2 5 1860 669 747 2475
13447 4 2 2 5 1880 1879 2431 2447
13448 4 2 2 5 745 1719 680 2464
13449 4 2 2 5 1499 1497 77 2467
13450 4 2 2 5 1792 1875 1482 2493
13451 4 2 2 5 1703 2438 1695 2480
13452 4 2 2 5 1792 1482 1875 2470
13453 4 2 2 5 1700 1868 1858 2449
13454 4 2 2 5 898 897 908 2438
13455 4 2 2 5 1692 1693 650 2472
13456 4 2 2 5 1852 756 675 2488
13457 4 2 2 5 877 1802 1800 879
13458 4 2 2 5 908 1681 1682 2438
13459 4 2 2 5 1787 1873 2440 2453
13460 4 2 2 5 1830 1806 900 1846
13461 4 2 2 5 673 693 1876 2488
13462 4 2 2 5 1720 745 1719 671
13463 4 2 2 5 717 2431 718 2486
13464 4 2 2 5 675 756 743 2488
13465 4 2 2 5 882 1800 1799 2484
13466 4 2 2 5 2437 2457 2444 2476
13467 4 2 2 5 2440 2442 2427 2485
13468 4 2 2 5 899 2463 2438 2472
13469 4 2 2 5 719 2436 121 2463
13470 4 2 2 5 680 755 1739 1721
13471 4 2 2 5 1464 1723 1724 2471
13472 4 2 2 5 664 650 665 1693
13473 4 2 2 5 748 757 747 2470
13474 4 2 2 5 917 2469 2447 2479
13475 4 2 2 5 1809 1857 1866 2470
13476 4 2 2 5 890 2443 2436 2479
13477 4 2 2 5 701 2431 2486 2494
13478 4 2 2 5 1777 73 72 1465
13479 4 2 2 5 1808 1740 1782 2474
13480 4 2 2 5 877 914 1802 879
13481 4 2 2 5 1691 1690 2433 2453
13482 4 2 2 5 757 1747 1860 1866
13483 4 2 2 5 72 721 1777 1776
13484 4 2 2 5 1808 1782 755 2474
13485 4 2 2 5 897 898 895 2432
13486 4 2 2 5 1761 1722 1888 2471
13487 4 2 2 5 701 2431 717 2486
13488 4 2 2 5 1856 1861 1496 2459
13489 4 2 2 5 1699 1689 1709 2466
13490 4 2 2 5 2431 1880 2447 2478
13491 4 2 2 5 1686 2433 1687 2473
13492 4 2 2 5 2442 2448 735 2472
13493 4 2 2 5 1782 1876 1811 673
13494 4 2 2 5 2428 2448 2442 2472
13495 4 2 2 5 1765 1877 1785 2445
13496 4 2 2 5 675 756 1852 2481
13497 4 2 2 5 652 2436 2451 2486
13498 4 2 2 5 717 2431 701 2494
13499 4 2 2 5 2439 2489 2486 2494
13500 4 2 2 5 1728 2433 1834 2471
13501 4 2 2 5 2458 2474 693 2488
13502 4 2 2 5 1692 124 902 650
13503 4 2 2 5 2433 2453 1849 2455
13504 4 2 2 5 2458 2474 1797 2492
13505 4 2 2 5 753 2462 2458 2488
13506 4 2 2 5 1741 720 758 1845
13507 4 2 2 5 1472 2456 2468 2483
13508 4 2 2 5 695 2492 2446 2494
13509 4 2 2 5 1774 1772 1797 2439
13510 4 2 2 5 2431 1775 2478 2490
13511 4 2 2 5 1470 1475 2441 2471
13512 4 2 2 5 1794 1493 1861 2493
13513 4 2 2 5 719 652 2436 2463
13514 4 2 2 5 1489 1723 1464 2473
13515 4 2 2 5 2446 2492 2439 2494
13516 4 2 2 5 1479 1686 1492 2473
13517 4 2 2 5 1470 2456 1477 2471
13518 4 2 2 5 718 2479 2436 2486
13519 4 2 2 5 1786 1712 2440 2453
13520 4 2 2 5 1878 2445 2439 2492
13521 4 2 2 5 1682 908 1683 1681
13522 4 2 2 5 1738 2474 2445 2492
13523 4 2 2 5 1873 2453 1787 2455
13524 4 2 2 5 1805 2449 2432 2487
13525 4 2 2 5 1762 1752 1753 2441
13526 4 2 2 5 1883 2458 1876 2474
13527 4 2 2 5 2435 2448 2430 2452
13528 4 2 2 5 1739 1719 680 1721
13529 4 2 2 5 1856 1790 1496 1861
13530 4 2 2 5 1842 2433 1728 2473
13531 4 2 2 5 695 2458 2446 2492
13532 4 2 2 5 1803 1844 914 1745
13533 4 2 2 5 1689 1691 1709 2466
13534 4 2 2 5 679 654 655 2451
13535 4 2 2 5 1685 2454 82 2491
13536 4 2 2 5 1832 1757 1844 2460
13537 4 2 2 5 1688 1686 1687 2473
13538 4 2 2 5 2428 2449 2440 2477
13539 4 2 2 5 1763 1816 1765 2434
13540 4 2 2 5 695 2458 753 2462
13541 4 2 2 5 1497 76 77 731
13542 4 2 2 5 1694 1703 1695 2480
13543 4 2 2 5 1844 1843 1803 2460
13544 4 2 2 5 696 2445 2434 2476
13545 4 2 2 5 2427 2448 2435 2468
13546 4 2 2 5 1680 1679 1705 2461
13547 4 2 2 5 896 2461 895 2484
13548 4 2 2 5 2436 2443 2432 2487
13549 4 2 2 5 745 680 1719 671
13550 4 2 2 5 1860 669 1747 757
13551 4 2 2 5 721 73 72 1777
13552 4 2 2 5 914 2447 915 2460
13553 4 2 2 5 1792 1875 1857 2470
13554 4 2 2 5 1878 1738 2445 2492
13555 4 2 2 5 2434 2430 2452 2465
13556 4 2 2 5 1741 1853 720 1845
13557 4 2 2 5 739 2446 695 2462
13558 4 2 2 5 714 667 2468 2482
13559 4 2 2 5 914 912 911 2460
13560 4 2 2 5 1782 1876 673 693
13561 4 2 2 5 1786 1712 1701 2440
13562 4 2 2 5 753 2458 752 2488
13563 4 2 2 5 1882 2458 2462 2488
13564 4 2 2 5 1816 1815 1773 2490
13565 4 2 2 5 1496 1459 1461 1790
13566 4 2 2 5 718 121 2436 2479
13567 4 2 2 5 1753 1764 1784 2437
13568 4 2 2 5 745 747 669 2475
13569 4 2 2 5 893 879 882 2484
13570 4 2 2 5 1869 1733 1678 2461
13571 4 2 2 5 1878 1816 1774 2439
13572 4 2 2 5 1790 1459 1461 1761
13573 4 2 2 5 898 888 2436 2463
13574 4 2 2 5 1483 1482 1809 2470
13575 4 2 2 5 1709 1691 1686 2466
13576 4 2 2 5 2429 2456 2455 2468
13577 4 2 2 5 1761 1459 1760 1724
13578 4 2 2 5 678 2476 2434 2482
13579 4 2 2 5 123 2463 899 2472
13580 4 2 2 5 1838 1788 2449 2477
13581 4 2 2 5 1787 1789 2435 2477
13582 4 2 2 5 1774 2439 1816 2490
13583 4 2 2 5 1788 1787 2440 2477
13584 4 2 2 5 719 652 121 2436
13585 4 2 2 5 1880 2431 1775 2478
13586 4 2 2 5 116 758 900 2481
13587 4 2 2 5 1758 2460 1757 2462
13588 4 2 2 5 1882 2458 1758 2462
13589 4 2 2 5 1887 2450 1884 2490
13590 4 2 2 5 1815 2435 1789 2477
13591 4 2 2 5 1745 1844 914 911
13592 4 2 2 5 2452 2468 667 2482
13593 4 2 2 5 2428 2449 2438 2480
13594 4 2 2 5 82 1685 1697 2454
13595 4 2 2 5 1472 2456 1470 2467
13596 4 2 2 5 2428 2463 2451 2472
13597 4 2 2 5 1875 1792 1794 2493
13598 4 2 2 5 1869 1678 886 2461
13599 4 2 2 5 917 2447 889 2479
13600 4 2 2 5 1735 2461 907 2484
13601 4 2 2 5 1865 1719 2457 2464
13602 4 2 2 5 2427 2455 2456 2468
13603 4 2 2 5 1758 2446 1879 2460
13604 4 2 2 5 882 1799 1800 879
13605 4 2 2 5 1691 1687 1686 2433
13606 4 2 2 5 2440 2449 2428 2480
13607 4 2 2 5 2444 2459 1494 2493
13608 4 2 2 5 2453 2427 2466 2485
13609 4 2 2 5 1787 2435 1814 2455
13610 4 2 2 5 1884 2450 2478 2490
13611 4 2 2 5 725 668 735 2448
13612 4 2 2 5 1775 1880 1879 2431
13613 4 2 2 5 695 752 753 2458
13614 4 2 2 5 1464 2471 1476 2473
13615 4 2 2 5 668 725 722 2483
13616 4 2 2 5 1855 2444 1885 2493
13617 4 2 2 5 1699 1709 2454 2466
13618 4 2 2 5 1862 1861 1856 2459
13619 4 2 2 5 1869 907 1735 2461
13620 4 2 2 5 2448 2452 2435 2468
13621 4 2 2 5 1721 1719 680 671
13622 4 2 2 5 732 2437 2444 2476
13623 4 2 2 5 82 2454 722 2491
13624 4 2 2 5 2436 2479 2431 2486
13625 4 2 2 5 1869 886 907 2461
13626 4 2 2 5 1772 2439 1774 2490
13627 4 2 2 5 1885 1855 1863 2444
13628 4 2 2 5 717 2469 2431 2494
13629 4 2 2 5 2448 2468 2427 2483
13630 4 2 2 5 1806 1742 1832 2481
13631 4 2 2 5 731 732 2437 2444
13632 4 2 2 5 1785 2445 1877 2457
13633 4 2 2 5 1464 1459 1475 2471
13634 4 2 2 5 1477 1479 2433 2466
13635 4 2 2 5 1805 1847 2449 2487
13636 4 2 2 5 1481 2454 1484 2466
13637 4 2 2 5 1496 1861 1493 2493
13638 4 2 2 5 1757 1832 1742 2462
13639 4 2 2 5 1886 1739 1719 2464
13640 4 2 2 5 1877 2457 2445 2464
13641 4 2 2 5 1797 2458 1883 2474
13642 4 2 2 5 2429 2468 2452 2482
13643 4 2 2 5 1738 1797 2474 2492
13644 4 2 2 5 675 1852 1741 2481
13645 4 2 2 5 1710 1693 1694 2491
13646 4 2 2 5 2427 2453 2433 2455
13647 4 2 2 5 1838 1788 1858 2449
13648 4 2 2 5 1855 1784 2437 2459
13649 4 2 2 5 1690 1687 1691 2433
13650 4 2 2 5 716 2446 2469 2494
13651 4 2 2 5 2430 2486 2439 2489
13652 4 2 2 5 1733 1869 1735 2461
13653 4 2 2 5 1719 1721 1720 671
13654 4 2 2 5 911 1745 1844 1833
13655 4 2 2 5 1497 1495 2459 2467
13656 4 2 2 5 1878 2439 1797 2492
13657 4 2 2 5 1722 1752 1888 2471
13658 4 2 2 5 82 1484 722 2454
13659 4 2 2 5 2428 2442 2440 2480
13660 4 2 2 5 1884 2478 1775 2490
13661 4 2 2 5 2436 2450 2428 2451
13662 4 2 2 5 1855 2459 2444 2493
13663 4 2 2 5 1834 2433 1849 2455
13664 4 2 2 5 1719 1864 2457 2475
13665 4 2 2 5 653 2463 649 2472
13666 4 2 2 5 696 678 2434 2489
13667 4 2 2 5 2433 2453 2427 2466
13668 4 2 2 5 1476 2471 1477 2473
13669 4 2 2 5 2427 2455 2433 2456
13670 4 2 2 5 696 2434 678 2476
13671 4 2 2 5 743 693 673 2488
13672 4 2 2 5 1763 2434 1764 2465
13673 4 2 2 5 685 2489 2439 2494
13674 4 2 2 5 680 755 1721 681
13675 4 2 2 5 1481 81 1484 2454
13676 4 2 2 5 732 2444 2457 2476
13677 4 2 2 5 2435 2455 2429 2465
13678 4 2 2 5 1740 1883 1876 2474
13679 4 2 2 5 2435 2452 2430 2465
13680 4 2 2 5 1794 1861 1862 2493
13681 4 2 2 5 1752 1762 1888 2441
13682 4 2 2 5 1724 1722 1761 2471
13683 4 2 2 5 671 1720 745 669
13684 4 2 2 5 2445 1738 2464 2474
13685 4 2 2 5 745 680 746 2464
13686 4 2 2 5 750 116 903 751
13687 4 2 2 5 725 2442 735 2472
13688 4 2 2 5 685 2486 2489 2494
13689 4 2 2 5 1485 2470 2444 2493
13690 4 2 2 5 2444 2457 1864 2475
13691 4 2 2 5 668 2468 2448 2483
13692 4 2 2 5 1815 1814 2435 2465
13693 4 2 2 5 1808 755 1739 2474
13694 4 2 2 5 2434 2452 2430 2489
13695 4 2 2 5 721 1747 757 1866
13696 4 2 2 5 2439 2486 2430 2490
13697 4 2 2 5 1706 2480 2440 2485
13698 4 2 2 5 1808 1739 1740 2474
13699 4 2 2 5 2433 2471 1728 2473
13700 4 2 2 5 2446 2460 738 2469
13701 4 2 2 5 890 896 895 2443
13702 4 2 2 5 731 2437 699 2482
13703 4 2 2 5 1797 2446 1758 2458
13704 4 2 2 5 651 2472 664 2491
13705 4 2 2 5 1782 692 755 693
13706 4 2 2 5 1849 1728 1842 2433
13707 4 2 2 5 893 2443 890 2479
13708 4 2 2 5 888 2436 121 2479
13709 4 2 2 5 652 718 2436 2486
13710 4 2 2 5 1858 1786 1701 2440
13711 4 2 2 5 739 695 753 2462
13712 4 2 2 5 1695 2438 1707 2480
13713 4 2 2 5 1471 2441 1495 2467
13714 4 2 2 5 757 74 1483 2470
13715 4 2 2 5 1789 1815 1814 2435
13716 4 2 2 5 912 903 911 2460
13717 4 2 2 5 744 2457 2444 2475
13718 4 2 2 5 1886 1739 2464 2474
13719 4 2 2 5 750 116 117 903
13720 4 2 2 5 1797 1772 1758 2446
13721 4 2 2 5 1856 2441 1762 2459
13722 4 2 2 5 1807 2443 2447 2478
13723 4 2 2 5 81 2454 1481 2483
13724 4 2 2 5 750 2460 738 2462
13725 4 2 2 5 1848 1868 1711 2449
13726 4 2 2 5 731 699 2437 2476
13727 4 2 2 5 1839 2450 1887 2477
13728 4 2 2 5 1786 2440 1873 2453
13729 4 2 2 5 678 699 2476 2482
13730 4 2 2 5 1864 2444 1863 2457
13731 4 2 2 5 898 2438 899 2463
13732 4 2 2 5 1879 2447 1843 2460
13733 4 2 2 5 2429 2452 2435 2465
13734 4 2 2 5 1877 1865 2457 2464
13735 4 2 2 5 1787 1788 1789 2477
13736 4 2 2 5 1763 1765 1764 2434
13737 4 2 2 5 1734 1805 1801 2461
13738 4 2 2 5 81 722 1484 2454
13739 4 2 2 5 725 2442 2472 2491
13740 4 2 2 5 900 884 1830 1846
13741 4 2 2 5 1707 1695 1681 2438
13742 4 2 2 5 1700 1711 1868 2449
13743 4 2 2 5 2437 2459 2441 2467
13744 4 2 2 5 1753 1841 1764 2465
13745 4 2 2 5 1888 1762 1761 2441
13746 4 2 2 5 2440 2453 1706 2485
13747 4 2 2 5 720 115 758 1845
13748 4 2 2 5 678 2452 2482 2489
13749 4 2 2 5 1712 1706 2440 2453
13750 4 2 2 5 725 735 651 2472
13751 4 2 2 5 2427 2456 2433 2466
13752 4 2 2 5 1872 2470 2444 2475
13753 4 2 2 5 714 667 677 2468
13754 4 2 2 5 750 738 739 2462
13755 4 2 2 5 1845 114 115 885
13756 4 2 2 5 667 2452 2448 2468
13757 4 2 2 5 910 1704 897 2461
13758 4 2 2 5 681 1721 680 671
13759 4 2 2 5 1479 1709 1686 2466
13760 4 2 2 5 1809 1482 1857 2470
13761 4 2 2 5 699 2437 2476 2482
13762 4 2 2 5 700 2439 685 2489
13763 4 2 2 5 1774 1797 1878 2439
13764 4 2 2 5 1787 1814 1754 2455
13765 4 2 2 5 1866 721 1747 1776
13766 4 2 2 5 1878 1797 1738 2492
13767 4 2 2 5 917 915 2447 2469
13768 4 2 2 5 1786 1788 1787 2440
13769 4 2 2 5 1460 1760 1459 1724
13770 4 2 2 5 1706 1702 2440 2480
13771 4 2 2 5 698 2457 2445 2476
13772 4 2 2 5 2445 2474 2464 2492
13773 4 2 2 5 1872 2444 1864 2475
13774 4 2 2 5 1807 1759 1800 2443
13775 4 2 2 5 121 2436 888 2463
13776 4 2 2 5 1815 1839 1887 2477
13777 4 2 2 5 1726 1677 1750 2473
13778 4 2 2 5 676 692 1811 673
13779 4 2 2 5 1809 1777 1465 1483
13780 4 2 2 5 652 2451 2436 2463
13781 4 2 2 5 1744 1882 1758 2462
13782 4 2 2 5 888 890 898 2436
13783 4 2 2 5 1761 1762 1856 2441
13784 4 2 2 5 1776 1777 72 1778
13785 4 2 2 5 717 716 2469 2494
13786 4 2 2 5 1792 1857 1482 2470
13787 4 2 2 5 725 2472 651 2491
13788 4 2 2 5 668 722 723 2483
13789 4 2 2 5 2486 2490 2439 2494
13790 4 2 2 5 1711 1707 1705 2449
13791 4 2 2 5 691 2439 689 2492
13792 4 2 2 5 1852 1741 1853 675
13793 4 2 2 5 1800 1803 1807 2447
13794 4 2 2 5 1470 1475 1471 2441
13795 4 2 2 5 1849 1834 1728 2433
13796 4 2 2 5 757 669 1747 721
13797 4 2 2 5 1485 1482 2470 2493
13798 4 2 2 5 755 1739 1721 1808
13799 4 2 2 5 1471 1472 1470 2467
13800 4 2 2 5 1461 1760 1790 1761
13801 4 2 2 5 1464 1460 1459 1724
13802 4 2 2 5 1760 1461 1459 1761
13803 4 2 2 5 1787 1873 1786 2440
13804 4 2 2 5 1721 672 1720 671
13805 4 2 2 5 1719 1864 1865 2457
13806 4 2 2 5 1757 1758 1879 2460
13807 4 2 2 5 652 718 121 2436
13808 4 2 2 5 1710 664 1693 2491
13809 4 2 2 5 731 699 715 2482
13810 4 2 2 5 1469 1677 1726 2473
13811 4 2 2 5 1480 1477 2456 2466
13812 4 2 2 5 720 114 115 1845
13813 4 2 2 5 1712 1706 1701 2440
13814 4 2 2 5 1490 1481 1484 2466
13815 4 2 2 5 1811 674 676 673
13816 4 2 2 5 1478 1479 1492 2473
13817 4 2 2 5 1464 1489 1724 1723
13818 4 2 2 5 667 655 2448 2452
13819 4 2 2 5 1882 2462 1744 2488
13820 4 2 2 5 1697 206 82 1484
13821 4 2 2 5 692 1780 676 1811
13822 4 2 2 5 2445 2457 697 2464
13823 4 2 2 5 2454 2466 1481 2483
13824 4 2 2 5 678 2482 2434 2489
13825 4 2 2 5 1485 75 2444 2470
13826 4 2 2 5 1799 882 878 879
13827 4 2 2 5 689 691 700 2439
13828 4 2 2 5 2428 2436 2451 2463
13829 4 2 2 5 1475 1459 1495 2441
13830 4 2 2 5 911 901 1832 903
13831 4 2 2 5 1842 1750 1687 2473
13832 4 2 2 5 732 2444 744 2457
13833 4 2 2 5 1872 1863 1864 2444
13834 4 2 2 5 672 1749 1721 1720
13835 4 2 2 5 1738 1797 1883 2474
13836 4 2 2 5 2428 2438 2472 2480
13837 4 2 2 5 1868 1838 1858 2449
13838 4 2 2 5 691 2492 695 2494
13839 4 2 2 5 722 2454 81 2483
13840 4 2 2 5 692 1782 673 693
13841 4 2 2 5 1494 2459 1496 2493
13842 4 2 2 5 2444 2470 733 2475
13843 4 2 2 5 1493 1792 1482 2493
13844 4 2 2 5 1701 1706 1702 2440
13845 4 2 2 5 1799 907 882 2484
13846 4 2 2 5 1493 1794 1792 2493
13847 4 2 2 5 2454 2466 2427 2485
13848 4 2 2 5 1485 2444 1494 2493
13849 4 2 2 5 1706 1696 2480 2485
13850 4 2 2 5 650 1692 665 1693
13851 4 2 2 5 1833 1844 911 1832
13852 4 2 2 5 917 915 889 2447
13853 4 2 2 5 716 2446 738 2469
13854 4 2 2 5 903 912 117 2460
13855 4 2 2 5 685 2439 691 2494
13856 4 2 2 5 2434 2482 2452 2489
13857 4 2 2 5 1805 1847 1838 2449
13858 4 2 2 5 653 2448 655 2451
13859 4 2 2 5 123 649 2463 2472
13860 4 2 2 5 1719 1727 1864 2475
13861 4 2 2 5 1873 1849 2453 2455
13862 4 2 2 5 897 895 894 2461
13863 4 2 2 5 755 693 712 2474
13864 4 2 2 5 893 890 889 2479
13865 4 2 2 5 2431 2469 2446 2494
13866 4 2 2 5 752 2458 693 2488
13867 4 2 2 5 674 676 1780 1811
13868 4 2 2 5 1489 1464 1476 2473
13869 4 2 2 5 698 697 2445 2457
13870 4 2 2 5 912 914 915 2460
13871 4 2 2 5 2428 2472 2442 2480
13872 4 2 2 5 1738 1877 2445 2464
13873 4 2 2 5 1692 665 124 650
13874 4 2 2 5 1852 1812 1811 675
13875 4 2 2 5 1778 1777 72 1465
13876 4 2 2 5 731 2437 732 2476
13877 4 2 2 5 1480 2456 1472 2483
13878 4 2 2 5 1876 1852 1811 2488
13879 4 2 2 5 1470 1477 1476 2471
13880 4 2 2 5 1722 1834 1752 2471
13881 4 2 2 5 1709 1479 1490 2466
13882 4 2 2 5 1789 1814 1787 2435
13883 4 2 2 5 677 79 1472 2468
13884 4 2 2 5 664 651 650 2472
13885 4 2 2 5 1734 2443 1874 2487
13886 4 2 2 5 894 895 896 2461
13887 4 2 2 5 2436 2478 2443 2487
13888 4 2 2 5 914 1802 1803 1745
13889 4 2 2 5 1879 1758 1772 2446
13890 4 2 2 5 1478 1476 1477 2473
13891 4 2 2 5 900 884 901 1830
13892 4 2 2 5 668 667 2448 2468
13893 4 2 2 5 701 717 718 2486
13894 4 2 2 5 1871 1866 1857 2470
13895 4 2 2 5 1759 2443 1734 2484
13896 4 2 2 5 890 2436 888 2479
13897 4 2 2 5 667 679 655 2452
13898 4 2 2 5 1469 1726 1489 2473
13899 4 2 2 5 1723 1489 1726 2473
13900 4 2 2 5 1809 1483 1466 1482
13901 4 2 2 5 915 2460 2447 2469
13902 4 2 2 5 669 1747 1720 1860
13903 4 2 2 5 1847 2450 1839 2477
13904 4 2 2 5 700 691 685 2439
13905 4 2 2 5 1728 2471 1723 2473
13906 4 2 2 5 696 700 678 2489
13907 4 2 2 5 2429 2452 2465 2482
13908 4 2 2 5 2434 2465 2452 2482
13909 4 2 2 5 1697 1699 1709 2454
13910 4 2 2 5 1855 1762 1784 2459
13911 4 2 2 5 705 2445 2464 2492
13912 4 2 2 5 2428 2438 2463 2472
13913 4 2 2 5 114 1845 1870 885
13914 4 2 2 5 696 678 699 2476
13915 4 2 2 5 677 2467 715 2482
13916 4 2 2 5 2436 2478 2431 2479
13917 4 2 2 5 1744 1758 1757 2462
13918 4 2 2 5 1747 1720 1748 669
13919 4 2 2 5 672 1721 681 671
13920 4 2 2 5 1497 1471 1495 2467
13921 4 2 2 5 2427 2453 2440 2485
13922 4 2 2 5 908 899 898 2438
13923 4 2 2 5 1694 2442 1698 2491
13924 4 2 2 5 1678 910 886 2461
13925 4 2 2 5 890 893 896 2443
13926 4 2 2 5 718 120 121 2479
13927 4 2 2 5 908 1682 902 2438
13928 4 2 2 5 720 114 1845 1870
13929 4 2 2 5 1807 2447 1880 2478
13930 4 2 2 5 1677 1687 1750 2473
13931 4 2 2 5 744 2444 733 2475
13932 4 2 2 5 1685 82 713 2491
13933 4 2 2 5 679 2452 667 2489
13934 4 2 2 5 1472 78 677 2467
13935 4 2 2 5 735 653 649 2472
13936 4 2 2 5 1728 1834 1722 2471
13937 4 2 2 5 2434 2476 2437 2482
13938 4 2 2 5 915 914 913 2447
13939 4 2 2 5 1887 1884 1773 2490
13940 4 2 2 5 1708 1699 2454 2485
13941 4 2 2 5 705 2464 2474 2492
13942 4 2 2 5 1696 2442 1694 2480
13943 4 2 2 5 678 667 2452 2489
13944 4 2 2 5 731 76 732 2444
13945 4 2 2 5 738 750 118 2460
13946 4 2 2 5 1765 1878 1877 2445
13947 4 2 2 5 1884 2478 2450 2487
13948 4 2 2 5 1786 1850 1712 2453
13949 4 2 2 5 1809 1857 1482 1792
13950 4 2 2 5 1485 75 1494 2444
13951 4 2 2 5 1735 907 1799 2484
13952 4 2 2 5 2437 2467 2429 2482
13953 4 2 2 5 1782 755 692 1808
13954 4 2 2 5 1872 1885 1863 2444
13955 4 2 2 5 718 717 120 2479
13956 4 2 2 5 896 2443 893 2484
13957 4 2 2 5 721 729 659 1776
13958 4 2 2 5 721 72 729 1776
13959 4 2 2 5 1685 206 82 1697
13960 4 2 2 5 675 758 756 2481
13961 4 2 2 5 698 2445 696 2476
13962 4 2 2 5 889 915 913 2447
13963 4 2 2 5 1720 670 1748 669
13964 4 2 2 5 1696 2442 2480 2485
13965 4 2 2 5 901 1831 1832 1830
13966 4 2 2 5 2431 2490 2486 2494
13967 4 2 2 5 672 670 1720 671
13968 4 2 2 5 120 2469 917 2479
13969 4 2 2 5 733 2470 748 2475
13970 4 2 2 5 2447 2478 2443 2479
13971 4 2 2 5 697 2457 746 2464
13972 4 2 2 5 886 1678 1869 1676
13973 4 2 2 5 894 907 2461 2484
13974 4 2 2 5 1877 1878 1738 2445
13975 4 2 2 5 118 750 117 2460
13976 4 2 2 5 717 2469 120 2479
13977 4 2 2 5 1497 1499 1471 2467
13978 4 2 2 5 2462 2481 1743 2488
13979 4 2 2 5 1876 2458 1882 2488
13980 4 2 2 5 914 916 1745 911
13981 4 2 2 5 1885 2444 1872 2493
13982 4 2 2 5 908 902 899 2438
13983 4 2 2 5 2440 2480 2442 2485
13984 4 2 2 5 1484 81 82 722
13985 4 2 2 5 1799 1800 1759 2484
13986 4 2 2 5 1794 1493 1498 1861
13987 4 2 2 5 744 746 2457 2475
13988 4 2 2 5 1749 672 670 1720
13989 4 2 2 5 894 886 910 2461
13990 4 2 2 5 2443 2478 2436 2479
13991 4 2 2 5 1858 1788 1786 2440
13992 4 2 2 5 1470 1476 1475 2471
13993 4 2 2 5 716 739 738 2446
13994 4 2 2 5 1712 242 1786 1701
13995 4 2 2 5 118 2460 915 2469
13996 4 2 2 5 1726 1750 1723 2473
13997 4 2 2 5 2442 2454 2427 2485
13998 4 2 2 5 665 730 664 1693
13999 4 2 2 5 1811 692 1782 673
14000 4 2 2 5 714 677 715 2482
14001 4 2 2 5 1819 729 72 1776
14002 4 2 2 5 1841 1754 1814 2465
14003 4 2 2 5 1482 1485 1493 2493
14004 4 2 2 5 1874 2443 1807 2478
14005 4 2 2 5 668 667 655 2448
14006 4 2 2 5 1880 1775 1884 2478
14007 4 2 2 5 2447 2431 2478 2479
14008 4 2 2 5 82 722 713 2491
14009 4 2 2 5 2444 2470 1872 2493
14010 4 2 2 5 1722 1724 1723 2471
14011 4 2 2 5 1706 2453 1689 2485
14012 4 2 2 5 911 916 1745 1833
14013 4 2 2 5 721 659 1771 1776
14014 4 2 2 5 1812 1852 1853 675
14015 4 2 2 5 894 2461 896 2484
14016 4 2 2 5 898 122 888 2463
14017 4 2 2 5 1780 692 1782 1811
14018 4 2 2 5 692 694 1783 1808
14019 4 2 2 5 652 2451 654 2486
14020 4 2 2 5 1679 1733 1801 2461
14021 4 2 2 5 907 886 894 2461
14022 4 2 2 5 1685 1698 2454 2491
14023 4 2 2 5 912 118 117 2460
14024 4 2 2 5 1874 1734 1759 2443
14025 4 2 2 5 1743 2462 1744 2481
14026 4 2 2 5 678 679 667 2489
14027 4 2 2 5 2436 2450 2478 2487
14028 4 2 2 5 756 2481 753 2488
14029 4 2 2 5 663 720 1853 1836
14030 4 2 2 5 885 1845 1870 1767
14031 4 2 2 5 1679 1678 1733 2461
14032 4 2 2 5 753 2481 2462 2488
14033 4 2 2 5 1882 1876 1883 2458
14034 4 2 2 5 1871 2470 1872 2475
14035 4 2 2 5 1698 2454 2442 2485
14036 4 2 2 5 705 689 2445 2492
14037 4 2 2 5 1815 1789 1839 2477
14038 4 2 2 5 1743 2481 1852 2488
14039 4 2 2 5 900 884 1846 885
14040 4 2 2 5 1691 1689 1690 2453
14041 4 2 2 5 1726 1469 1675 1677
14042 4 2 2 5 2442 2454 1698 2491
14043 4 2 2 5 885 1870 114 892
14044 4 2 2 5 691 2439 2492 2494
14045 4 2 2 5 1872 2470 1875 2493
14046 4 2 2 5 1463 1496 1790 1861
14047 4 2 2 5 1744 2462 1743 2488
14048 4 2 2 5 728 720 663 1836
14049 4 2 2 5 653 2451 652 2463
14050 4 2 2 5 878 882 1799 907
14051 4 2 2 5 1493 1494 1496 2493
14052 4 2 2 5 1838 1848 1805 2449
14053 4 2 2 5 729 1819 659 1776
14054 4 2 2 5 1710 1694 1698 2491
14055 4 2 2 5 1706 1696 1702 2480
14056 4 2 2 5 1738 1865 1877 2464
14057 4 2 2 5 717 701 716 2494
14058 4 2 2 5 1723 1728 1722 2471
14059 4 2 2 5 1834 1754 1752 2455
14060 4 2 2 5 1482 1466 1809 1792
14061 4 2 2 5 1707 2449 1702 2480
14062 4 2 2 5 731 732 699 2476
14063 4 2 2 5 655 653 735 2448
14064 4 2 2 5 1496 1498 1493 1861
14065 4 2 2 5 1880 1843 1879 2447
14066 4 2 2 5 1884 2450 1847 2487
14067 4 2 2 5 723 722 81 2483
14068 4 2 2 5 681 1721 694 1808
14069 4 2 2 5 733 2444 75 2470
14070 4 2 2 5 122 899 123 2463
14071 4 2 2 5 1688 1687 1677 2473
14072 4 2 2 5 898 899 122 2463
14073 4 2 2 5 1886 2464 1738 2474
14074 4 2 2 5 1687 239 1750 1842
14075 4 2 2 5 880 1802 914 1745
14076 4 2 2 5 1870 885 1767 892
14077 4 2 2 5 1694 1696 1698 2442
14078 4 2 2 5 696 698 697 2445
14079 4 2 2 5 1708 1699 1698 2454
14080 4 2 2 5 677 666 79 2468
14081 4 2 2 5 1480 1472 80 2483
14082 4 2 2 5 695 2446 716 2494
14083 4 2 2 5 1707 1711 1700 2449
14084 4 2 2 5 1464 1489 1460 1724
14085 4 2 2 5 681 694 755 1808
14086 4 2 2 5 1469 1492 1677 2473
14087 4 2 2 5 2447 2469 2431 2479
14088 4 2 2 5 670 1720 671 669
14089 4 2 2 5 1697 1685 1698 2454
14090 4 2 2 5 697 705 2445 2464
14091 4 2 2 5 1472 1471 78 2467
14092 4 2 2 5 1480 2466 2456 2483
14093 4 2 2 5 1838 1847 1839 2477
14094 4 2 2 5 76 1494 75 2444
14095 4 2 2 5 1677 1492 1688 2473
14096 4 2 2 5 1815 1763 1814 2465
14097 4 2 2 5 1799 1735 1732 907
14098 4 2 2 5 1682 1681 1695 2438
14099 4 2 2 5 1776 72 1819 1778
14100 4 2 2 5 755 1721 681 1808
14101 4 2 2 5 717 917 120 2469
14102 4 2 2 5 118 738 2460 2469
14103 4 2 2 5 1868 1848 1838 2449
14104 4 2 2 5 77 731 715 2467
14105 4 2 2 5 120 888 121 2479
14106 4 2 2 5 690 2458 695 2492
14107 4 2 2 5 1712 1689 1706 2453
14108 4 2 2 5 894 910 897 2461
14109 4 2 2 5 1698 2442 1696 2485
14110 4 2 2 5 698 746 697 2457
14111 4 2 2 5 1490 207 1697 1484
14112 4 2 2 5 1475 1495 1471 2441
14113 4 2 2 5 1704 910 1678 2461
14114 4 2 2 5 656 659 1771 721
14115 4 2 2 5 649 651 735 2472
14116 4 2 2 5 1721 694 1840 681
14117 4 2 2 5 208 1479 1709 1686
14118 4 2 2 5 690 693 752 2458
14119 4 2 2 5 1483 1465 1809 1466
14120 4 2 2 5 1459 1461 1760 1460
14121 4 2 2 5 1782 692 1783 1808
14122 4 2 2 5 1690 240 1842 1849
14123 4 2 2 5 755 694 692 1808
14124 4 2 2 5 1742 1744 1757 2462
14125 4 2 2 5 246 1679 1678 1733
14126 4 2 2 5 756 751 753 2481
14127 4 2 2 5 690 693 2458 2474
14128 4 2 2 5 732 733 744 2444
14129 4 2 2 5 721 1771 1747 1776
14130 4 2 2 5 1709 1479 208 1490
14131 4 2 2 5 1836 1853 663 1813
14132 4 2 2 5 1874 2443 2478 2487
14133 4 2 2 5 902 124 123 650
14134 4 2 2 5 1873 1834 1849 2455
14135 4 2 2 5 123 650 649 2472
14136 4 2 2 5 1812 674 1780 1811
14137 4 2 2 5 732 2457 698 2476
14138 4 2 2 5 706 49 707 1828
14139 4 2 2 5 1850 1849 1690 2453
14140 4 2 2 5 1700 1702 1707 2449
14141 4 2 2 5 1785 1864 1863 2457
14142 4 2 2 5 1748 656 1747 669
14143 4 2 2 5 1840 694 1721 1808
14144 4 2 2 5 1841 1763 1764 2465
14145 4 2 2 5 723 666 668 2483
14146 4 2 2 5 1749 670 1748 1720
14147 4 2 2 5 1774 1816 1773 2490
14148 4 2 2 5 1489 1756 1724 1723
14149 4 2 2 5 885 1846 1845 1767
14150 4 2 2 5 1882 1797 1758 2458
14151 4 2 2 5 1785 1877 1865 2457
14152 4 2 2 5 116 751 758 2481
14153 4 2 2 5 1732 909 1799 907
14154 4 2 2 5 1677 239 1750 1687
14155 4 2 2 5 1701 242 1786 1858
14156 4 2 2 5 1862 2459 1855 2493
14157 4 2 2 5 2456 2466 2427 2483
14158 4 2 2 5 1700 1868 243 1858
14159 4 2 2 5 1879 1843 1757 2460
14160 4 2 2 5 656 1747 669 721
14161 4 2 2 5 1886 1738 1739 2474
14162 4 2 2 5 1853 663 1813 662
14163 4 2 2 5 1845 1853 720 1870
14164 4 2 2 5 1470 1480 1477 2456
14165 4 2 2 5 689 697 705 2445
14166 4 2 2 5 882 896 893 2484
14167 4 2 2 5 1695 1703 1682 2438
14168 4 2 2 5 243 1701 1700 1858
14169 4 2 2 5 1874 2478 1884 2487
14170 4 2 2 5 733 732 76 2444
14171 4 2 2 5 1819 1771 659 1776
14172 4 2 2 5 1812 1853 662 675
14173 4 2 2 5 71 1827 1819 1778
14174 4 2 2 5 1884 1775 1773 2490
14175 4 2 2 5 77 715 1499 2467
14176 4 2 2 5 662 1853 720 675
14177 4 2 2 5 748 74 757 2470
14178 4 2 2 5 1708 1689 1699 2485
14179 4 2 2 5 1857 1875 1872 2470
14180 4 2 2 5 1870 1853 720 1836
14181 4 2 2 5 1742 1744 2462 2481
14182 4 2 2 5 1708 2454 1698 2485
14183 4 2 2 5 1800 1802 877 1867
14184 4 2 2 5 739 716 695 2446
14185 4 2 2 5 1848 1868 244 1711
14186 4 2 2 5 2456 2427 2468 2483
14187 4 2 2 5 1489 1756 1491 1724
14188 4 2 2 5 238 1750 1726 1677
14189 4 2 2 5 698 732 744 2457
14190 4 2 2 5 915 118 912 2460
14191 4 2 2 5 653 655 654 2451
14192 4 2 2 5 1700 244 1868 1711
14193 4 2 2 5 746 698 744 2457
14194 4 2 2 5 1856 1855 1862 2459
14195 4 2 2 5 733 76 75 2444
14196 4 2 2 5 1697 1709 207 1490
14197 4 2 2 5 690 2474 2458 2492
14198 4 2 2 5 1683 908 141 897
14199 4 2 2 5 1499 715 78 2467
14200 4 2 2 5 238 1726 1675 1677
14201 4 2 2 5 696 697 689 2445
14202 4 2 2 5 1796 674 687 676
14203 4 2 2 5 744 733 748 2475
14204 4 2 2 5 699 678 714 2482
14205 4 2 2 5 666 2468 668 2483
14206 4 2 2 5 677 78 715 2467
14207 4 2 2 5 692 1783 1780 1782
14208 4 2 2 5 1870 113 114 892
14209 4 2 2 5 1870 720 728 1836
14210 4 2 2 5 1819 72 71 1778
14211 4 2 2 5 703 69 60 1737
14212 4 2 2 5 877 1802 914 880
14213 4 2 2 5 1809 1777 1798 1465
14214 4 2 2 5 1476 1464 1475 2471
14215 4 2 2 5 1747 656 1771 721
14216 4 2 2 5 909 878 1799 907
14217 4 2 2 5 1732 1735 1869 907
14218 4 2 2 5 1477 1480 1479 2466
14219 4 2 2 5 1801 1679 246 1733
14220 4 2 2 5 649 122 123 2463
14221 4 2 2 5 694 1840 1783 1808
14222 4 2 2 5 1690 1712 1850 2453
14223 4 2 2 5 119 917 717 2469
14224 4 2 2 5 1874 1807 1880 2478
14225 4 2 2 5 1683 141 908 1682
14226 4 2 2 5 1708 1706 1689 2485
14227 4 2 2 5 1469 1478 1492 2473
14228 4 2 2 5 1496 1461 1463 1790
14229 4 2 2 5 1865 1886 1719 2464
14230 4 2 2 5 897 140 1683 1704
14231 4 2 2 5 1476 1478 1489 2473
14232 4 2 2 5 1831 901 905 1830
14233 4 2 2 5 1698 1696 1708 2485
14234 4 2 2 5 1496 1497 1495 2459
14235 4 2 2 5 1687 1690 240 1842
14236 4 2 2 5 1494 1497 1496 2459
14237 4 2 2 5 723 81 1481 2483
14238 4 2 2 5 725 651 664 2491
14239 4 2 2 5 1685 1684 1710 2491
14240 4 2 2 5 1679 1680 1678 2461
14241 4 2 2 5 652 654 718 2486
14242 4 2 2 5 1738 1886 1865 2464
14243 4 2 2 5 757 74 73 1483
14244 4 2 2 5 744 745 746 2475
14245 4 2 2 5 1460 1489 1491 1724
14246 4 2 2 5 677 667 666 2468
14247 4 2 2 5 1734 2461 1735 2484
14248 4 2 2 5 1876 1743 1852 2488
14249 4 2 2 5 900 116 115 758
14250 4 2 2 5 1675 1725 1469 1726
14251 4 2 2 5 1488 1792 1493 1794
14252 4 2 2 5 2427 2466 2454 2483
14253 4 2 2 5 1496 1463 1498 1861
14254 4 2 2 5 1870 720 114 728
14255 4 2 2 5 1489 1756 1723 1726
14256 4 2 2 5 752 693 743 2488
14257 4 2 2 5 1704 1678 1680 2461
14258 4 2 2 5 712 705 2464 2474
14259 4 2 2 5 663 1853 720 662
14260 4 2 2 5 1483 74 1482 2470
14261 4 2 2 5 716 738 717 2469
14262 4 2 2 5 1790 1835 1463 1861
14263 4 2 2 5 1493 1793 1488 1794
14264 4 2 2 5 1481 2466 1480 2483
14265 4 2 2 5 901 884 905 1830
14266 4 2 2 5 1885 1872 1875 2493
14267 4 2 2 5 1678 247 1869 1676
14268 4 2 2 5 1842 1728 1750 2473
14269 4 2 2 5 1864 1785 1865 2457
14270 4 2 2 5 884 1846 885 883
14271 4 2 2 5 676 687 1796 1780
14272 4 2 2 5 1742 1743 1744 2481
14273 4 2 2 5 729 72 71 1819
14274 4 2 2 5 649 653 652 2463
14275 4 2 2 5 1807 1803 1843 2447
14276 4 2 2 5 1870 114 113 728
14277 4 2 2 5 1678 247 1733 1869
14278 4 2 2 5 1783 688 694 692
14279 4 2 2 5 668 666 667 2468
14280 4 2 2 5 656 1748 670 669
14281 4 2 2 5 1855 1856 1762 2459
14282 4 2 2 5 704 1736 59 1821
14283 4 2 2 5 1734 1733 1735 2461
14284 4 2 2 5 1786 1873 1850 2453
14285 4 2 2 5 1873 1787 1834 2455
14286 4 2 2 5 1465 1798 1809 1466
14287 4 2 2 5 1792 1488 1793 1794
14288 4 2 2 5 1759 1807 1874 2443
14289 4 2 2 5 1757 1843 1844 2460
14290 4 2 2 5 52 51 737 1718
14291 4 2 2 5 695 690 752 2458
14292 4 2 2 5 1787 1754 1834 2455
14293 4 2 2 5 1874 1880 1884 2478
14294 4 2 2 5 691 690 695 2492
14295 4 2 2 5 1767 1768 1870 892
14296 4 2 2 5 694 682 1840 681
14297 4 2 2 5 1843 1880 1807 2447
14298 4 2 2 5 1772 1774 1773 2490
14299 4 2 2 5 1884 1839 1847 2450
14300 4 2 2 5 118 915 119 2469
14301 4 2 2 5 888 120 889 2479
14302 4 2 2 5 890 888 889 2479
14303 4 2 2 5 1871 1872 1864 2475
14304 4 2 2 5 1793 1493 1498 1794
14305 4 2 2 5 1792 1466 1809 1854
14306 4 2 2 5 916 880 914 1745
14307 4 2 2 5 1862 1855 1885 2493
14308 4 2 2 5 1887 1839 1884 2450
14309 4 2 2 5 742 736 55 1714
14310 4 2 2 5 1805 1734 1874 2487
14311 4 2 2 5 685 701 2486 2494
14312 4 2 2 5 1675 1725 1468 1469
14313 4 2 2 5 1696 1694 1695 2480
14314 4 2 2 5 1846 884 1851 883
14315 4 2 2 5 1781 688 694 1783
14316 4 2 2 5 1857 1872 1871 2470
14317 4 2 2 5 1685 1710 1698 2491
14318 4 2 2 5 1796 674 676 1780
14319 4 2 2 5 1471 1499 78 2467
14320 4 2 2 5 886 1869 907 904
14321 4 2 2 5 1869 1732 907 904
14322 4 2 2 5 668 655 735 2448
14323 4 2 2 5 904 886 1869 1731
14324 4 2 2 5 1814 1763 1841 2465
14325 4 2 2 5 1708 1696 1706 2485
14326 4 2 2 5 1881 57 1823 734
14327 4 2 2 5 1488 1792 1482 1493
14328 4 2 2 5 1874 1884 1847 2487
14329 4 2 2 5 1712 1690 1689 2453
14330 4 2 2 5 1801 1733 1734 2461
14331 4 2 2 5 80 1481 1480 2483
14332 4 2 2 5 53 1817 749 1837
14333 4 2 2 5 889 120 917 2479
14334 4 2 2 5 1489 1478 1469 2473
14335 4 2 2 5 1725 1486 1469 1726
14336 4 2 2 5 737 51 1751 1718
14337 4 2 2 5 756 753 743 2488
14338 4 2 2 5 242 1786 1850 1712
14339 4 2 2 5 691 695 716 2494
14340 4 2 2 5 753 750 739 2462
14341 4 2 2 5 662 1813 1853 1812
14342 4 2 2 5 50 1828 706 1824
14343 4 2 2 5 1697 1698 1699 2454
14344 4 2 2 5 1871 1727 1860 2475
14345 4 2 2 5 1678 910 139 886
14346 4 2 2 5 1492 209 1688 1686
14347 4 2 2 5 1695 1707 1702 2480
14348 4 2 2 5 1685 713 1684 2491
14349 4 2 2 5 1835 1498 1463 1861
14350 4 2 2 5 680 712 705 2464
14351 4 2 2 5 1859 1870 113 728
14352 4 2 2 5 1838 1839 1788 2477
14353 4 2 2 5 1750 1728 1723 2473
14354 4 2 2 5 1882 1883 1797 2458
14355 4 2 2 5 140 897 910 1704
14356 4 2 2 5 1771 1769 1819 659
14357 4 2 2 5 74 748 733 2470
14358 4 2 2 5 736 1881 56 1714
14359 4 2 2 5 1794 1498 1793 1861
14360 4 2 2 5 1830 884 1851 1846
14361 4 2 2 5 1479 1480 1490 2466
14362 4 2 2 5 1489 1469 1486 1726
14363 4 2 2 5 1731 886 1869 1676
14364 4 2 2 5 729 1819 1769 659
14365 4 2 2 5 122 649 719 2463
14366 4 2 2 5 653 654 652 2451
14367 4 2 2 5 917 119 915 2469
14368 4 2 2 5 744 748 747 2475
14369 4 2 2 5 715 699 714 2482
14370 4 2 2 5 1756 1489 1486 1726
14371 4 2 2 5 1748 656 1771 1747
14372 4 2 2 5 1490 1480 1481 2466
14373 4 2 2 5 1760 1820 1461 1790
14374 4 2 2 5 209 1492 1479 1686
14375 4 2 2 5 1690 240 1849 1850
14376 4 2 2 5 902 142 1692 1682
14377 4 2 2 5 662 674 1812 675
14378 4 2 2 5 723 80 666 2483
14379 4 2 2 5 80 723 1481 2483
14380 4 2 2 5 1690 240 1850 241
14381 4 2 2 5 1829 726 71 1819
14382 4 2 2 5 1796 674 1780 1812
14383 4 2 2 5 712 693 705 2474
14384 4 2 2 5 649 650 651 2472
14385 4 2 2 5 672 683 682 1749
14386 4 2 2 5 663 661 1813 662
14387 4 2 2 5 1738 1740 1739 2474
14388 4 2 2 5 705 2474 690 2492
14389 4 2 2 5 1677 1469 210 1492
14390 4 2 2 5 1792 1482 1466 1488
14391 4 2 2 5 1773 1775 1772 2490
14392 4 2 2 5 719 649 652 2463
14393 4 2 2 5 1485 1482 74 2470
14394 4 2 2 5 1769 657 729 659
14395 4 2 2 5 1472 1480 1470 2456
14396 4 2 2 5 683 1748 1770 1749
14397 4 2 2 5 1766 1813 661 662
14398 4 2 2 5 1771 1770 656 1748
14399 4 2 2 5 751 756 758 2481
14400 4 2 2 5 683 670 1748 1749
14401 4 2 2 5 694 1840 1781 1783
14402 4 2 2 5 694 741 688 1781
14403 4 2 2 5 737 51 711 1751
14404 4 2 2 5 241 1850 1690 1712
14405 4 2 2 5 118 119 738 2469
14406 4 2 2 5 691 689 690 2492
14407 4 2 2 5 882 907 896 2484
14408 4 2 2 5 685 691 701 2494
14409 4 2 2 5 55 736 56 1714
14410 4 2 2 5 894 896 907 2484
14411 4 2 2 5 1882 1744 1743 2488
14412 4 2 2 5 72 1778 1465 1473
14413 4 2 2 5 1486 1468 1725 1469
14414 4 2 2 5 665 124 8 1692
14415 4 2 2 5 78 79 1472 677
14416 4 2 2 5 1697 207 206 1484
14417 4 2 2 5 1727 1871 1864 2475
14418 4 2 2 5 1826 1836 663 1813
14419 4 2 2 5 674 1796 1766 1812
14420 4 2 2 5 1852 1743 1741 2481
14421 4 2 2 5 741 694 1840 1781
14422 4 2 2 5 657 1818 729 709
14423 4 2 2 5 698 696 699 2476
14424 4 2 2 5 1875 1794 1862 2493
14425 4 2 2 5 143 124 902 1692
14426 4 2 2 5 1854 1792 1466 1488
14427 4 2 2 5 1695 1702 1696 2480
14428 4 2 2 5 697 746 680 2464
14429 4 2 2 5 1780 688 687 1779
14430 4 2 2 5 690 705 693 2474
14431 4 2 2 5 1798 1465 1467 1466
14432 4 2 2 5 705 697 680 2464
14433 4 2 2 5 1499 77 78 715
14434 4 2 2 5 1806 1741 1742 2481
14435 4 2 2 5 1766 1813 662 1812
14436 4 2 2 5 753 752 743 2488
14437 4 2 2 5 886 138 1678 1676
14438 4 2 2 5 242 1701 243 1858
14439 4 2 2 5 1746 684 682 741
14440 4 2 2 5 1485 1494 1493 2493
14441 4 2 2 5 1781 1780 688 1783
14442 4 2 2 5 728 1859 1870 1836
14443 4 2 2 5 718 654 685 2486
14444 4 2 2 5 1850 1873 1849 2453
14445 4 2 2 5 676 688 687 1780
14446 4 2 2 5 729 1819 1818 1769
14447 4 2 2 5 119 120 717 917
14448 4 2 2 5 670 1748 1770 683
14449 4 2 2 5 733 75 74 2470
14450 4 2 2 5 670 683 672 1749
14451 4 2 2 5 744 747 745 2475
14452 4 2 2 5 1688 1677 210 1492
14453 4 2 2 5 1678 139 138 886
14454 4 2 2 5 1766 660 1796 674
14455 4 2 2 5 1767 885 1846 883
14456 4 2 2 5 1743 1742 1741 2481
14457 4 2 2 5 1717 1796 687 686
14458 4 2 2 5 1777 1778 1798 1465
14459 4 2 2 5 74 75 1485 2470
14460 4 2 2 5 1881 702 1770 1746
14461 4 2 2 5 728 727 1859 1825
14462 4 2 2 5 1827 1829 71 1819
14463 4 2 2 5 49 111 707 1828
14464 4 2 2 5 1833 911 916 905
14465 4 2 2 5 701 718 685 2486
14466 4 2 2 5 1799 1759 1735 2484
14467 4 2 2 5 1729 1802 880 1745
14468 4 2 2 5 1840 1746 682 741
14469 4 2 2 5 683 1746 682 1749
14470 4 2 2 5 1755 1491 1756 1724
14471 4 2 2 5 657 729 1818 1769
14472 4 2 2 5 902 142 143 1692
14473 4 2 2 5 1479 208 209 1686
14474 4 2 2 5 728 710 1825 661
14475 4 2 2 5 1678 247 246 1733
14476 4 2 2 5 687 1796 1780 1779
14477 4 2 2 5 710 1825 661 1826
14478 4 2 2 5 729 71 726 1819
14479 4 2 2 5 1770 658 1771 656
14480 4 2 2 5 1704 910 139 1678
14481 4 2 2 5 662 674 1766 1812
14482 4 2 2 5 211 1675 1469 1677
14483 4 2 2 5 683 1770 702 1746
14484 4 2 2 5 694 1840 682 741
14485 4 2 2 5 1466 1798 1809 1854
14486 4 2 2 5 1825 1836 728 1826
14487 4 2 2 5 1770 656 1748 670
14488 4 2 2 5 661 1825 728 1826
14489 4 2 2 5 1876 1882 1743 2488
14490 4 2 2 5 660 1766 661 662
14491 4 2 2 5 80 81 1481 723
14492 4 2 2 5 891 126 127 1859
14493 4 2 2 5 700 685 679 2489
14494 4 2 2 5 1461 1820 1463 1790
14495 4 2 2 5 891 892 113 1859
14496 4 2 2 5 1469 210 211 1677
14497 4 2 2 5 208 207 1709 1490
14498 4 2 2 5 1779 1780 688 1781
14499 4 2 2 5 699 732 698 2476
14500 4 2 2 5 916 1730 1833 905
14501 4 2 2 5 141 140 1683 897
14502 4 2 2 5 1867 133 1729 881
14503 4 2 2 5 111 49 1795 1828
14504 4 2 2 5 1818 657 1769 709
14505 4 2 2 5 909 1799 1822 1732
14506 4 2 2 5 1740 1738 1883 2474
14507 4 2 2 5 1768 892 891 1859
14508 4 2 2 5 1759 1734 1735 2484
14509 4 2 2 5 663 661 1826 1813
14510 4 2 2 5 708 1823 734 658
14511 4 2 2 5 1746 683 1770 1749
14512 4 2 2 5 1869 1732 904 1731
14513 4 2 2 5 1493 1488 1793 1498
14514 4 2 2 5 881 133 1729 880
14515 4 2 2 5 707 111 1795 1828
14516 4 2 2 5 1881 702 1823 1770
14517 4 2 2 5 886 904 887 1731
14518 4 2 2 5 1854 1466 1798 1487
14519 4 2 2 5 1819 1829 726 1818
14520 4 2 2 5 142 902 908 1682
14521 4 2 2 5 1731 887 886 1676
14522 4 2 2 5 119 717 738 2469
14523 4 2 2 5 725 664 713 2491
14524 4 2 2 5 1736 59 60 704
14525 4 2 2 5 1766 660 674 662
14526 4 2 2 5 1799 878 1822 1867
14527 4 2 2 5 113 727 1859 728
14528 4 2 2 5 1488 1791 1792 1793
14529 4 2 2 5 726 729 1818 709
14530 4 2 2 5 54 749 740 1837
14531 4 2 2 5 1867 1802 877 880
14532 4 2 2 5 1460 1755 1760 1724
14533 4 2 2 5 1789 1788 1839 2477
14534 4 2 2 5 1766 661 1716 759
14535 4 2 2 5 1836 728 1859 1825
14536 4 2 2 5 71 1474 1829 1827
14537 4 2 2 5 1462 1760 1461 1460
14538 4 2 2 5 238 239 1750 1677
14539 4 2 2 5 701 691 716 2494
14540 4 2 2 5 1491 1755 1460 1724
14541 4 2 2 5 905 1730 1833 1831
14542 4 2 2 5 1847 1805 1874 2487
14543 4 2 2 5 1829 1810 726 1818
14544 4 2 2 5 881 1729 1867 880
14545 4 2 2 5 1468 212 1675 1469
14546 4 2 2 5 678 700 679 2489
14547 4 2 2 5 660 1796 674 687
14548 4 2 2 5 1771 1769 658 1770
14549 4 2 2 5 237 1725 1675 1726
14550 4 2 2 5 1462 1760 1820 1461
14551 4 2 2 5 1859 891 126 1804
14552 4 2 2 5 71 1474 726 1829
14553 4 2 2 5 8 665 1692 1693
14554 4 2 2 5 1486 1489 1756 1491
14555 4 2 2 5 1867 878 1822 881
14556 4 2 2 5 1819 726 729 1818
14557 4 2 2 5 1488 218 219 1791
14558 4 2 2 5 1760 1462 1755 1460
14559 4 2 2 5 713 722 725 2491
14560 4 2 2 5 661 1766 660 759
14561 4 2 2 5 239 1687 240 1842
14562 4 2 2 5 124 143 8 1692
14563 4 2 2 5 741 1840 1746 1713
14564 4 2 2 5 1467 1798 221 1473
14565 4 2 2 5 754 688 741 1781
14566 4 2 2 5 1466 1467 1798 1487
14567 4 2 2 5 1717 687 660 686
14568 4 2 2 5 137 886 887 1676
14569 4 2 2 5 907 1732 909 904
14570 4 2 2 5 112 126 891 1804
14571 4 2 2 5 702 683 1746 684
14572 4 2 2 5 1796 687 686 1779
14573 4 2 2 5 245 1848 244 1711
14574 4 2 2 5 1488 1498 218 1793
14575 4 2 2 5 1868 244 1700 243
14576 4 2 2 5 1746 682 1749 1840
14577 4 2 2 5 1675 237 1726 238
14578 4 2 2 5 683 1746 684 682
14579 4 2 2 5 131 916 905 1730
14580 4 2 2 5 1729 1802 1867 880
14581 4 2 2 5 728 710 727 1825
14582 4 2 2 5 206 82 5 1685
14583 4 2 2 5 1862 1885 1875 2493
14584 4 2 2 5 727 891 113 1859
14585 4 2 2 5 660 1796 687 1717
14586 4 2 2 5 241 242 1850 1712
14587 4 2 2 5 661 1826 1813 1766
14588 4 2 2 5 916 1729 880 1745
14589 4 2 2 5 711 1824 710 1826
14590 4 2 2 5 212 211 1675 1469
14591 4 2 2 5 665 8 67 1693
14592 4 2 2 5 1822 878 1799 909
14593 4 2 2 5 754 1779 688 1781
14594 4 2 2 5 703 1737 60 704
14595 4 2 2 5 742 741 684 1713
14596 4 2 2 5 1463 216 217 1835
14597 4 2 2 5 71 1474 1827 1473
14598 4 2 2 5 705 690 689 2492
14599 4 2 2 5 711 710 661 1826
14600 4 2 2 5 686 1717 1796 1779
14601 4 2 2 5 1835 1793 1498 1861
14602 4 2 2 5 1798 1778 221 1473
14603 4 2 2 5 1713 741 1840 1781
14604 4 2 2 5 713 68 1684 730
14605 4 2 2 5 726 1474 70 1829
14606 4 2 2 5 1767 129 128 883
14607 4 2 2 5 1486 1725 1756 1726
14608 4 2 2 5 670 1770 658 683
14609 4 2 2 5 1859 112 891 1804
14610 4 2 2 5 1675 1725 237 1468
14611 4 2 2 5 224 69 70 1810
14612 4 2 2 5 1767 1846 1851 883
14613 4 2 2 5 1746 684 741 1713
14614 4 2 2 5 1792 1854 1791 1488
14615 4 2 2 5 1867 877 878 881
14616 4 2 2 5 1474 70 71 726
14617 4 2 2 5 891 113 112 727
14618 4 2 2 5 656 1770 658 670
14619 4 2 2 5 218 1791 1488 1793
14620 4 2 2 5 1487 1854 1466 1488
14621 4 2 2 5 1685 82 5 713
14622 4 2 2 5 1851 130 906 1831
14623 4 2 2 5 880 132 133 1729
14624 4 2 2 5 1825 710 1824 1826
14625 4 2 2 5 727 112 891 1859
14626 4 2 2 5 1713 1779 754 1781
14627 4 2 2 5 134 133 1867 881
14628 4 2 2 5 131 1730 905 1831
14629 4 2 2 5 661 1716 711 1826
14630 4 2 2 5 741 1713 754 1781
14631 4 2 2 5 1835 1463 1820 1790
14632 4 2 2 5 660 1766 1716 759
14633 4 2 2 5 1767 885 883 892
14634 4 2 2 5 1824 711 1716 1826
14635 4 2 2 5 1823 702 1881 734
14636 4 2 2 5 688 686 687 1779
14637 4 2 2 5 1462 216 1463 1820
14638 4 2 2 5 1731 247 248 1676
14639 4 2 2 5 737 1751 711 759
14640 4 2 2 5 68 1684 1685 713
14641 4 2 2 5 1746 742 1713 1714
14642 4 2 2 5 661 711 1716 759
14643 4 2 2 5 1767 1851 129 883
14644 4 2 2 5 883 128 1767 892
14645 4 2 2 5 1731 137 887 1676
14646 4 2 2 5 1767 128 1768 892
14647 4 2 2 5 213 214 1486 1756
14648 4 2 2 5 1823 57 58 734
14649 4 2 2 5 881 1867 877 880
14650 4 2 2 5 1731 1869 247 1676
14651 4 2 2 5 724 1717 660 686
14652 4 2 2 5 136 135 1732 904
14653 4 2 2 5 684 1746 742 1713
14654 4 2 2 5 904 1732 136 1731
14655 4 2 2 5 726 70 1810 1829
14656 4 2 2 5 125 112 111 1795
14657 4 2 2 5 127 1768 891 1859
14658 4 2 2 5 1837 1817 749 1779
14659 4 2 2 5 1491 1756 214 1755
14660 4 2 2 5 709 1769 1818 1821
14661 4 2 2 5 1778 1827 221 1473
14662 4 2 2 5 886 137 138 1676
14663 4 2 2 5 237 212 1675 1468
14664 4 2 2 5 1804 1859 727 1825
14665 4 2 2 5 1795 126 112 1804
14666 4 2 2 5 916 131 132 1730
14667 4 2 2 5 1779 688 686 754
14668 4 2 2 5 658 1823 702 1770
14669 4 2 2 5 1462 215 216 1820
14670 4 2 2 5 1736 60 1737 704
14671 4 2 2 5 1737 703 1736 704
14672 4 2 2 5 70 223 224 1810
14673 4 2 2 5 60 69 1 1737
14674 4 2 2 5 1823 58 708 734
14675 4 2 2 5 1859 727 112 1804
14676 4 2 2 5 1462 215 1820 1755
14677 4 2 2 5 218 1498 217 1793
14678 4 2 2 5 216 1463 1820 1835
14679 4 2 2 5 1854 1798 220 1487
14680 4 2 2 5 916 1730 1745 1833
14681 4 2 2 5 709 1818 1736 1821
14682 4 2 2 5 1826 661 1716 1766
14683 4 2 2 5 125 126 112 1795
14684 4 2 2 5 1487 219 1854 1791
14685 4 2 2 5 1823 708 657 658
14686 4 2 2 5 1801 1679 245 246
14687 4 2 2 5 660 737 1718 724
14688 4 2 2 5 684 1746 736 1714
14689 4 2 2 5 1817 1717 724 686
14690 4 2 2 5 887 136 12 1731
14691 4 2 2 5 1817 1717 686 1779
14692 4 2 2 5 141 142 908 1682
14693 4 2 2 5 1804 710 1824 1825
14694 4 2 2 5 660 737 759 1718
14695 4 2 2 5 1486 1725 213 1756
14696 4 2 2 5 726 1810 703 1818
14697 4 2 2 5 1791 1487 219 1488
14698 4 2 2 5 710 1804 727 1825
14699 4 2 2 5 1729 916 1730 1745
14700 4 2 2 5 1820 1760 1462 1755
14701 4 2 2 5 759 1716 660 1717
14702 4 2 2 5 129 130 906 1851
14703 4 2 2 5 658 1769 1823 1770
14704 4 2 2 5 1854 220 219 1487
14705 4 2 2 5 1467 220 1798 1487
14706 4 2 2 5 217 1793 1498 1835
14707 4 2 2 5 5 68 1685 713
14708 4 2 2 5 749 54 53 1837
14709 4 2 2 5 1881 702 1746 684
14710 4 2 2 5 221 220 1798 1467
14711 4 2 2 5 214 215 1491 1755
14712 4 2 2 5 1854 1487 1791 1488
14713 4 2 2 5 1768 128 127 892
14714 4 2 2 5 1463 217 1498 1835
14715 4 2 2 5 1820 1463 1462 1461
14716 4 2 2 5 1716 1766 660 1717
14717 4 2 2 5 909 1822 878 881
14718 4 2 2 5 127 1768 892 891
14719 4 2 2 5 740 1837 1713 1715
14720 4 2 2 5 736 1746 1881 1714
14721 4 2 2 5 1779 740 1713 754
14722 4 2 2 5 880 132 1729 916
14723 4 2 2 5 702 658 1770 683
14724 4 2 2 5 709 1736 704 1821
14725 4 2 2 5 237 1725 9 1468
14726 4 2 2 5 742 1713 1714 1715
14727 4 2 2 5 50 1824 711 1751
14728 4 2 2 5 686 749 1817 1779
14729 4 2 2 5 906 1851 884 883
14730 4 2 2 5 905 130 131 1831
14731 4 2 2 5 686 740 1779 754
14732 4 2 2 5 1716 711 1824 1751
14733 4 2 2 5 58 59 1821 708
14734 4 2 2 5 130 905 906 1831
14735 4 2 2 5 1824 706 50 711
14736 4 2 2 5 1867 1822 134 881
14737 4 2 2 5 734 702 1881 736
14738 4 2 2 5 711 51 50 1751
14739 4 2 2 5 222 223 1474 1829
14740 4 2 2 5 1824 710 706 711
14741 4 2 2 5 52 53 1817 724
14742 4 2 2 5 1491 215 1462 1755
14743 4 2 2 5 57 736 734 1881
14744 4 2 2 5 708 1821 58 1823
14745 4 2 2 5 1837 686 749 740
14746 4 2 2 5 1713 742 741 740
14747 4 2 2 5 734 1823 702 658
14748 4 2 2 5 1714 55 742 1715
14749 4 2 2 5 1817 1718 52 724
14750 4 2 2 5 49 4 111 1795
14751 4 2 2 5 1804 707 1828 1824
14752 4 2 2 5 740 1713 1837 1779
14753 4 2 2 5 684 1746 1881 736
14754 4 2 2 5 1881 702 684 736
14755 4 2 2 5 909 134 1822 881
14756 4 2 2 5 214 1486 1756 1491
14757 4 2 2 5 657 1769 708 1823
14758 4 2 2 5 248 887 12 1731
14759 4 2 2 5 135 134 1822 909
14760 4 2 2 5 887 904 136 1731
14761 4 2 2 5 1716 759 1718 1717
14762 4 2 2 5 657 1769 1823 658
14763 4 2 2 5 736 742 684 1714
14764 4 2 2 5 1725 213 9 1468
14765 4 2 2 5 56 57 1881 736
14766 4 2 2 5 1827 222 221 1473
14767 4 2 2 5 1821 709 1769 708
14768 4 2 2 5 916 132 1729 1730
14769 4 2 2 5 1732 135 909 904
14770 4 2 2 5 707 1804 710 1824
14771 4 2 2 5 909 1822 135 1732
14772 4 2 2 5 1829 1474 222 1827
14773 4 2 2 5 59 704 1821 708
14774 4 2 2 5 70 223 1810 1829
14775 4 2 2 5 1736 703 1810 1818
14776 4 2 2 5 68 67 1684 730
14777 4 2 2 5 1731 248 137 1676
14778 4 2 2 5 224 1 69 1737
14779 4 2 2 5 707 1804 727 710
14780 4 2 2 5 1827 1474 222 1473
14781 4 2 2 5 749 686 1837 1779
14782 4 2 2 5 1746 684 742 1714
14783 4 2 2 5 1717 660 1718 724
14784 4 2 2 5 740 1837 686 1779
14785 4 2 2 5 237 9 212 1468
14786 4 2 2 5 1796 660 1766 1717
14787 4 2 2 5 1817 724 749 686
14788 4 2 2 5 49 50 1828 706
14789 4 2 2 5 54 1837 740 1715
14790 4 2 2 5 223 70 1474 1829
14791 4 2 2 5 887 12 137 248
14792 4 2 2 5 657 1769 709 708
14793 4 2 2 5 70 1810 703 726
14794 4 2 2 5 1462 1491 1755 1460
14795 4 2 2 5 1769 1821 708 1823
14796 4 2 2 5 737 1716 1751 759
14797 4 2 2 5 1688 210 209 1492
14798 4 2 2 5 1818 703 726 709
14799 4 2 2 5 706 1828 707 1824
14800 4 2 2 5 1810 69 70 703
14801 4 2 2 5 1718 759 660 1717
14802 4 2 2 5 910 139 140 1704
14803 4 2 2 5 740 741 1713 754
14804 4 2 2 5 704 709 1821 708
14805 4 2 2 5 710 706 707 1824
14806 4 2 2 5 1795 112 111 707
14807 4 2 2 5 1713 742 740 1715
14808 4 2 2 5 112 1795 1804 707
14809 4 2 2 5 1718 737 52 724
14810 4 2 2 5 125 111 4 1795
14811 4 2 2 5 703 1736 704 709
14812 4 2 2 5 1736 703 1818 709
14813 4 2 2 5 703 1810 1737 1736
14814 4 2 2 5 1851 906 129 883
14815 4 2 2 5 759 737 1716 1718
14816 4 2 2 5 69 224 1737 1810
14817 4 2 2 5 737 1751 1716 1718
14818 4 2 2 5 1810 1737 69 703
14819 4 2 2 5 53 1817 724 749
14820 4 2 2 5 1468 1725 213 1486
14821 4 2 2 5 1804 727 112 707
14822 4 2 2 5 1716 711 1751 759
14823 4 2 2 5 1795 1804 707 1828
14824 4 2 2 5 1718 1817 1717 724
14825 4 2 2 5 248 137 887 1731
14826 4 2 2 5 2439 1765 2445 1878
14827 4 2 2 5 2439 2445 1765 2434
14828 4 2 2 5 2468 2467 2482 2429
14829 4 2 2 5 2468 2482 2467 677
14830 4 2 2 5 2438 1692 1682 902
14831 4 2 2 5 2438 1682 1692 1703
14832 4 2 2 5 1777 757 1483 1866
14833 4 2 2 5 1777 1483 757 73
14834 4 2 2 5 1705 2461 1683 1680
14835 4 2 2 5 1683 2461 1705 2432
14836 4 2 2 5 2459 76 1494 1497
14837 4 2 2 5 2459 1494 76 2444
14838 4 2 2 5 2474 1782 1876 1740
14839 4 2 2 5 2474 1876 1782 693
14840 4 2 2 5 2487 2461 1805 1734
14841 4 2 2 5 2487 1805 2461 2432
14842 4 2 2 5 1477 2473 1479 1478
14843 4 2 2 5 1479 2473 1477 2433
14844 4 2 2 5 2462 738 2446 2460
14845 4 2 2 5 2462 2446 738 739
14846 4 2 2 5 899 2472 902 123
14847 4 2 2 5 902 2472 899 2438
14848 4 2 2 5 673 2488 675 743
14849 4 2 2 5 2489 654 685 679
14850 4 2 2 5 2489 685 654 2486
14851 4 2 2 5 2481 750 753 2462
14852 4 2 2 5 2481 753 750 751
14853 4 2 2 5 903 750 2460 117
14854 4 2 2 5 2460 750 903 2462
14855 4 2 2 5 720 1741 675 1853
14856 4 2 2 5 675 1741 720 758
14857 4 2 2 5 121 2463 122 719
14858 4 2 2 5 122 2463 121 888
14859 4 2 2 5 2466 1709 1697 1490
14860 4 2 2 5 1697 1709 2466 2454
14861 4 2 2 5 1697 1484 2466 1490
14862 4 2 2 5 2466 1484 1697 2454
14863 4 2 2 5 675 1811 2488 673
14864 4 2 2 5 675 2488 1811 1852
14865 4 2 2 5 2482 731 2467 715
14866 4 2 2 5 2482 2467 731 2437
14867 4 2 2 5 2447 889 893 913
14868 4 2 2 5 2447 893 889 2479
14869 4 2 2 5 2491 664 1684 1710
14870 4 2 2 5 1693 664 1684 730
14871 4 2 2 5 1693 1684 664 1710
14872 4 2 2 5 2468 79 2483 666
14873 4 2 2 5 2468 2483 79 1472
14874 4 2 2 5 80 2483 79 666
14875 4 2 2 5 80 79 2483 1472
14876 4 2 2 5 2482 667 678 714
14877 4 2 2 5 2482 678 667 2452
14878 4 2 2 5 1799 879 877 1800
14879 4 2 2 5 877 879 1799 878
14880 4 2 2 5 877 1867 1799 1800
14881 4 2 2 5 1799 1867 877 878
14882 4 2 2 5 1811 674 675 1812
14883 4 2 2 5 675 674 1811 673
14884 4 2 2 5 1801 1711 245 1679
14885 4 2 2 5 245 1711 1801 1848
14886 4 2 2 5 1721 672 682 1749
14887 4 2 2 5 682 672 1721 681
14888 4 2 2 5 682 1840 1721 1749
14889 4 2 2 5 1721 1840 682 681
14890 4 2 2 5 1780 692 688 1783
14891 4 2 2 5 688 692 1780 676
14892 4 2 2 5 71 1778 1473 1827
14893 4 2 2 5 1473 1778 71 72
14894 4 2 2 5 1859 892 1870 1768
14895 4 2 2 5 1859 1870 892 113
14896 4 2 2 5 1832 1833 901 911
14897 4 2 2 5 1832 901 1833 1831
14898 4 2 2 5 905 901 1833 911
14899 4 2 2 5 905 1833 901 1831
14900 4 2 2 5 1830 1851 906 1831
14901 4 2 2 5 906 1851 1830 884
14902 4 2 2 5 906 905 1830 1831
14903 4 2 2 5 1830 905 906 884
14904 4 2 2 5 1826 663 728 661
14905 4 2 2 5 1826 728 663 1836
14906 4 2 2 5 1693 730 67 665
14907 4 2 2 5 1693 67 730 1684
14908 4 2 2 5 1769 659 656 657
14909 4 2 2 5 656 659 1769 1771
14910 4 2 2 5 656 658 1769 657
14911 4 2 2 5 1769 658 656 1771
14912 4 2 2 5 1798 1473 1465 1778
14913 4 2 2 5 1465 1473 1798 1467
14914 4 2 2 5 664 1684 713 2491
14915 4 2 2 5 664 713 1684 730
$EndElements
